RunId,cohere,seed,J_delta,final_time_s,final_residual_deficit,final_normalized_deficit,time_to_90_percent_nominal_service_s,event_episodes,event_episodes_reaching_90_percent_nominal_service,mean_time_to_90_percent_nominal_service_after_event_s
0,0.15,0,0.4297777777777778,600.0,10.0,0.3333333333333333,111.0,0,0,
1,0.25,0,0.42494444444444446,600.0,10.0,0.3333333333333333,142.0,0,0,
2,0.35,0,0.45649999999999996,600.0,10.0,0.3333333333333333,230.0,0,0,
3,0.45,0,0.4676111111111111,600.0,10.0,0.3333333333333333,252.0,0,0,
4,0.6,0,0.48,600.0,11.0,0.3666666666666666,255.0,0,0,
5,0.15,1,0.4239444444444444,600.0,10.0,0.3333333333333333,120.0,0,0,
6,0.25,1,0.4382777777777777,600.0,10.0,0.3333333333333333,123.0,0,0,
7,0.35,1,0.43899999999999995,600.0,11.0,0.3666666666666666,122.0,0,0,
8,0.45,1,0.41188888888888886,600.0,10.0,0.3333333333333333,122.0,0,0,
9,0.6,1,0.43666666666666665,600.0,10.0,0.3333333333333333,122.0,0,0,
10,0.15,2,0.40938888888888886,600.0,10.0,0.3333333333333333,100.0,0,0,
11,0.25,2,0.41244444444444445,600.0,10.0,0.3333333333333333,101.0,0,0,
12,0.35,2,0.4101111111111111,600.0,10.0,0.3333333333333333,101.0,0,0,
13,0.45,2,0.41005555555555556,600.0,10.0,0.3333333333333333,101.0,0,0,
14,0.6,2,0.40944444444444444,600.0,10.0,0.3333333333333333,101.0,0,0,
15,0.15,3,0.4677222222222222,600.0,10.0,0.3333333333333333,227.0,0,0,
16,0.25,3,0.4722777777777777,600.0,11.0,0.3666666666666666,225.0,0,0,
17,0.35,3,0.4613333333333334,600.0,10.0,0.3333333333333333,226.0,0,0,
18,0.45,3,0.46122222222222226,600.0,10.0,0.3333333333333333,315.0,0,0,
19,0.6,3,0.4903333333333333,600.0,11.0,0.3666666666666666,321.0,0,0,
20,0.15,4,0.5333888888888888,600.0,10.0,0.3333333333333333,244.0,0,0,
21,0.25,4,0.5293888888888889,600.0,9.0,0.3,248.0,0,0,
22,0.35,4,0.5248333333333333,600.0,8.0,0.2666666666666666,248.0,0,0,
23,0.45,4,0.5153888888888888,600.0,8.0,0.2666666666666666,248.0,0,0,
24,0.6,4,0.5372222222222222,600.0,9.0,0.3,248.0,0,0,
25,0.15,5,0.4056111111111111,600.0,10.0,0.3333333333333333,112.0,0,0,
26,0.25,5,0.3978333333333333,600.0,10.0,0.3333333333333333,102.0,0,0,
27,0.35,5,0.3977777777777778,600.0,10.0,0.3333333333333333,118.0,0,0,
28,0.45,5,0.39594444444444443,600.0,10.0,0.3333333333333333,119.0,0,0,
29,0.6,5,0.4168888888888888,600.0,11.0,0.3666666666666666,120.0,0,0,
30,0.15,6,0.4953888888888888,600.0,11.0,0.3666666666666666,243.0,0,0,
31,0.25,6,0.48066666666666663,600.0,10.0,0.3333333333333333,222.0,0,0,
32,0.35,6,0.48688888888888887,600.0,10.0,0.3333333333333333,225.0,0,0,
33,0.45,6,0.48677777777777775,600.0,11.0,0.3666666666666666,194.0,0,0,
34,0.6,6,0.4770555555555555,600.0,10.0,0.3333333333333333,237.0,0,0,
35,0.15,7,0.46983333333333327,600.0,11.0,0.3666666666666666,206.0,0,0,
36,0.25,7,0.4478888888888889,600.0,10.0,0.3333333333333333,213.0,0,0,
37,0.35,7,0.4475,600.0,10.0,0.3333333333333333,203.0,0,0,
38,0.45,7,0.4452222222222222,600.0,10.0,0.3333333333333333,211.0,0,0,
39,0.6,7,0.4452222222222222,600.0,10.0,0.3333333333333333,211.0,0,0,
40,0.15,8,0.4535,600.0,10.0,0.3333333333333333,202.0,0,0,
41,0.25,8,0.48144444444444445,600.0,10.0,0.3333333333333333,339.0,0,0,
42,0.35,8,0.4746666666666667,600.0,11.0,0.3666666666666666,175.0,0,0,
43,0.45,8,0.4449444444444444,600.0,10.0,0.3333333333333333,204.0,0,0,
44,0.6,8,0.4387222222222222,600.0,10.0,0.3333333333333333,153.0,0,0,
45,0.15,9,0.4475,600.0,10.0,0.3333333333333333,139.0,0,0,
46,0.25,9,0.45311111111111113,600.0,10.0,0.3333333333333333,161.0,0,0,
47,0.35,9,0.4528888888888889,600.0,10.0,0.3333333333333333,160.0,0,0,
48,0.45,9,0.4472777777777778,600.0,10.0,0.3333333333333333,139.0,0,0,
49,0.6,9,0.4542222222222222,600.0,10.0,0.3333333333333333,180.0,0,0,
50,0.15,10,0.4759999999999999,600.0,10.0,0.3333333333333333,236.0,0,0,
51,0.25,10,0.4945,600.0,11.0,0.3666666666666666,205.0,0,0,
52,0.35,10,0.4877222222222222,600.0,10.0,0.3333333333333333,248.0,0,0,
53,0.45,10,0.5167777777777778,600.0,10.0,0.3333333333333333,533.0,0,0,
54,0.6,10,0.465,600.0,10.0,0.3333333333333333,217.0,0,0,
55,0.15,11,0.4037222222222222,600.0,10.0,0.3333333333333333,127.0,0,0,
56,0.25,11,0.39577777777777773,600.0,10.0,0.3333333333333333,132.0,0,0,
57,0.35,11,0.3987222222222222,600.0,10.0,0.3333333333333333,130.0,0,0,
58,0.45,11,0.39549999999999996,600.0,10.0,0.3333333333333333,130.0,0,0,
59,0.6,11,0.3956111111111111,600.0,10.0,0.3333333333333333,130.0,0,0,
60,0.15,12,0.43127777777777776,600.0,10.0,0.3333333333333333,190.0,0,0,
61,0.25,12,0.4481666666666666,600.0,10.0,0.3333333333333333,229.0,0,0,
62,0.35,12,0.43394444444444447,600.0,10.0,0.3333333333333333,214.0,0,0,
63,0.45,12,0.4347222222222222,600.0,10.0,0.3333333333333333,212.0,0,0,
64,0.6,12,0.4345,600.0,10.0,0.3333333333333333,215.0,0,0,
65,0.15,13,0.443,600.0,10.0,0.3333333333333333,154.0,0,0,
66,0.25,13,0.492,600.0,11.0,0.3666666666666666,298.0,0,0,
67,0.35,13,0.43133333333333335,600.0,9.0,0.3,169.0,0,0,
68,0.45,13,0.4772777777777778,600.0,11.0,0.3666666666666666,173.0,0,0,
69,0.6,13,0.4832222222222222,600.0,10.0,0.3333333333333333,339.0,0,0,
70,0.15,14,0.4656666666666666,600.0,10.0,0.3333333333333333,209.0,0,0,
71,0.25,14,0.4822777777777777,600.0,10.0,0.3333333333333333,204.0,0,0,
72,0.35,14,0.4841666666666666,600.0,11.0,0.3666666666666666,204.0,0,0,
73,0.45,14,0.4845,600.0,11.0,0.3666666666666666,204.0,0,0,
74,0.6,14,0.47561111111111104,600.0,10.0,0.3333333333333333,204.0,0,0,
75,0.15,15,0.4898888888888889,600.0,11.0,0.3666666666666666,257.0,0,0,
76,0.25,15,0.49177777777777776,600.0,11.0,0.3666666666666666,256.0,0,0,
77,0.35,15,0.46794444444444444,600.0,10.0,0.3333333333333333,258.0,0,0,
78,0.45,15,0.47144444444444444,600.0,10.0,0.3333333333333333,310.0,0,0,
79,0.6,15,0.4858888888888889,600.0,11.0,0.3666666666666666,248.0,0,0,
80,0.15,16,0.4246111111111111,600.0,10.0,0.3333333333333333,147.0,0,0,
81,0.25,16,0.43894444444444447,600.0,10.0,0.3333333333333333,221.0,0,0,
82,0.35,16,0.42538888888888887,600.0,10.0,0.3333333333333333,216.0,0,0,
83,0.45,16,0.4220555555555555,600.0,10.0,0.3333333333333333,209.0,0,0,
84,0.6,16,0.4282222222222222,600.0,10.0,0.3333333333333333,201.0,0,0,
85,0.15,17,0.46605555555555556,600.0,10.0,0.3333333333333333,264.0,0,0,
86,0.25,17,0.4799444444444444,600.0,10.0,0.3333333333333333,234.0,0,0,
87,0.35,17,0.4775,600.0,11.0,0.3666666666666666,228.0,0,0,
88,0.45,17,0.4848888888888888,600.0,11.0,0.3666666666666666,253.0,0,0,
89,0.6,17,0.49377777777777776,600.0,11.0,0.3666666666666666,270.0,0,0,
90,0.15,18,0.45288888888888884,600.0,10.0,0.3333333333333333,213.0,0,0,
91,0.25,18,0.47094444444444444,600.0,11.0,0.3666666666666666,267.0,0,0,
92,0.35,18,0.4525555555555555,600.0,10.0,0.3333333333333333,330.0,0,0,
93,0.45,18,0.46422222222222215,600.0,11.0,0.3666666666666666,204.0,0,0,
94,0.6,18,0.43649999999999994,600.0,10.0,0.3333333333333333,212.0,0,0,
95,0.15,19,0.3658888888888888,600.0,8.0,0.2666666666666666,76.0,0,0,
96,0.25,19,0.36416666666666664,600.0,8.0,0.2666666666666666,76.0,0,0,
97,0.35,19,0.4002777777777778,600.0,9.0,0.3,76.0,0,0,
98,0.45,19,0.40155555555555555,600.0,9.0,0.3,76.0,0,0,
99,0.6,19,0.3998333333333333,600.0,9.0,0.3,76.0,0,0,
100,0.15,20,0.4445555555555555,600.0,10.0,0.3333333333333333,248.0,0,0,
101,0.25,20,0.4177222222222222,600.0,10.0,0.3333333333333333,177.0,0,0,
102,0.35,20,0.4368888888888889,600.0,10.0,0.3333333333333333,197.0,0,0,
103,0.45,20,0.41183333333333333,600.0,10.0,0.3333333333333333,110.0,0,0,
104,0.6,20,0.41188888888888886,600.0,10.0,0.3333333333333333,110.0,0,0,
105,0.15,21,0.5758888888888888,600.0,11.0,0.3666666666666666,441.0,0,0,
106,0.25,21,0.5819444444444445,600.0,10.0,0.3333333333333333,494.0,0,0,
107,0.35,21,0.5935,600.0,11.0,0.3666666666666666,491.0,0,0,
108,0.45,21,0.5557222222222222,600.0,11.0,0.3666666666666666,371.0,0,0,
109,0.6,21,0.5711666666666666,600.0,10.0,0.3333333333333333,418.0,0,0,
110,0.15,22,0.3693333333333333,600.0,8.0,0.2666666666666666,153.0,0,0,
111,0.25,22,0.3654444444444444,600.0,8.0,0.2666666666666666,167.0,0,0,
112,0.35,22,0.3471111111111111,600.0,8.0,0.2666666666666666,76.0,0,0,
113,0.45,22,0.3673888888888888,600.0,8.0,0.2666666666666666,74.0,0,0,
114,0.6,22,0.34077777777777774,600.0,8.0,0.2666666666666666,74.0,0,0,
115,0.15,23,0.465,600.0,10.0,0.3333333333333333,315.0,0,0,
116,0.25,23,0.4345,600.0,8.0,0.2666666666666666,252.0,0,0,
117,0.35,23,0.4663333333333334,600.0,10.0,0.3333333333333333,274.0,0,0,
118,0.45,23,0.4601666666666666,600.0,9.0,0.3,291.0,0,0,
119,0.6,23,0.4343333333333333,600.0,9.0,0.3,232.0,0,0,
120,0.15,24,0.3581666666666667,600.0,6.0,0.2,131.0,0,0,
121,0.25,24,0.3641111111111111,600.0,6.0,0.2,130.0,0,0,
122,0.35,24,0.3625555555555556,600.0,6.0,0.2,130.0,0,0,
123,0.45,24,0.36977777777777776,600.0,6.0,0.2,130.0,0,0,
124,0.6,24,0.3772222222222222,600.0,7.0,0.2333333333333333,130.0,0,0,
125,0.15,25,0.45305555555555554,600.0,10.0,0.3333333333333333,261.0,0,0,
126,0.25,25,0.4622777777777777,600.0,10.0,0.3333333333333333,310.0,0,0,
127,0.35,25,0.45338888888888884,600.0,10.0,0.3333333333333333,304.0,0,0,
128,0.45,25,0.453,600.0,10.0,0.3333333333333333,250.0,0,0,
129,0.6,25,0.4551666666666666,600.0,10.0,0.3333333333333333,254.0,0,0,
130,0.15,26,0.47050000000000003,600.0,10.0,0.3333333333333333,306.0,0,0,
131,0.25,26,0.3828888888888889,600.0,8.0,0.2666666666666666,119.0,0,0,
132,0.35,26,0.31855555555555554,600.0,5.0,0.1666666666666666,125.0,0,0,
133,0.45,26,0.30316666666666664,600.0,5.0,0.1666666666666666,125.0,0,0,
134,0.6,26,0.2952222222222222,600.0,5.0,0.1666666666666666,122.0,0,0,
135,0.15,27,0.4038333333333333,600.0,10.0,0.3333333333333333,146.0,0,0,
136,0.25,27,0.41938888888888887,600.0,10.0,0.3333333333333333,156.0,0,0,
137,0.35,27,0.45122222222222214,600.0,10.0,0.3333333333333333,287.0,0,0,
138,0.45,27,0.42127777777777775,600.0,10.0,0.3333333333333333,156.0,0,0,
139,0.6,27,0.414,600.0,10.0,0.3333333333333333,169.0,0,0,
140,0.15,28,0.39944444444444444,600.0,7.0,0.2333333333333333,167.0,0,0,
141,0.25,28,0.42238888888888887,600.0,9.0,0.3,159.0,0,0,
142,0.35,28,0.39977777777777773,600.0,8.0,0.2666666666666666,183.0,0,0,
143,0.45,28,0.4041111111111111,600.0,8.0,0.2666666666666666,175.0,0,0,
144,0.6,28,0.46777777777777774,600.0,8.0,0.2666666666666666,362.0,0,0,
145,0.15,29,0.46027777777777773,600.0,11.0,0.3666666666666666,343.0,0,0,
146,0.25,29,0.5183333333333333,600.0,13.0,0.4333333333333333,,0,0,
147,0.35,29,0.4378888888888888,600.0,11.0,0.3666666666666666,156.0,0,0,
148,0.45,29,0.4298888888888888,600.0,10.0,0.3333333333333333,149.0,0,0,
149,0.6,29,0.4517777777777778,600.0,10.0,0.3333333333333333,247.0,0,0,
150,0.15,30,0.4071111111111111,600.0,10.0,0.3333333333333333,115.0,0,0,
151,0.25,30,0.39994444444444444,600.0,10.0,0.3333333333333333,103.0,0,0,
152,0.35,30,0.3998888888888889,600.0,10.0,0.3333333333333333,103.0,0,0,
153,0.45,30,0.3998888888888889,600.0,10.0,0.3333333333333333,103.0,0,0,
154,0.6,30,0.3998333333333333,600.0,10.0,0.3333333333333333,103.0,0,0,
155,0.15,31,0.5141111111111112,600.0,12.0,0.4,220.0,0,0,
156,0.25,31,0.5343333333333333,600.0,10.0,0.3333333333333333,419.0,0,0,
157,0.35,31,0.5675555555555555,600.0,12.0,0.4,506.0,0,0,
158,0.45,31,0.510888888888889,600.0,10.0,0.3333333333333333,287.0,0,0,
159,0.6,31,0.5259999999999999,600.0,11.0,0.3666666666666666,293.0,0,0,
160,0.15,32,0.44,600.0,10.0,0.3333333333333333,152.0,0,0,
161,0.25,32,0.43122222222222223,600.0,10.0,0.3333333333333333,151.0,0,0,
162,0.35,32,0.4352777777777778,600.0,10.0,0.3333333333333333,160.0,0,0,
163,0.45,32,0.4235,600.0,10.0,0.3333333333333333,146.0,0,0,
164,0.6,32,0.42227777777777775,600.0,10.0,0.3333333333333333,141.0,0,0,
165,0.15,33,0.45433333333333337,600.0,10.0,0.3333333333333333,197.0,0,0,
166,0.25,33,0.4592222222222222,600.0,10.0,0.3333333333333333,214.0,0,0,
167,0.35,33,0.4935555555555555,600.0,11.0,0.3666666666666666,379.0,0,0,
168,0.45,33,0.44911111111111107,600.0,10.0,0.3333333333333333,205.0,0,0,
169,0.6,33,0.4414444444444445,600.0,10.0,0.3333333333333333,166.0,0,0,
170,0.15,34,0.5506666666666666,600.0,13.0,0.4333333333333333,,0,0,
171,0.25,34,0.46627777777777774,600.0,10.0,0.3333333333333333,231.0,0,0,
172,0.35,34,0.4648333333333333,600.0,11.0,0.3666666666666666,210.0,0,0,
173,0.45,34,0.46077777777777773,600.0,10.0,0.3333333333333333,218.0,0,0,
174,0.6,34,0.4549444444444444,600.0,10.0,0.3333333333333333,199.0,0,0,
175,0.15,35,0.4476111111111111,600.0,11.0,0.3666666666666666,119.0,0,0,
176,0.25,35,0.4216666666666667,600.0,10.0,0.3333333333333333,117.0,0,0,
177,0.35,35,0.4378888888888888,600.0,11.0,0.3666666666666666,117.0,0,0,
178,0.45,35,0.43849999999999995,600.0,11.0,0.3666666666666666,120.0,0,0,
179,0.6,35,0.45733333333333337,600.0,12.0,0.4,119.0,0,0,
180,0.15,36,0.4388888888888889,600.0,10.0,0.3333333333333333,195.0,0,0,
181,0.25,36,0.42311111111111105,600.0,10.0,0.3333333333333333,123.0,0,0,
182,0.35,36,0.4507777777777777,600.0,11.0,0.3666666666666666,128.0,0,0,
183,0.45,36,0.4454444444444444,600.0,10.0,0.3333333333333333,162.0,0,0,
184,0.6,36,0.4277777777777778,600.0,10.0,0.3333333333333333,122.0,0,0,
185,0.15,37,0.4244444444444444,600.0,10.0,0.3333333333333333,200.0,0,0,
186,0.25,37,0.44949999999999996,600.0,10.0,0.3333333333333333,275.0,0,0,
187,0.35,37,0.43649999999999994,600.0,10.0,0.3333333333333333,206.0,0,0,
188,0.45,37,0.4325,600.0,10.0,0.3333333333333333,250.0,0,0,
189,0.6,37,0.4275,600.0,10.0,0.3333333333333333,198.0,0,0,
190,0.15,38,0.45933333333333326,600.0,10.0,0.3333333333333333,138.0,0,0,
191,0.25,38,0.45877777777777773,600.0,10.0,0.3333333333333333,137.0,0,0,
192,0.35,38,0.45916666666666667,600.0,10.0,0.3333333333333333,137.0,0,0,
193,0.45,38,0.45916666666666667,600.0,10.0,0.3333333333333333,137.0,0,0,
194,0.6,38,0.4591111111111111,600.0,10.0,0.3333333333333333,137.0,0,0,
195,0.15,39,0.37549999999999994,600.0,8.0,0.2666666666666666,106.0,0,0,
196,0.25,39,0.3252222222222222,600.0,7.0,0.2333333333333333,86.0,0,0,
197,0.35,39,0.34294444444444444,600.0,7.0,0.2333333333333333,86.0,0,0,
198,0.45,39,0.3489444444444444,600.0,7.0,0.2333333333333333,86.0,0,0,
199,0.6,39,0.33627777777777773,600.0,7.0,0.2333333333333333,86.0,0,0,
200,0.15,40,0.4877777777777777,600.0,8.0,0.2666666666666666,312.0,0,0,
201,0.25,40,0.4774444444444444,600.0,9.0,0.3,246.0,0,0,
202,0.35,40,0.5287777777777778,600.0,11.0,0.3666666666666666,345.0,0,0,
203,0.45,40,0.46688888888888885,600.0,8.0,0.2666666666666666,295.0,0,0,
204,0.6,40,0.5201666666666666,600.0,8.0,0.2666666666666666,399.0,0,0,
205,0.15,41,0.45844444444444443,600.0,10.0,0.3333333333333333,231.0,0,0,
206,0.25,41,0.47061111111111115,600.0,10.0,0.3333333333333333,256.0,0,0,
207,0.35,41,0.46655555555555556,600.0,10.0,0.3333333333333333,213.0,0,0,
208,0.45,41,0.4947222222222222,600.0,12.0,0.4,220.0,0,0,
209,0.6,41,0.4684999999999999,600.0,10.0,0.3333333333333333,274.0,0,0,
210,0.15,42,0.46633333333333327,600.0,10.0,0.3333333333333333,312.0,0,0,
211,0.25,42,0.4524444444444444,600.0,10.0,0.3333333333333333,218.0,0,0,
212,0.35,42,0.43977777777777777,600.0,10.0,0.3333333333333333,221.0,0,0,
213,0.45,42,0.4335555555555555,600.0,10.0,0.3333333333333333,195.0,0,0,
214,0.6,42,0.43944444444444436,600.0,10.0,0.3333333333333333,216.0,0,0,
215,0.15,43,0.4622222222222222,600.0,11.0,0.3666666666666666,125.0,0,0,
216,0.25,43,0.41183333333333333,600.0,10.0,0.3333333333333333,118.0,0,0,
217,0.35,43,0.4474444444444444,600.0,11.0,0.3666666666666666,123.0,0,0,
218,0.45,43,0.4423888888888888,600.0,11.0,0.3666666666666666,129.0,0,0,
219,0.6,43,0.426,600.0,10.0,0.3333333333333333,129.0,0,0,
220,0.15,44,0.3111111111111111,600.0,6.0,0.2,57.0,0,0,
221,0.25,44,0.31855555555555554,600.0,6.0,0.2,58.0,0,0,
222,0.35,44,0.30277777777777776,600.0,6.0,0.2,60.0,0,0,
223,0.45,44,0.3222222222222222,600.0,6.0,0.2,58.0,0,0,
224,0.6,44,0.31877777777777777,600.0,7.0,0.2333333333333333,58.0,0,0,
225,0.15,45,0.5183333333333333,600.0,10.0,0.3333333333333333,338.0,0,0,
226,0.25,45,0.5140555555555556,600.0,10.0,0.3333333333333333,255.0,0,0,
227,0.35,45,0.5141666666666667,600.0,10.0,0.3333333333333333,255.0,0,0,
228,0.45,45,0.5240555555555556,600.0,10.0,0.3333333333333333,351.0,0,0,
229,0.6,45,0.5271111111111111,600.0,11.0,0.3666666666666666,245.0,0,0,
230,0.15,46,0.3322222222222222,600.0,5.0,0.1666666666666666,129.0,0,0,
231,0.25,46,0.33666666666666667,600.0,5.0,0.1666666666666666,133.0,0,0,
232,0.35,46,0.3638888888888889,600.0,6.0,0.2,141.0,0,0,
233,0.45,46,0.2996111111111111,600.0,3.0,0.1,124.0,0,0,
234,0.6,46,0.3203888888888889,600.0,4.0,0.1333333333333333,124.0,0,0,
235,0.15,47,0.479,600.0,10.0,0.3333333333333333,347.0,0,0,
236,0.25,47,0.46416666666666667,600.0,10.0,0.3333333333333333,294.0,0,0,
237,0.35,47,0.509,600.0,11.0,0.3666666666666666,498.0,0,0,
238,0.45,47,0.5183888888888888,600.0,10.0,0.3333333333333333,480.0,0,0,
239,0.6,47,0.4748333333333333,600.0,10.0,0.3333333333333333,302.0,0,0,
240,0.15,48,0.45933333333333326,600.0,10.0,0.3333333333333333,140.0,0,0,
241,0.25,48,0.4906111111111111,600.0,10.0,0.3333333333333333,290.0,0,0,
242,0.35,48,0.47888888888888886,600.0,10.0,0.3333333333333333,303.0,0,0,
243,0.45,48,0.49861111111111106,600.0,10.0,0.3333333333333333,389.0,0,0,
244,0.6,48,0.5064444444444445,600.0,11.0,0.3666666666666666,403.0,0,0,
245,0.15,49,0.2737222222222222,600.0,4.0,0.1333333333333333,100.0,0,0,
246,0.25,49,0.2844999999999999,600.0,5.0,0.1666666666666666,100.0,0,0,
247,0.35,49,0.29277777777777775,600.0,4.0,0.1333333333333333,100.0,0,0,
248,0.45,49,0.2902222222222222,600.0,4.0,0.1333333333333333,100.0,0,0,
249,0.6,49,0.2891666666666667,600.0,4.0,0.1333333333333333,100.0,0,0,
250,0.15,50,0.4372222222222222,600.0,11.0,0.3666666666666666,91.0,0,0,
251,0.25,50,0.4212222222222222,600.0,10.0,0.3333333333333333,82.0,0,0,
252,0.35,50,0.4641111111111111,600.0,10.0,0.3333333333333333,429.0,0,0,
253,0.45,50,0.43022222222222223,600.0,10.0,0.3333333333333333,160.0,0,0,
254,0.6,50,0.4872777777777778,600.0,11.0,0.3666666666666666,400.0,0,0,
255,0.15,51,0.4755555555555555,600.0,10.0,0.3333333333333333,273.0,0,0,
256,0.25,51,0.4604999999999999,600.0,10.0,0.3333333333333333,248.0,0,0,
257,0.35,51,0.4825,600.0,10.0,0.3333333333333333,269.0,0,0,
258,0.45,51,0.5213888888888889,600.0,11.0,0.3666666666666666,550.0,0,0,
259,0.6,51,0.5175,600.0,12.0,0.4,582.0,0,0,
260,0.15,52,0.4095555555555555,600.0,10.0,0.3333333333333333,96.0,0,0,
261,0.25,52,0.40877777777777774,600.0,10.0,0.3333333333333333,94.0,0,0,
262,0.35,52,0.40788888888888886,600.0,10.0,0.3333333333333333,94.0,0,0,
263,0.45,52,0.40705555555555556,600.0,10.0,0.3333333333333333,92.0,0,0,
264,0.6,52,0.40777777777777774,600.0,10.0,0.3333333333333333,93.0,0,0,
265,0.15,53,0.4017777777777778,600.0,9.0,0.3,137.0,0,0,
266,0.25,53,0.39049999999999996,600.0,8.0,0.2666666666666666,132.0,0,0,
267,0.35,53,0.36649999999999994,600.0,7.0,0.2333333333333333,235.0,0,0,
268,0.45,53,0.38127777777777777,600.0,6.0,0.2,147.0,0,0,
269,0.6,53,0.4032777777777778,600.0,6.0,0.2,268.0,0,0,
270,0.15,54,0.4090555555555555,600.0,10.0,0.3333333333333333,114.0,0,0,
271,0.25,54,0.4096666666666666,600.0,10.0,0.3333333333333333,118.0,0,0,
272,0.35,54,0.43661111111111106,600.0,10.0,0.3333333333333333,133.0,0,0,
273,0.45,54,0.4097222222222222,600.0,10.0,0.3333333333333333,114.0,0,0,
274,0.6,54,0.4111111111111111,600.0,10.0,0.3333333333333333,117.0,0,0,
275,0.15,55,0.4240555555555555,600.0,11.0,0.3666666666666666,75.0,0,0,
276,0.25,55,0.4487777777777778,600.0,12.0,0.4,79.0,0,0,
277,0.35,55,0.42877777777777776,600.0,11.0,0.3666666666666666,79.0,0,0,
278,0.45,55,0.42288888888888887,600.0,10.0,0.3333333333333333,83.0,0,0,
279,0.6,55,0.42572222222222217,600.0,11.0,0.3666666666666666,83.0,0,0,
280,0.15,56,0.3189444444444444,600.0,4.0,0.1333333333333333,121.0,0,0,
281,0.25,56,0.3262777777777778,600.0,4.0,0.1333333333333333,121.0,0,0,
282,0.35,56,0.32344444444444437,600.0,5.0,0.1666666666666666,121.0,0,0,
283,0.45,56,0.3406666666666667,600.0,5.0,0.1666666666666666,121.0,0,0,
284,0.6,56,0.33377777777777773,600.0,4.0,0.1333333333333333,121.0,0,0,
285,0.15,57,0.45144444444444437,600.0,10.0,0.3333333333333333,301.0,0,0,
286,0.25,57,0.43444444444444436,600.0,10.0,0.3333333333333333,222.0,0,0,
287,0.35,57,0.43883333333333324,600.0,11.0,0.3666666666666666,143.0,0,0,
288,0.45,57,0.42627777777777776,600.0,10.0,0.3333333333333333,160.0,0,0,
289,0.6,57,0.43022222222222223,600.0,10.0,0.3333333333333333,160.0,0,0,
290,0.15,58,0.3470555555555555,600.0,8.0,0.2666666666666666,86.0,0,0,
291,0.25,58,0.3468888888888888,600.0,8.0,0.2666666666666666,86.0,0,0,
292,0.35,58,0.34683333333333327,600.0,8.0,0.2666666666666666,86.0,0,0,
293,0.45,58,0.3483333333333333,600.0,8.0,0.2666666666666666,86.0,0,0,
294,0.6,58,0.34677777777777774,600.0,8.0,0.2666666666666666,86.0,0,0,
295,0.15,59,0.3784444444444444,600.0,10.0,0.3333333333333333,60.0,0,0,
296,0.25,59,0.3782777777777777,600.0,10.0,0.3333333333333333,60.0,0,0,
297,0.35,59,0.3783333333333333,600.0,10.0,0.3333333333333333,60.0,0,0,
298,0.45,59,0.3783333333333333,600.0,10.0,0.3333333333333333,60.0,0,0,
299,0.6,59,0.37805555555555553,600.0,10.0,0.3333333333333333,60.0,0,0,
300,0.15,60,0.41288888888888886,600.0,10.0,0.3333333333333333,129.0,0,0,
301,0.25,60,0.4345,600.0,10.0,0.3333333333333333,202.0,0,0,
302,0.35,60,0.43661111111111106,600.0,10.0,0.3333333333333333,222.0,0,0,
303,0.45,60,0.4473333333333333,600.0,10.0,0.3333333333333333,216.0,0,0,
304,0.6,60,0.4175,600.0,10.0,0.3333333333333333,144.0,0,0,
305,0.15,61,0.47655555555555557,600.0,10.0,0.3333333333333333,258.0,0,0,
306,0.25,61,0.5013333333333333,600.0,10.0,0.3333333333333333,373.0,0,0,
307,0.35,61,0.5106666666666666,600.0,10.0,0.3333333333333333,325.0,0,0,
308,0.45,61,0.5309444444444444,600.0,13.0,0.4333333333333333,,0,0,
309,0.6,61,0.49083333333333323,600.0,10.0,0.3333333333333333,250.0,0,0,
310,0.15,62,0.3972222222222222,600.0,6.0,0.2,124.0,0,0,
311,0.25,62,0.39849999999999997,600.0,7.0,0.2333333333333333,123.0,0,0,
312,0.35,62,0.40166666666666667,600.0,6.0,0.2,122.0,0,0,
313,0.45,62,0.41288888888888886,600.0,7.0,0.2333333333333333,122.0,0,0,
314,0.6,62,0.3779444444444444,600.0,6.0,0.2,122.0,0,0,
315,0.15,63,0.4275555555555555,600.0,10.0,0.3333333333333333,172.0,0,0,
316,0.25,63,0.4125,600.0,10.0,0.3333333333333333,170.0,0,0,
317,0.35,63,0.4130555555555555,600.0,10.0,0.3333333333333333,161.0,0,0,
318,0.45,63,0.4057222222222222,600.0,10.0,0.3333333333333333,97.0,0,0,
319,0.6,63,0.42877777777777776,600.0,10.0,0.3333333333333333,97.0,0,0,
320,0.15,64,0.40705555555555556,600.0,7.0,0.2333333333333333,208.0,0,0,
321,0.25,64,0.3613333333333333,600.0,5.0,0.1666666666666666,200.0,0,0,
322,0.35,64,0.3748333333333333,600.0,5.0,0.1666666666666666,201.0,0,0,
323,0.45,64,0.368,600.0,5.0,0.1666666666666666,200.0,0,0,
324,0.6,64,0.40544444444444444,600.0,7.0,0.2333333333333333,200.0,0,0,
325,0.15,65,0.4358888888888888,600.0,10.0,0.3333333333333333,221.0,0,0,
326,0.25,65,0.4089444444444444,600.0,9.0,0.3,168.0,0,0,
327,0.35,65,0.4373333333333333,600.0,10.0,0.3333333333333333,169.0,0,0,
328,0.45,65,0.44349999999999995,600.0,10.0,0.3333333333333333,184.0,0,0,
329,0.6,65,0.4281111111111111,600.0,10.0,0.3333333333333333,172.0,0,0,
330,0.15,66,0.4126666666666667,600.0,8.0,0.2666666666666666,281.0,0,0,
331,0.25,66,0.40888888888888886,600.0,8.0,0.2666666666666666,278.0,0,0,
332,0.35,66,0.4026666666666667,600.0,8.0,0.2666666666666666,278.0,0,0,
333,0.45,66,0.4072222222222222,600.0,8.0,0.2666666666666666,280.0,0,0,
334,0.6,66,0.40994444444444444,600.0,8.0,0.2666666666666666,282.0,0,0,
335,0.15,67,0.42849999999999994,600.0,10.0,0.3333333333333333,277.0,0,0,
336,0.25,67,0.42927777777777776,600.0,10.0,0.3333333333333333,116.0,0,0,
337,0.35,67,0.42861111111111105,600.0,11.0,0.3666666666666666,117.0,0,0,
338,0.45,67,0.41288888888888886,600.0,10.0,0.3333333333333333,125.0,0,0,
339,0.6,67,0.4271111111111111,600.0,10.0,0.3333333333333333,267.0,0,0,
340,0.15,68,0.4384444444444444,600.0,10.0,0.3333333333333333,217.0,0,0,
341,0.25,68,0.4293888888888889,600.0,10.0,0.3333333333333333,109.0,0,0,
342,0.35,68,0.4606666666666666,600.0,10.0,0.3333333333333333,335.0,0,0,
343,0.45,68,0.4426111111111111,600.0,10.0,0.3333333333333333,156.0,0,0,
344,0.6,68,0.4448333333333333,600.0,10.0,0.3333333333333333,201.0,0,0,
345,0.15,69,0.36966666666666664,600.0,7.0,0.2333333333333333,135.0,0,0,
346,0.25,69,0.43366666666666664,600.0,9.0,0.3,234.0,0,0,
347,0.35,69,0.3943333333333333,600.0,6.0,0.2,222.0,0,0,
348,0.45,69,0.3387222222222222,600.0,5.0,0.1666666666666666,126.0,0,0,
349,0.6,69,0.4578333333333333,600.0,9.0,0.3,280.0,0,0,
350,0.15,70,0.4265555555555555,600.0,10.0,0.3333333333333333,167.0,0,0,
351,0.25,70,0.43111111111111117,600.0,10.0,0.3333333333333333,167.0,0,0,
352,0.35,70,0.4321111111111111,600.0,10.0,0.3333333333333333,166.0,0,0,
353,0.45,70,0.4332777777777777,600.0,10.0,0.3333333333333333,175.0,0,0,
354,0.6,70,0.4370555555555555,600.0,10.0,0.3333333333333333,160.0,0,0,
355,0.15,71,0.4343888888888889,600.0,10.0,0.3333333333333333,138.0,0,0,
356,0.25,71,0.44072222222222224,600.0,10.0,0.3333333333333333,126.0,0,0,
357,0.35,71,0.46566666666666673,600.0,11.0,0.3666666666666666,124.0,0,0,
358,0.45,71,0.4600555555555555,600.0,11.0,0.3666666666666666,141.0,0,0,
359,0.6,71,0.4695,600.0,12.0,0.4,141.0,0,0,
360,0.15,72,0.4321666666666667,600.0,10.0,0.3333333333333333,183.0,0,0,
361,0.25,72,0.4673333333333333,600.0,11.0,0.3666666666666666,178.0,0,0,
362,0.35,72,0.4666111111111111,600.0,10.0,0.3333333333333333,264.0,0,0,
363,0.45,72,0.46127777777777773,600.0,11.0,0.3666666666666666,185.0,0,0,
364,0.6,72,0.443,600.0,10.0,0.3333333333333333,177.0,0,0,
365,0.15,73,0.4851111111111111,600.0,10.0,0.3333333333333333,333.0,0,0,
366,0.25,73,0.4541111111111111,600.0,10.0,0.3333333333333333,232.0,0,0,
367,0.35,73,0.5307777777777777,600.0,12.0,0.4,594.0,0,0,
368,0.45,73,0.4514444444444445,600.0,10.0,0.3333333333333333,248.0,0,0,
369,0.6,73,0.4599444444444444,600.0,10.0,0.3333333333333333,241.0,0,0,
370,0.15,74,0.4496111111111111,600.0,10.0,0.3333333333333333,170.0,0,0,
371,0.25,74,0.43677777777777776,600.0,10.0,0.3333333333333333,136.0,0,0,
372,0.35,74,0.4616111111111111,600.0,10.0,0.3333333333333333,230.0,0,0,
373,0.45,74,0.4423333333333333,600.0,10.0,0.3333333333333333,200.0,0,0,
374,0.6,74,0.4542222222222222,600.0,10.0,0.3333333333333333,149.0,0,0,
375,0.15,75,0.5072777777777778,600.0,11.0,0.3666666666666666,369.0,0,0,
376,0.25,75,0.47561111111111115,600.0,10.0,0.3333333333333333,267.0,0,0,
377,0.35,75,0.4854444444444444,600.0,11.0,0.3666666666666666,259.0,0,0,
378,0.45,75,0.46366666666666667,600.0,10.0,0.3333333333333333,241.0,0,0,
379,0.6,75,0.5401666666666667,600.0,10.0,0.3333333333333333,504.0,0,0,
380,0.15,76,0.4231666666666667,600.0,10.0,0.3333333333333333,100.0,0,0,
381,0.25,76,0.42866666666666664,600.0,10.0,0.3333333333333333,144.0,0,0,
382,0.35,76,0.43822222222222224,600.0,10.0,0.3333333333333333,113.0,0,0,
383,0.45,76,0.4376666666666666,600.0,10.0,0.3333333333333333,113.0,0,0,
384,0.6,76,0.4246111111111111,600.0,10.0,0.3333333333333333,120.0,0,0,
385,0.15,77,0.31866666666666665,600.0,5.0,0.1666666666666666,109.0,0,0,
386,0.25,77,0.3106666666666667,600.0,5.0,0.1666666666666666,95.0,0,0,
387,0.35,77,0.35588888888888887,600.0,6.0,0.2,94.0,0,0,
388,0.45,77,0.297,600.0,5.0,0.1666666666666666,96.0,0,0,
389,0.6,77,0.37711111111111106,600.0,7.0,0.2333333333333333,96.0,0,0,
390,0.15,78,0.3609444444444444,600.0,7.0,0.2333333333333333,86.0,0,0,
391,0.25,78,0.4542222222222222,600.0,10.0,0.3333333333333333,291.0,0,0,
392,0.35,78,0.44105555555555553,600.0,9.0,0.3,310.0,0,0,
393,0.45,78,0.4547222222222222,600.0,10.0,0.3333333333333333,260.0,0,0,
394,0.6,78,0.44405555555555554,600.0,9.0,0.3,282.0,0,0,
395,0.15,79,0.4475,600.0,10.0,0.3333333333333333,238.0,0,0,
396,0.25,79,0.4716111111111111,600.0,10.0,0.3333333333333333,234.0,0,0,
397,0.35,79,0.4299444444444444,600.0,9.0,0.3,221.0,0,0,
398,0.45,79,0.48850000000000005,600.0,12.0,0.4,278.0,0,0,
399,0.6,79,0.4116666666666666,600.0,7.0,0.2333333333333333,265.0,0,0,
400,0.15,80,0.4424444444444444,600.0,10.0,0.3333333333333333,138.0,0,0,
401,0.25,80,0.4470555555555556,600.0,10.0,0.3333333333333333,163.0,0,0,
402,0.35,80,0.44055555555555553,600.0,10.0,0.3333333333333333,173.0,0,0,
403,0.45,80,0.4492777777777778,600.0,10.0,0.3333333333333333,191.0,0,0,
404,0.6,80,0.4951111111111111,600.0,11.0,0.3666666666666666,369.0,0,0,
405,0.15,81,0.4095555555555555,600.0,9.0,0.3,108.0,0,0,
406,0.25,81,0.4096666666666666,600.0,9.0,0.3,169.0,0,0,
407,0.35,81,0.44116666666666665,600.0,9.0,0.3,285.0,0,0,
408,0.45,81,0.39272222222222214,600.0,8.0,0.2666666666666666,162.0,0,0,
409,0.6,81,0.3828888888888889,600.0,8.0,0.2666666666666666,157.0,0,0,
410,0.15,82,0.42116666666666663,600.0,10.0,0.3333333333333333,141.0,0,0,
411,0.25,82,0.4241111111111111,600.0,10.0,0.3333333333333333,158.0,0,0,
412,0.35,82,0.4237222222222222,600.0,10.0,0.3333333333333333,156.0,0,0,
413,0.45,82,0.4323333333333333,600.0,10.0,0.3333333333333333,167.0,0,0,
414,0.6,82,0.4330555555555555,600.0,10.0,0.3333333333333333,184.0,0,0,
415,0.15,83,0.44305555555555554,600.0,10.0,0.3333333333333333,207.0,0,0,
416,0.25,83,0.43877777777777777,600.0,10.0,0.3333333333333333,207.0,0,0,
417,0.35,83,0.44588888888888883,600.0,10.0,0.3333333333333333,285.0,0,0,
418,0.45,83,0.45433333333333326,600.0,10.0,0.3333333333333333,236.0,0,0,
419,0.6,83,0.4446666666666667,600.0,10.0,0.3333333333333333,264.0,0,0,
420,0.15,84,0.4343888888888889,600.0,10.0,0.3333333333333333,135.0,0,0,
421,0.25,84,0.38916666666666666,600.0,7.0,0.2333333333333333,132.0,0,0,
422,0.35,84,0.41566666666666663,600.0,8.0,0.2666666666666666,135.0,0,0,
423,0.45,84,0.4179444444444444,600.0,8.0,0.2666666666666666,135.0,0,0,
424,0.6,84,0.4136111111111111,600.0,8.0,0.2666666666666666,134.0,0,0,
425,0.15,85,0.40788888888888886,600.0,10.0,0.3333333333333333,144.0,0,0,
426,0.25,85,0.3918333333333333,600.0,10.0,0.3333333333333333,84.0,0,0,
427,0.35,85,0.3917222222222222,600.0,10.0,0.3333333333333333,84.0,0,0,
428,0.45,85,0.3917222222222222,600.0,10.0,0.3333333333333333,84.0,0,0,
429,0.6,85,0.39194444444444443,600.0,10.0,0.3333333333333333,84.0,0,0,
430,0.15,86,0.45038888888888884,600.0,10.0,0.3333333333333333,111.0,0,0,
431,0.25,86,0.43711111111111106,600.0,10.0,0.3333333333333333,113.0,0,0,
432,0.35,86,0.44388888888888883,600.0,10.0,0.3333333333333333,115.0,0,0,
433,0.45,86,0.4298888888888889,600.0,10.0,0.3333333333333333,115.0,0,0,
434,0.6,86,0.43566666666666665,600.0,10.0,0.3333333333333333,114.0,0,0,
435,0.15,87,0.42311111111111105,600.0,10.0,0.3333333333333333,99.0,0,0,
436,0.25,87,0.4673888888888889,600.0,11.0,0.3666666666666666,230.0,0,0,
437,0.35,87,0.42911111111111105,600.0,10.0,0.3333333333333333,153.0,0,0,
438,0.45,87,0.43677777777777776,600.0,10.0,0.3333333333333333,208.0,0,0,
439,0.6,87,0.4290555555555556,600.0,10.0,0.3333333333333333,145.0,0,0,
440,0.15,88,0.3992777777777778,600.0,10.0,0.3333333333333333,106.0,0,0,
441,0.25,88,0.41377777777777774,600.0,10.0,0.3333333333333333,137.0,0,0,
442,0.35,88,0.4051111111111111,600.0,10.0,0.3333333333333333,118.0,0,0,
443,0.45,88,0.4023333333333333,600.0,10.0,0.3333333333333333,118.0,0,0,
444,0.6,88,0.4022222222222222,600.0,10.0,0.3333333333333333,118.0,0,0,
445,0.15,89,0.3927777777777778,600.0,8.0,0.2666666666666666,93.0,0,0,
446,0.25,89,0.44,600.0,10.0,0.3333333333333333,116.0,0,0,
447,0.35,89,0.4326111111111111,600.0,9.0,0.3,201.0,0,0,
448,0.45,89,0.41766666666666663,600.0,9.0,0.3,205.0,0,0,
449,0.6,89,0.4251111111111111,600.0,9.0,0.3,201.0,0,0,
450,0.15,90,0.4501666666666666,600.0,11.0,0.3666666666666666,117.0,0,0,
451,0.25,90,0.4330555555555555,600.0,10.0,0.3333333333333333,139.0,0,0,
452,0.35,90,0.44088888888888883,600.0,10.0,0.3333333333333333,139.0,0,0,
453,0.45,90,0.45399999999999996,600.0,11.0,0.3666666666666666,139.0,0,0,
454,0.6,90,0.4539444444444444,600.0,11.0,0.3666666666666666,139.0,0,0,
455,0.15,91,0.29494444444444445,600.0,5.0,0.1666666666666666,64.0,0,0,
456,0.25,91,0.26061111111111107,600.0,4.0,0.1333333333333333,64.0,0,0,
457,0.35,91,0.34255555555555556,600.0,6.0,0.2,64.0,0,0,
458,0.45,91,0.31422222222222224,600.0,4.0,0.1333333333333333,64.0,0,0,
459,0.6,91,0.32572222222222225,600.0,6.0,0.2,64.0,0,0,
460,0.15,92,0.3549999999999999,600.0,8.0,0.2666666666666666,135.0,0,0,
461,0.25,92,0.3585555555555555,600.0,8.0,0.2666666666666666,129.0,0,0,
462,0.35,92,0.37727777777777777,600.0,8.0,0.2666666666666666,128.0,0,0,
463,0.45,92,0.37616666666666665,600.0,8.0,0.2666666666666666,140.0,0,0,
464,0.6,92,0.35522222222222216,600.0,8.0,0.2666666666666666,123.0,0,0,
465,0.15,93,0.4343333333333333,600.0,5.0,0.1666666666666666,191.0,0,0,
466,0.25,93,0.3922777777777777,600.0,4.0,0.1333333333333333,181.0,0,0,
467,0.35,93,0.4151666666666667,600.0,5.0,0.1666666666666666,241.0,0,0,
468,0.45,93,0.4898333333333333,600.0,5.0,0.1666666666666666,275.0,0,0,
469,0.6,93,0.46777777777777774,600.0,5.0,0.1666666666666666,262.0,0,0,
470,0.15,94,0.4372222222222222,600.0,10.0,0.3333333333333333,294.0,0,0,
471,0.25,94,0.4443333333333333,600.0,10.0,0.3333333333333333,232.0,0,0,
472,0.35,94,0.4623888888888889,600.0,10.0,0.3333333333333333,321.0,0,0,
473,0.45,94,0.4722777777777777,600.0,11.0,0.3666666666666666,345.0,0,0,
474,0.6,94,0.4627222222222222,600.0,10.0,0.3333333333333333,318.0,0,0,
475,0.15,95,0.4616111111111111,600.0,11.0,0.3666666666666666,324.0,0,0,
476,0.25,95,0.44388888888888883,600.0,10.0,0.3333333333333333,154.0,0,0,
477,0.35,95,0.44083333333333335,600.0,10.0,0.3333333333333333,184.0,0,0,
478,0.45,95,0.42249999999999993,600.0,10.0,0.3333333333333333,159.0,0,0,
479,0.6,95,0.4358888888888888,600.0,10.0,0.3333333333333333,219.0,0,0,
480,0.15,96,0.4771666666666667,600.0,10.0,0.3333333333333333,258.0,0,0,
481,0.25,96,0.45716666666666667,600.0,10.0,0.3333333333333333,200.0,0,0,
482,0.35,96,0.46172222222222215,600.0,10.0,0.3333333333333333,185.0,0,0,
483,0.45,96,0.46044444444444443,600.0,10.0,0.3333333333333333,216.0,0,0,
484,0.6,96,0.46699999999999997,600.0,11.0,0.3666666666666666,184.0,0,0,
485,0.15,97,0.4046111111111111,600.0,10.0,0.3333333333333333,106.0,0,0,
486,0.25,97,0.3983888888888889,600.0,10.0,0.3333333333333333,110.0,0,0,
487,0.35,97,0.4114444444444444,600.0,10.0,0.3333333333333333,137.0,0,0,
488,0.45,97,0.42222222222222217,600.0,10.0,0.3333333333333333,97.0,0,0,
489,0.6,97,0.4162222222222222,600.0,10.0,0.3333333333333333,177.0,0,0,
490,0.15,98,0.37061111111111106,600.0,8.0,0.2666666666666666,125.0,0,0,
491,0.25,98,0.3988333333333333,600.0,9.0,0.3,172.0,0,0,
492,0.35,98,0.3680555555555555,600.0,8.0,0.2666666666666666,161.0,0,0,
493,0.45,98,0.3202777777777778,600.0,7.0,0.2333333333333333,131.0,0,0,
494,0.6,98,0.3214444444444444,600.0,7.0,0.2333333333333333,132.0,0,0,
495,0.15,99,0.36916666666666664,600.0,4.0,0.1333333333333333,227.0,0,0,
496,0.25,99,0.41400000000000003,600.0,6.0,0.2,234.0,0,0,
497,0.35,99,0.41027777777777774,600.0,6.0,0.2,235.0,0,0,
498,0.45,99,0.4221111111111111,600.0,8.0,0.2666666666666666,246.0,0,0,
499,0.6,99,0.46099999999999997,600.0,10.0,0.3333333333333333,245.0,0,0,
