RunId,coverage_radius,seed,J_delta,final_time_s,final_residual_deficit,final_normalized_deficit,time_to_90_percent_nominal_service_s,event_episodes,event_episodes_reaching_90_percent_nominal_service,mean_time_to_90_percent_nominal_service_after_event_s
0,8.0,0,0.43461111111111106,600.0,7.0,0.2333333333333333,188.0,0,0,
1,10.0,0,0.41855555555555557,600.0,7.0,0.2333333333333333,182.0,0,0,
2,12.0,0,0.3890555555555555,600.0,5.0,0.1666666666666666,152.0,0,0,
3,15.0,0,0.35533333333333333,600.0,3.0,0.1,182.0,0,0,
4,8.0,1,0.3885,600.0,7.0,0.2333333333333333,167.0,0,0,
5,10.0,1,0.3512222222222222,600.0,4.0,0.1333333333333333,153.0,0,0,
6,12.0,1,0.38216666666666665,600.0,6.0,0.2,263.0,0,0,
7,15.0,1,0.43077777777777776,600.0,6.0,0.2,183.0,0,0,
8,8.0,2,0.5182222222222223,600.0,12.0,0.4,454.0,0,0,
9,10.0,2,0.37166666666666665,600.0,5.0,0.1666666666666666,175.0,0,0,
10,12.0,2,0.40049999999999997,600.0,7.0,0.2333333333333333,200.0,0,0,
11,15.0,2,0.37566666666666665,600.0,6.0,0.2,155.0,0,0,
12,8.0,3,0.4726111111111111,600.0,10.0,0.3333333333333333,234.0,0,0,
13,10.0,3,0.4903333333333333,600.0,10.0,0.3333333333333333,240.0,0,0,
14,12.0,3,0.511,600.0,10.0,0.3333333333333333,240.0,0,0,
15,15.0,3,0.479,600.0,9.0,0.3,270.0,0,0,
16,8.0,4,0.6392222222222221,600.0,13.0,0.4333333333333333,,0,0,
17,10.0,4,0.5652222222222222,600.0,12.0,0.4,417.0,0,0,
18,12.0,4,0.6595,600.0,16.0,0.5333333333333333,,0,0,
19,15.0,4,0.6484444444444445,600.0,14.0,0.4666666666666667,,0,0,
20,8.0,5,0.44949999999999996,600.0,7.0,0.2333333333333333,298.0,0,0,
21,10.0,5,0.4828888888888888,600.0,8.0,0.2666666666666666,285.0,0,0,
22,12.0,5,0.45561111111111113,600.0,8.0,0.2666666666666666,201.0,0,0,
23,15.0,5,0.4475555555555555,600.0,6.0,0.2,240.0,0,0,
24,8.0,6,0.33,600.0,4.0,0.1333333333333333,159.0,0,0,
25,10.0,6,0.3591111111111111,600.0,4.0,0.1333333333333333,212.0,0,0,
26,12.0,6,0.37249999999999994,600.0,5.0,0.1666666666666666,233.0,0,0,
27,15.0,6,0.39644444444444443,600.0,3.0,0.1,258.0,0,0,
28,8.0,7,0.4935555555555555,600.0,12.0,0.4,258.0,0,0,
29,10.0,7,0.4797222222222222,600.0,8.0,0.2666666666666666,332.0,0,0,
30,12.0,7,0.5023333333333333,600.0,10.0,0.3333333333333333,277.0,0,0,
31,15.0,7,0.40388888888888885,600.0,5.0,0.1666666666666666,268.0,0,0,
32,8.0,8,0.3752222222222222,600.0,7.0,0.2333333333333333,134.0,0,0,
33,10.0,8,0.3476666666666667,600.0,6.0,0.2,133.0,0,0,
34,12.0,8,0.4522777777777778,600.0,5.0,0.1666666666666666,393.0,0,0,
35,15.0,8,0.4552777777777777,600.0,8.0,0.2666666666666666,318.0,0,0,
36,8.0,9,0.44322222222222224,600.0,7.0,0.2333333333333333,271.0,0,0,
37,10.0,9,0.4299444444444444,600.0,8.0,0.2666666666666666,221.0,0,0,
38,12.0,9,0.45344444444444443,600.0,9.0,0.3,222.0,0,0,
39,15.0,9,0.4417222222222222,600.0,7.0,0.2333333333333333,248.0,0,0,
40,8.0,10,0.40694444444444444,600.0,9.0,0.3,132.0,0,0,
41,10.0,10,0.40422222222222215,600.0,7.0,0.2333333333333333,178.0,0,0,
42,12.0,10,0.3432222222222222,600.0,5.0,0.1666666666666666,135.0,0,0,
43,15.0,10,0.2938333333333333,600.0,3.0,0.1,131.0,0,0,
44,8.0,11,0.5049444444444444,600.0,10.0,0.3333333333333333,393.0,0,0,
45,10.0,11,0.5452222222222222,600.0,11.0,0.3666666666666666,414.0,0,0,
46,12.0,11,0.45877777777777773,600.0,9.0,0.3,251.0,0,0,
47,15.0,11,0.453,600.0,7.0,0.2333333333333333,314.0,0,0,
48,8.0,12,0.40349999999999997,600.0,7.0,0.2333333333333333,200.0,0,0,
49,10.0,12,0.35777777777777775,600.0,6.0,0.2,194.0,0,0,
50,12.0,12,0.3425,600.0,6.0,0.2,155.0,0,0,
51,15.0,12,0.33016666666666666,600.0,1.0,0.0333333333333333,176.0,0,0,
52,8.0,13,0.5068888888888888,600.0,11.0,0.3666666666666666,334.0,0,0,
53,10.0,13,0.4948333333333333,600.0,7.0,0.2333333333333333,487.0,0,0,
54,12.0,13,0.5852222222222222,600.0,11.0,0.3666666666666666,512.0,0,0,
55,15.0,13,0.46061111111111114,600.0,7.0,0.2333333333333333,319.0,0,0,
56,8.0,14,0.5628333333333333,600.0,9.0,0.3,478.0,0,0,
57,10.0,14,0.5595,600.0,9.0,0.3,409.0,0,0,
58,12.0,14,0.4726666666666666,600.0,5.0,0.1666666666666666,312.0,0,0,
59,15.0,14,0.5563888888888888,600.0,12.0,0.4,420.0,0,0,
60,8.0,15,0.4096111111111111,600.0,7.0,0.2333333333333333,179.0,0,0,
61,10.0,15,0.6266111111111111,600.0,17.0,0.5666666666666667,,0,0,
62,12.0,15,0.6445,600.0,17.0,0.5666666666666667,,0,0,
63,15.0,15,0.4697777777777778,600.0,9.0,0.3,137.0,0,0,
64,8.0,16,0.37755555555555553,600.0,5.0,0.1666666666666666,224.0,0,0,
65,10.0,16,0.3885,600.0,5.0,0.1666666666666666,254.0,0,0,
66,12.0,16,0.3598333333333333,600.0,5.0,0.1666666666666666,194.0,0,0,
67,15.0,16,0.41588888888888886,600.0,6.0,0.2,192.0,0,0,
68,8.0,17,0.4751111111111111,600.0,11.0,0.3666666666666666,277.0,0,0,
69,10.0,17,0.4134444444444444,600.0,7.0,0.2333333333333333,165.0,0,0,
70,12.0,17,0.49399999999999994,600.0,6.0,0.2,378.0,0,0,
71,15.0,17,0.44361111111111107,600.0,7.0,0.2333333333333333,277.0,0,0,
72,8.0,18,0.48883333333333334,600.0,7.0,0.2333333333333333,352.0,0,0,
73,10.0,18,0.4471666666666667,600.0,7.0,0.2333333333333333,236.0,0,0,
74,12.0,18,0.3793333333333333,600.0,3.0,0.1,185.0,0,0,
75,15.0,18,0.4347222222222222,600.0,5.0,0.1666666666666666,192.0,0,0,
76,8.0,19,0.3586111111111111,600.0,7.0,0.2333333333333333,106.0,0,0,
77,10.0,19,0.30877777777777776,600.0,2.0,0.0666666666666666,101.0,0,0,
78,12.0,19,0.34083333333333327,600.0,4.0,0.1333333333333333,98.0,0,0,
79,15.0,19,0.3507777777777778,600.0,1.0,0.0333333333333333,101.0,0,0,
80,8.0,20,0.4006111111111111,600.0,8.0,0.2666666666666666,145.0,0,0,
81,10.0,20,0.3854444444444444,600.0,5.0,0.1666666666666666,215.0,0,0,
82,12.0,20,0.5023333333333333,600.0,11.0,0.3666666666666666,530.0,0,0,
83,15.0,20,0.43816666666666665,600.0,9.0,0.3,234.0,0,0,
84,8.0,21,0.47361111111111115,600.0,9.0,0.3,279.0,0,0,
85,10.0,21,0.5489444444444445,600.0,10.0,0.3333333333333333,525.0,0,0,
86,12.0,21,0.41238888888888886,600.0,5.0,0.1666666666666666,274.0,0,0,
87,15.0,21,0.45616666666666666,600.0,6.0,0.2,344.0,0,0,
88,8.0,22,0.4244444444444444,600.0,8.0,0.2666666666666666,175.0,0,0,
89,10.0,22,0.3501111111111111,600.0,7.0,0.2333333333333333,156.0,0,0,
90,12.0,22,0.2922222222222222,600.0,2.0,0.0666666666666666,135.0,0,0,
91,15.0,22,0.3406111111111111,600.0,5.0,0.1666666666666666,107.0,0,0,
92,8.0,23,0.45011111111111113,600.0,6.0,0.2,326.0,0,0,
93,10.0,23,0.40455555555555556,600.0,6.0,0.2,225.0,0,0,
94,12.0,23,0.36477777777777776,600.0,3.0,0.1,180.0,0,0,
95,15.0,23,0.23677777777777778,600.0,0.0,0.0,118.0,0,0,
96,8.0,24,0.5209444444444444,600.0,8.0,0.2666666666666666,330.0,0,0,
97,10.0,24,0.4646666666666667,600.0,8.0,0.2666666666666666,239.0,0,0,
98,12.0,24,0.5033333333333333,600.0,10.0,0.3333333333333333,284.0,0,0,
99,15.0,24,0.49088888888888893,600.0,1.0,0.0333333333333333,359.0,0,0,
100,8.0,25,0.41177777777777774,600.0,6.0,0.2,235.0,0,0,
101,10.0,25,0.42194444444444446,600.0,9.0,0.3,185.0,0,0,
102,12.0,25,0.42338888888888887,600.0,8.0,0.2666666666666666,240.0,0,0,
103,15.0,25,0.4443888888888889,600.0,8.0,0.2666666666666666,243.0,0,0,
104,8.0,26,0.4897777777777778,600.0,11.0,0.3666666666666666,276.0,0,0,
105,10.0,26,0.36094444444444446,600.0,3.0,0.1,217.0,0,0,
106,12.0,26,0.3476666666666667,600.0,3.0,0.1,177.0,0,0,
107,15.0,26,0.31155555555555553,600.0,2.0,0.0666666666666666,207.0,0,0,
108,8.0,27,0.40144444444444444,600.0,7.0,0.2333333333333333,204.0,0,0,
109,10.0,27,0.4116666666666667,600.0,7.0,0.2333333333333333,250.0,0,0,
110,12.0,27,0.37277777777777776,600.0,6.0,0.2,187.0,0,0,
111,15.0,27,0.40938888888888886,600.0,7.0,0.2333333333333333,202.0,0,0,
112,8.0,28,0.4103333333333333,600.0,8.0,0.2666666666666666,238.0,0,0,
113,10.0,28,0.3641666666666667,600.0,3.0,0.1,248.0,0,0,
114,12.0,28,0.3763333333333333,600.0,5.0,0.1666666666666666,226.0,0,0,
115,15.0,28,0.33588888888888885,600.0,5.0,0.1666666666666666,195.0,0,0,
116,8.0,29,0.5285,600.0,11.0,0.3666666666666666,399.0,0,0,
117,10.0,29,0.5740555555555555,600.0,14.0,0.4666666666666667,,0,0,
118,12.0,29,0.5176666666666666,600.0,11.0,0.3666666666666666,347.0,0,0,
119,15.0,29,0.62,600.0,14.0,0.4666666666666667,,0,0,
120,8.0,30,0.44855555555555554,600.0,10.0,0.3333333333333333,206.0,0,0,
121,10.0,30,0.4201111111111111,600.0,9.0,0.3,216.0,0,0,
122,12.0,30,0.35738888888888887,600.0,5.0,0.1666666666666666,132.0,0,0,
123,15.0,30,0.4121666666666667,600.0,5.0,0.1666666666666666,310.0,0,0,
124,8.0,31,0.4826111111111111,600.0,11.0,0.3666666666666666,168.0,0,0,
125,10.0,31,0.4567777777777778,600.0,8.0,0.2666666666666666,265.0,0,0,
126,12.0,31,0.48105555555555557,600.0,6.0,0.2,348.0,0,0,
127,15.0,31,0.4772222222222222,600.0,8.0,0.2666666666666666,302.0,0,0,
128,8.0,32,0.3535,600.0,7.0,0.2333333333333333,93.0,0,0,
129,10.0,32,0.3516666666666666,600.0,8.0,0.2666666666666666,86.0,0,0,
130,12.0,32,0.2767222222222222,600.0,4.0,0.1333333333333333,92.0,0,0,
131,15.0,32,0.3292222222222222,600.0,4.0,0.1333333333333333,114.0,0,0,
132,8.0,33,0.5519444444444445,600.0,9.0,0.3,545.0,0,0,
133,10.0,33,0.44083333333333335,600.0,10.0,0.3333333333333333,194.0,0,0,
134,12.0,33,0.4766666666666667,600.0,7.0,0.2333333333333333,444.0,0,0,
135,15.0,33,0.5398888888888889,600.0,12.0,0.4,442.0,0,0,
136,8.0,34,0.4604999999999999,600.0,7.0,0.2333333333333333,232.0,0,0,
137,10.0,34,0.3813333333333333,600.0,6.0,0.2,200.0,0,0,
138,12.0,34,0.3940555555555555,600.0,6.0,0.2,203.0,0,0,
139,15.0,34,0.3665555555555555,600.0,5.0,0.1666666666666666,202.0,0,0,
140,8.0,35,0.43899999999999995,600.0,7.0,0.2333333333333333,249.0,0,0,
141,10.0,35,0.4382777777777777,600.0,7.0,0.2333333333333333,277.0,0,0,
142,12.0,35,0.3703888888888889,600.0,4.0,0.1333333333333333,207.0,0,0,
143,15.0,35,0.2901111111111111,600.0,0.0,0.0,177.0,0,0,
144,8.0,36,0.32466666666666666,600.0,7.0,0.2333333333333333,81.0,0,0,
145,10.0,36,0.29888888888888887,600.0,5.0,0.1666666666666666,97.0,0,0,
146,12.0,36,0.33444444444444443,600.0,5.0,0.1666666666666666,121.0,0,0,
147,15.0,36,0.33016666666666666,600.0,4.0,0.1333333333333333,139.0,0,0,
148,8.0,37,0.4731666666666666,600.0,10.0,0.3333333333333333,269.0,0,0,
149,10.0,37,0.487,600.0,9.0,0.3,272.0,0,0,
150,12.0,37,0.4743333333333333,600.0,10.0,0.3333333333333333,273.0,0,0,
151,15.0,37,0.45699999999999996,600.0,6.0,0.2,257.0,0,0,
152,8.0,38,0.41127777777777774,600.0,6.0,0.2,202.0,0,0,
153,10.0,38,0.49222222222222217,600.0,7.0,0.2333333333333333,315.0,0,0,
154,12.0,38,0.4600555555555555,600.0,5.0,0.1666666666666666,238.0,0,0,
155,15.0,38,0.39911111111111114,600.0,4.0,0.1333333333333333,261.0,0,0,
156,8.0,39,0.37977777777777777,600.0,7.0,0.2333333333333333,146.0,0,0,
157,10.0,39,0.37227777777777776,600.0,7.0,0.2333333333333333,199.0,0,0,
158,12.0,39,0.3996111111111111,600.0,6.0,0.2,217.0,0,0,
159,15.0,39,0.44416666666666665,600.0,10.0,0.3333333333333333,326.0,0,0,
160,8.0,40,0.47050000000000003,600.0,9.0,0.3,287.0,0,0,
161,10.0,40,0.5013888888888889,600.0,9.0,0.3,441.0,0,0,
162,12.0,40,0.41044444444444445,600.0,9.0,0.3,153.0,0,0,
163,15.0,40,0.5011666666666666,600.0,7.0,0.2333333333333333,428.0,0,0,
164,8.0,41,0.4882222222222222,600.0,7.0,0.2333333333333333,288.0,0,0,
165,10.0,41,0.44227777777777777,600.0,7.0,0.2333333333333333,293.0,0,0,
166,12.0,41,0.5153888888888889,600.0,6.0,0.2,355.0,0,0,
167,15.0,41,0.47661111111111104,600.0,6.0,0.2,314.0,0,0,
168,8.0,42,0.5562777777777778,600.0,11.0,0.3666666666666666,478.0,0,0,
169,10.0,42,0.5650555555555555,600.0,11.0,0.3666666666666666,506.0,0,0,
170,12.0,42,0.4845,600.0,9.0,0.3,332.0,0,0,
171,15.0,42,0.5629444444444445,600.0,7.0,0.2333333333333333,462.0,0,0,
172,8.0,43,0.4542777777777778,600.0,9.0,0.3,310.0,0,0,
173,10.0,43,0.5196666666666666,600.0,11.0,0.3666666666666666,378.0,0,0,
174,12.0,43,0.4995,600.0,10.0,0.3333333333333333,406.0,0,0,
175,15.0,43,0.5216666666666666,600.0,11.0,0.3666666666666666,456.0,0,0,
176,8.0,44,0.4703333333333333,600.0,9.0,0.3,248.0,0,0,
177,10.0,44,0.4335555555555555,600.0,9.0,0.3,209.0,0,0,
178,12.0,44,0.4246111111111111,600.0,8.0,0.2666666666666666,194.0,0,0,
179,15.0,44,0.4107777777777778,600.0,7.0,0.2333333333333333,195.0,0,0,
180,8.0,45,0.36561111111111105,600.0,5.0,0.1666666666666666,166.0,0,0,
181,10.0,45,0.3129444444444444,600.0,4.0,0.1333333333333333,134.0,0,0,
182,12.0,45,0.29783333333333334,600.0,1.0,0.0333333333333333,140.0,0,0,
183,15.0,45,0.39166666666666666,600.0,1.0,0.0333333333333333,299.0,0,0,
184,8.0,46,0.39922222222222215,600.0,5.0,0.1666666666666666,302.0,0,0,
185,10.0,46,0.412,600.0,6.0,0.2,235.0,0,0,
186,12.0,46,0.39011111111111113,600.0,6.0,0.2,220.0,0,0,
187,15.0,46,0.34788888888888886,600.0,4.0,0.1333333333333333,180.0,0,0,
188,8.0,47,0.3658333333333333,600.0,4.0,0.1333333333333333,211.0,0,0,
189,10.0,47,0.5137777777777778,600.0,4.0,0.1333333333333333,469.0,0,0,
190,12.0,47,0.4885555555555555,600.0,7.0,0.2333333333333333,379.0,0,0,
191,15.0,47,0.5342222222222222,600.0,8.0,0.2666666666666666,370.0,0,0,
192,8.0,48,0.4648888888888889,600.0,8.0,0.2666666666666666,254.0,0,0,
193,10.0,48,0.4131666666666667,600.0,6.0,0.2,183.0,0,0,
194,12.0,48,0.3589444444444444,600.0,4.0,0.1333333333333333,241.0,0,0,
195,15.0,48,0.3591111111111111,600.0,5.0,0.1666666666666666,170.0,0,0,
196,8.0,49,0.33349999999999996,600.0,2.0,0.0666666666666666,147.0,0,0,
197,10.0,49,0.3094444444444444,600.0,1.0,0.0333333333333333,229.0,0,0,
198,12.0,49,0.31161111111111106,600.0,2.0,0.0666666666666666,155.0,0,0,
199,15.0,49,0.3265,600.0,0.0,0.0,189.0,0,0,
200,8.0,50,0.4082777777777778,600.0,9.0,0.3,225.0,0,0,
201,10.0,50,0.3208888888888889,600.0,3.0,0.1,119.0,0,0,
202,12.0,50,0.3768333333333333,600.0,6.0,0.2,189.0,0,0,
203,15.0,50,0.38749999999999996,600.0,8.0,0.2666666666666666,186.0,0,0,
204,8.0,51,0.45699999999999996,600.0,10.0,0.3333333333333333,247.0,0,0,
205,10.0,51,0.43361111111111106,600.0,9.0,0.3,222.0,0,0,
206,12.0,51,0.4069444444444444,600.0,8.0,0.2666666666666666,213.0,0,0,
207,15.0,51,0.4225555555555556,600.0,8.0,0.2666666666666666,211.0,0,0,
208,8.0,52,0.42649999999999993,600.0,8.0,0.2666666666666666,259.0,0,0,
209,10.0,52,0.49572222222222223,600.0,10.0,0.3333333333333333,389.0,0,0,
210,12.0,52,0.45838888888888885,600.0,8.0,0.2666666666666666,215.0,0,0,
211,15.0,52,0.505,600.0,10.0,0.3333333333333333,354.0,0,0,
212,8.0,53,0.437,600.0,8.0,0.2666666666666666,214.0,0,0,
213,10.0,53,0.3837222222222222,600.0,5.0,0.1666666666666666,242.0,0,0,
214,12.0,53,0.39749999999999996,600.0,8.0,0.2666666666666666,289.0,0,0,
215,15.0,53,0.2994444444444444,600.0,1.0,0.0333333333333333,171.0,0,0,
216,8.0,54,0.39705555555555555,600.0,9.0,0.3,87.0,0,0,
217,10.0,54,0.3225,600.0,4.0,0.1333333333333333,87.0,0,0,
218,12.0,54,0.28655555555555556,600.0,3.0,0.1,87.0,0,0,
219,15.0,54,0.3434444444444444,600.0,3.0,0.1,133.0,0,0,
220,8.0,55,0.6412777777777777,600.0,13.0,0.4333333333333333,,0,0,
221,10.0,55,0.6026666666666666,600.0,13.0,0.4333333333333333,,0,0,
222,12.0,55,0.46861111111111103,600.0,9.0,0.3,203.0,0,0,
223,15.0,55,0.4072222222222222,600.0,7.0,0.2333333333333333,177.0,0,0,
224,8.0,56,0.4033333333333333,600.0,6.0,0.2,176.0,0,0,
225,10.0,56,0.4801111111111111,600.0,9.0,0.3,271.0,0,0,
226,12.0,56,0.39827777777777773,600.0,7.0,0.2333333333333333,191.0,0,0,
227,15.0,56,0.33144444444444443,600.0,3.0,0.1,174.0,0,0,
228,8.0,57,0.4630555555555555,600.0,9.0,0.3,269.0,0,0,
229,10.0,57,0.45866666666666667,600.0,8.0,0.2666666666666666,243.0,0,0,
230,12.0,57,0.4881111111111111,600.0,7.0,0.2333333333333333,334.0,0,0,
231,15.0,57,0.4730555555555555,600.0,7.0,0.2333333333333333,269.0,0,0,
232,8.0,58,0.44805555555555554,600.0,10.0,0.3333333333333333,190.0,0,0,
233,10.0,58,0.40388888888888885,600.0,6.0,0.2,235.0,0,0,
234,12.0,58,0.3744444444444444,600.0,8.0,0.2666666666666666,116.0,0,0,
235,15.0,58,0.35088888888888886,600.0,5.0,0.1666666666666666,140.0,0,0,
236,8.0,59,0.3399444444444444,600.0,6.0,0.2,179.0,0,0,
237,10.0,59,0.3403333333333333,600.0,6.0,0.2,158.0,0,0,
238,12.0,59,0.33244444444444443,600.0,5.0,0.1666666666666666,185.0,0,0,
239,15.0,59,0.30666666666666664,600.0,4.0,0.1333333333333333,160.0,0,0,
240,8.0,60,0.5483333333333333,600.0,14.0,0.4666666666666667,,0,0,
241,10.0,60,0.5223333333333333,600.0,11.0,0.3666666666666666,350.0,0,0,
242,12.0,60,0.5137222222222222,600.0,13.0,0.4333333333333333,,0,0,
243,15.0,60,0.4343333333333333,600.0,8.0,0.2666666666666666,199.0,0,0,
244,8.0,61,0.42244444444444446,600.0,9.0,0.3,214.0,0,0,
245,10.0,61,0.4254444444444444,600.0,8.0,0.2666666666666666,231.0,0,0,
246,12.0,61,0.31211111111111106,600.0,3.0,0.1,205.0,0,0,
247,15.0,61,0.35516666666666663,600.0,1.0,0.0333333333333333,235.0,0,0,
248,8.0,62,0.39144444444444443,600.0,9.0,0.3,103.0,0,0,
249,10.0,62,0.3935,600.0,7.0,0.2333333333333333,107.0,0,0,
250,12.0,62,0.5111666666666667,600.0,9.0,0.3,531.0,0,0,
251,15.0,62,0.49616666666666664,600.0,11.0,0.3666666666666666,237.0,0,0,
252,8.0,63,0.3233333333333333,600.0,6.0,0.2,93.0,0,0,
253,10.0,63,0.3664444444444444,600.0,8.0,0.2666666666666666,116.0,0,0,
254,12.0,63,0.38088888888888883,600.0,7.0,0.2333333333333333,112.0,0,0,
255,15.0,63,0.40511111111111103,600.0,7.0,0.2333333333333333,180.0,0,0,
256,8.0,64,0.48766666666666664,600.0,9.0,0.3,286.0,0,0,
257,10.0,64,0.43772222222222223,600.0,7.0,0.2333333333333333,243.0,0,0,
258,12.0,64,0.4502777777777777,600.0,4.0,0.1333333333333333,187.0,0,0,
259,15.0,64,0.46388888888888885,600.0,8.0,0.2666666666666666,265.0,0,0,
260,8.0,65,0.424,600.0,9.0,0.3,203.0,0,0,
261,10.0,65,0.40944444444444444,600.0,8.0,0.2666666666666666,207.0,0,0,
262,12.0,65,0.38311111111111107,600.0,6.0,0.2,212.0,0,0,
263,15.0,65,0.3818333333333333,600.0,2.0,0.0666666666666666,167.0,0,0,
264,8.0,66,0.37272222222222223,600.0,7.0,0.2333333333333333,88.0,0,0,
265,10.0,66,0.34794444444444445,600.0,5.0,0.1666666666666666,91.0,0,0,
266,12.0,66,0.3228333333333333,600.0,4.0,0.1333333333333333,106.0,0,0,
267,15.0,66,0.35183333333333333,600.0,3.0,0.1,204.0,0,0,
268,8.0,67,0.4479999999999999,600.0,8.0,0.2666666666666666,290.0,0,0,
269,10.0,67,0.5317222222222223,600.0,13.0,0.4333333333333333,,0,0,
270,12.0,67,0.4276111111111111,600.0,7.0,0.2333333333333333,176.0,0,0,
271,15.0,67,0.5248333333333333,600.0,12.0,0.4,480.0,0,0,
272,8.0,68,0.4547222222222222,600.0,8.0,0.2666666666666666,244.0,0,0,
273,10.0,68,0.47205555555555556,600.0,9.0,0.3,372.0,0,0,
274,12.0,68,0.4338888888888889,600.0,7.0,0.2333333333333333,201.0,0,0,
275,15.0,68,0.43333333333333335,600.0,8.0,0.2666666666666666,216.0,0,0,
276,8.0,69,0.5506111111111112,600.0,12.0,0.4,494.0,0,0,
277,10.0,69,0.381,600.0,1.0,0.0333333333333333,235.0,0,0,
278,12.0,69,0.4187222222222222,600.0,1.0,0.0333333333333333,259.0,0,0,
279,15.0,69,0.3625555555555556,600.0,0.0,0.0,294.0,0,0,
280,8.0,70,0.4381111111111111,600.0,10.0,0.3333333333333333,189.0,0,0,
281,10.0,70,0.30905555555555553,600.0,4.0,0.1333333333333333,111.0,0,0,
282,12.0,70,0.40155555555555555,600.0,8.0,0.2666666666666666,118.0,0,0,
283,15.0,70,0.37461111111111106,600.0,5.0,0.1666666666666666,128.0,0,0,
284,8.0,71,0.42972222222222217,600.0,6.0,0.2,202.0,0,0,
285,10.0,71,0.4646111111111111,600.0,9.0,0.3,397.0,0,0,
286,12.0,71,0.407,600.0,4.0,0.1333333333333333,329.0,0,0,
287,15.0,71,0.47377777777777774,600.0,8.0,0.2666666666666666,328.0,0,0,
288,8.0,72,0.4843333333333333,600.0,9.0,0.3,252.0,0,0,
289,10.0,72,0.49127777777777776,600.0,10.0,0.3333333333333333,231.0,0,0,
290,12.0,72,0.5662222222222222,600.0,13.0,0.4333333333333333,,0,0,
291,15.0,72,0.5442777777777777,600.0,7.0,0.2333333333333333,390.0,0,0,
292,8.0,73,0.4354444444444444,600.0,7.0,0.2333333333333333,230.0,0,0,
293,10.0,73,0.32361111111111107,600.0,2.0,0.0666666666666666,227.0,0,0,
294,12.0,73,0.4186111111111111,600.0,5.0,0.1666666666666666,224.0,0,0,
295,15.0,73,0.38355555555555554,600.0,4.0,0.1333333333333333,220.0,0,0,
296,8.0,74,0.4427222222222222,600.0,9.0,0.3,223.0,0,0,
297,10.0,74,0.4143888888888888,600.0,8.0,0.2666666666666666,180.0,0,0,
298,12.0,74,0.3812222222222222,600.0,6.0,0.2,181.0,0,0,
299,15.0,74,0.3624444444444444,600.0,4.0,0.1333333333333333,195.0,0,0,
300,8.0,75,0.4854444444444444,600.0,7.0,0.2333333333333333,423.0,0,0,
301,10.0,75,0.5893888888888889,600.0,11.0,0.3666666666666666,586.0,0,0,
302,12.0,75,0.4901666666666666,600.0,7.0,0.2333333333333333,398.0,0,0,
303,15.0,75,0.3727777777777777,600.0,2.0,0.0666666666666666,279.0,0,0,
304,8.0,76,0.45888888888888885,600.0,10.0,0.3333333333333333,417.0,0,0,
305,10.0,76,0.36649999999999994,600.0,6.0,0.2,94.0,0,0,
306,12.0,76,0.44822222222222224,600.0,8.0,0.2666666666666666,250.0,0,0,
307,15.0,76,0.37277777777777776,600.0,4.0,0.1333333333333333,226.0,0,0,
308,8.0,77,0.34005555555555556,600.0,5.0,0.1666666666666666,117.0,0,0,
309,10.0,77,0.3023888888888889,600.0,4.0,0.1333333333333333,148.0,0,0,
310,12.0,77,0.2838333333333333,600.0,1.0,0.0333333333333333,185.0,0,0,
311,15.0,77,0.36399999999999993,600.0,5.0,0.1666666666666666,146.0,0,0,
312,8.0,78,0.36016666666666663,600.0,7.0,0.2333333333333333,128.0,0,0,
313,10.0,78,0.40672222222222215,600.0,8.0,0.2666666666666666,130.0,0,0,
314,12.0,78,0.38027777777777777,600.0,6.0,0.2,155.0,0,0,
315,15.0,78,0.3648888888888889,600.0,5.0,0.1666666666666666,128.0,0,0,
316,8.0,79,0.4654999999999999,600.0,11.0,0.3666666666666666,275.0,0,0,
317,10.0,79,0.4910555555555555,600.0,10.0,0.3333333333333333,436.0,0,0,
318,12.0,79,0.3627222222222222,600.0,6.0,0.2,228.0,0,0,
319,15.0,79,0.35377777777777775,600.0,5.0,0.1666666666666666,199.0,0,0,
320,8.0,80,0.47311111111111115,600.0,9.0,0.3,326.0,0,0,
321,10.0,80,0.4013888888888889,600.0,4.0,0.1333333333333333,232.0,0,0,
322,12.0,80,0.47188888888888886,600.0,8.0,0.2666666666666666,376.0,0,0,
323,15.0,80,0.35777777777777775,600.0,1.0,0.0333333333333333,239.0,0,0,
324,8.0,81,0.4877777777777778,600.0,10.0,0.3333333333333333,465.0,0,0,
325,10.0,81,0.4599999999999999,600.0,11.0,0.3666666666666666,213.0,0,0,
326,12.0,81,0.43816666666666665,600.0,9.0,0.3,235.0,0,0,
327,15.0,81,0.5015,600.0,13.0,0.4333333333333333,,0,0,
328,8.0,82,0.4508333333333333,600.0,9.0,0.3,245.0,0,0,
329,10.0,82,0.4537777777777778,600.0,6.0,0.2,254.0,0,0,
330,12.0,82,0.4852222222222222,600.0,9.0,0.3,204.0,0,0,
331,15.0,82,0.5600555555555556,600.0,8.0,0.2666666666666666,301.0,0,0,
332,8.0,83,0.4642777777777777,600.0,11.0,0.3666666666666666,269.0,0,0,
333,10.0,83,0.44849999999999995,600.0,8.0,0.2666666666666666,108.0,0,0,
334,12.0,83,0.418,600.0,8.0,0.2666666666666666,102.0,0,0,
335,15.0,83,0.4059444444444444,600.0,4.0,0.1333333333333333,319.0,0,0,
336,8.0,84,0.24088888888888887,600.0,1.0,0.0333333333333333,95.0,0,0,
337,10.0,84,0.25249999999999995,600.0,0.0,0.0,101.0,0,0,
338,12.0,84,0.21066666666666664,600.0,0.0,0.0,138.0,0,0,
339,15.0,84,0.22516666666666665,600.0,0.0,0.0,187.0,0,0,
340,8.0,85,0.349,600.0,8.0,0.2666666666666666,101.0,0,0,
341,10.0,85,0.38766666666666666,600.0,9.0,0.3,117.0,0,0,
342,12.0,85,0.4073888888888889,600.0,10.0,0.3333333333333333,130.0,0,0,
343,15.0,85,0.4483333333333333,600.0,10.0,0.3333333333333333,194.0,0,0,
344,8.0,86,0.4650555555555555,600.0,9.0,0.3,294.0,0,0,
345,10.0,86,0.4244444444444444,600.0,7.0,0.2333333333333333,261.0,0,0,
346,12.0,86,0.4717777777777778,600.0,8.0,0.2666666666666666,280.0,0,0,
347,15.0,86,0.43599999999999994,600.0,7.0,0.2333333333333333,263.0,0,0,
348,8.0,87,0.4676111111111111,600.0,11.0,0.3666666666666666,179.0,0,0,
349,10.0,87,0.3075555555555555,600.0,4.0,0.1333333333333333,108.0,0,0,
350,12.0,87,0.3884444444444444,600.0,8.0,0.2666666666666666,147.0,0,0,
351,15.0,87,0.32205555555555554,600.0,3.0,0.1,147.0,0,0,
352,8.0,88,0.41127777777777774,600.0,9.0,0.3,141.0,0,0,
353,10.0,88,0.3466666666666666,600.0,4.0,0.1333333333333333,215.0,0,0,
354,12.0,88,0.3388333333333333,600.0,4.0,0.1333333333333333,218.0,0,0,
355,15.0,88,0.3069444444444444,600.0,0.0,0.0,229.0,0,0,
356,8.0,89,0.4347222222222222,600.0,8.0,0.2666666666666666,247.0,0,0,
357,10.0,89,0.44788888888888884,600.0,8.0,0.2666666666666666,226.0,0,0,
358,12.0,89,0.36811111111111106,600.0,3.0,0.1,271.0,0,0,
359,15.0,89,0.39949999999999997,600.0,3.0,0.1,260.0,0,0,
360,8.0,90,0.4983888888888888,600.0,11.0,0.3666666666666666,252.0,0,0,
361,10.0,90,0.4552222222222222,600.0,10.0,0.3333333333333333,211.0,0,0,
362,12.0,90,0.44911111111111107,600.0,9.0,0.3,234.0,0,0,
363,15.0,90,0.3283333333333333,600.0,3.0,0.1,170.0,0,0,
364,8.0,91,0.47138888888888886,600.0,9.0,0.3,352.0,0,0,
365,10.0,91,0.41677777777777775,600.0,7.0,0.2333333333333333,238.0,0,0,
366,12.0,91,0.45277777777777783,600.0,10.0,0.3333333333333333,235.0,0,0,
367,15.0,91,0.48866666666666664,600.0,10.0,0.3333333333333333,392.0,0,0,
368,8.0,92,0.3626111111111111,600.0,5.0,0.1666666666666666,148.0,0,0,
369,10.0,92,0.3816666666666666,600.0,5.0,0.1666666666666666,176.0,0,0,
370,12.0,92,0.40811111111111115,600.0,6.0,0.2,282.0,0,0,
371,15.0,92,0.373,600.0,5.0,0.1666666666666666,244.0,0,0,
372,8.0,93,0.46094444444444443,600.0,9.0,0.3,210.0,0,0,
373,10.0,93,0.4597777777777778,600.0,8.0,0.2666666666666666,263.0,0,0,
374,12.0,93,0.4095555555555555,600.0,5.0,0.1666666666666666,205.0,0,0,
375,15.0,93,0.35605555555555557,600.0,1.0,0.0333333333333333,220.0,0,0,
376,8.0,94,0.43361111111111106,600.0,8.0,0.2666666666666666,208.0,0,0,
377,10.0,94,0.4571111111111111,600.0,9.0,0.3,274.0,0,0,
378,12.0,94,0.46699999999999997,600.0,9.0,0.3,198.0,0,0,
379,15.0,94,0.4698888888888889,600.0,6.0,0.2,273.0,0,0,
380,8.0,95,0.3738333333333333,600.0,8.0,0.2666666666666666,101.0,0,0,
381,10.0,95,0.32449999999999996,600.0,5.0,0.1666666666666666,101.0,0,0,
382,12.0,95,0.41477777777777775,600.0,10.0,0.3333333333333333,103.0,0,0,
383,15.0,95,0.4464444444444445,600.0,7.0,0.2333333333333333,411.0,0,0,
384,8.0,96,0.45155555555555554,600.0,8.0,0.2666666666666666,233.0,0,0,
385,10.0,96,0.45966666666666667,600.0,9.0,0.3,220.0,0,0,
386,12.0,96,0.49316666666666664,600.0,11.0,0.3666666666666666,410.0,0,0,
387,15.0,96,0.34149999999999997,600.0,2.0,0.0666666666666666,243.0,0,0,
388,8.0,97,0.3848333333333333,600.0,7.0,0.2333333333333333,203.0,0,0,
389,10.0,97,0.3953333333333333,600.0,6.0,0.2,207.0,0,0,
390,12.0,97,0.4462777777777778,600.0,10.0,0.3333333333333333,341.0,0,0,
391,15.0,97,0.39566666666666667,600.0,6.0,0.2,286.0,0,0,
392,8.0,98,0.22527777777777777,600.0,3.0,0.1,75.0,0,0,
393,10.0,98,0.2215555555555555,600.0,2.0,0.0666666666666666,75.0,0,0,
394,12.0,98,0.23149999999999996,600.0,0.0,0.0,74.0,0,0,
395,15.0,98,0.33444444444444443,600.0,3.0,0.1,208.0,0,0,
396,8.0,99,0.3134444444444444,600.0,3.0,0.1,100.0,0,0,
397,10.0,99,0.29911111111111105,600.0,2.0,0.0666666666666666,99.0,0,0,
398,12.0,99,0.3072222222222222,600.0,2.0,0.0666666666666666,225.0,0,0,
399,15.0,99,0.28788888888888886,600.0,0.0,0.0,209.0,0,0,
