RunId,priority_range_width,drone_sensing_radius,seed,J_delta,final_time_s,final_residual_deficit,final_normalized_deficit,time_to_90_percent_nominal_service_s,event_episodes,event_episodes_reaching_90_percent_nominal_service,mean_time_to_90_percent_nominal_service_after_event_s
0,0,10.0,0,0.34291666666666665,600.0,3.0,0.15,,0,0,
1,0,15.0,0,0.3521666666666667,600.0,1.0,0.05,470.0,0,0,
2,0,20.0,0,0.1915,600.0,1.0,0.05,149.0,0,0,
3,0,25.0,0,0.21883333333333335,600.0,0.0,0.0,281.0,0,0,
4,0,10.0,1,0.2634166666666667,600.0,2.0,0.1,337.0,0,0,
5,0,15.0,1,0.2653333333333333,600.0,3.0,0.15,,0,0,
6,0,20.0,1,0.161,600.0,0.0,0.0,206.0,0,0,
7,0,25.0,1,0.24941666666666668,600.0,1.0,0.05,476.0,0,0,
8,0,10.0,2,0.19541666666666666,600.0,0.0,0.0,266.0,0,0,
9,0,15.0,2,0.18241666666666667,600.0,0.0,0.0,222.0,0,0,
10,0,20.0,2,0.27,600.0,3.0,0.15,,0,0,
11,0,25.0,2,0.20633333333333334,600.0,2.0,0.1,252.0,0,0,
12,0,10.0,3,0.3665,600.0,1.0,0.05,543.0,0,0,
13,0,15.0,3,0.3409166666666667,600.0,1.0,0.05,426.0,0,0,
14,0,20.0,3,0.2694166666666667,600.0,1.0,0.05,515.0,0,0,
15,0,25.0,3,0.22083333333333333,600.0,2.0,0.1,197.0,0,0,
16,0,10.0,4,0.33791666666666664,600.0,1.0,0.05,448.0,0,0,
17,0,15.0,4,0.46149999999999997,600.0,5.0,0.25,,0,0,
18,0,20.0,4,0.3586666666666667,600.0,2.0,0.1,496.0,0,0,
19,0,25.0,4,0.3441666666666667,600.0,3.0,0.15,,0,0,
20,0,10.0,5,0.2319166666666667,600.0,3.0,0.15,,0,0,
21,0,15.0,5,0.28150000000000003,600.0,3.0,0.15,,0,0,
22,0,20.0,5,0.18083333333333335,600.0,0.0,0.0,349.0,0,0,
23,0,25.0,5,0.17275000000000001,600.0,0.0,0.0,193.0,0,0,
24,0,10.0,6,0.3268333333333333,600.0,1.0,0.05,515.0,0,0,
25,0,15.0,6,0.39416666666666667,600.0,3.0,0.15,,0,0,
26,0,20.0,6,0.2503333333333333,600.0,0.0,0.0,250.0,0,0,
27,0,25.0,6,0.24541666666666667,600.0,1.0,0.05,345.0,0,0,
28,0,10.0,7,0.30183333333333334,600.0,1.0,0.05,331.0,0,0,
29,0,15.0,7,0.2961666666666667,600.0,1.0,0.05,420.0,0,0,
30,0,20.0,7,0.31708333333333333,600.0,1.0,0.05,384.0,0,0,
31,0,25.0,7,0.3115,600.0,0.0,0.0,520.0,0,0,
32,0,10.0,8,0.3193333333333333,600.0,3.0,0.15,,0,0,
33,0,15.0,8,0.32875,600.0,3.0,0.15,,0,0,
34,0,20.0,8,0.286,600.0,1.0,0.05,446.0,0,0,
35,0,25.0,8,0.277,600.0,3.0,0.15,,0,0,
36,0,10.0,9,0.26625,600.0,0.0,0.0,325.0,0,0,
37,0,15.0,9,0.36666666666666664,600.0,3.0,0.15,,0,0,
38,0,20.0,9,0.29741666666666666,600.0,1.0,0.05,353.0,0,0,
39,0,25.0,9,0.30283333333333334,600.0,2.0,0.1,535.0,0,0,
40,0,10.0,10,0.3284166666666667,600.0,1.0,0.05,421.0,0,0,
41,0,15.0,10,0.36358333333333337,600.0,2.0,0.1,496.0,0,0,
42,0,20.0,10,0.37575,600.0,4.0,0.2,,0,0,
43,0,25.0,10,0.32575000000000004,600.0,1.0,0.05,537.0,0,0,
44,0,10.0,11,0.18591666666666667,600.0,0.0,0.0,381.0,0,0,
45,0,15.0,11,0.22108333333333335,600.0,1.0,0.05,311.0,0,0,
46,0,20.0,11,0.22083333333333333,600.0,0.0,0.0,298.0,0,0,
47,0,25.0,11,0.32433333333333336,600.0,3.0,0.15,,0,0,
48,0,10.0,12,0.3060833333333333,600.0,2.0,0.1,519.0,0,0,
49,0,15.0,12,0.2658333333333333,600.0,1.0,0.05,278.0,0,0,
50,0,20.0,12,0.2659166666666667,600.0,1.0,0.05,423.0,0,0,
51,0,25.0,12,0.27541666666666664,600.0,2.0,0.1,451.0,0,0,
52,0,10.0,13,0.322,600.0,3.0,0.15,,0,0,
53,0,15.0,13,0.2535,600.0,0.0,0.0,364.0,0,0,
54,0,20.0,13,0.3526666666666667,600.0,2.0,0.1,473.0,0,0,
55,0,25.0,13,0.18516666666666667,600.0,0.0,0.0,156.0,0,0,
56,0,10.0,14,0.3259166666666667,600.0,3.0,0.15,,0,0,
57,0,15.0,14,0.2684166666666667,600.0,2.0,0.1,248.0,0,0,
58,0,20.0,14,0.331,600.0,4.0,0.2,,0,0,
59,0,25.0,14,0.2165,600.0,1.0,0.05,131.0,0,0,
60,0,10.0,15,0.3369166666666667,600.0,2.0,0.1,600.0,0,0,
61,0,15.0,15,0.24308333333333332,600.0,0.0,0.0,351.0,0,0,
62,0,20.0,15,0.23583333333333334,600.0,0.0,0.0,275.0,0,0,
63,0,25.0,15,0.26699999999999996,600.0,2.0,0.1,234.0,0,0,
64,0,10.0,16,0.29133333333333333,600.0,2.0,0.1,463.0,0,0,
65,0,15.0,16,0.24533333333333332,600.0,2.0,0.1,388.0,0,0,
66,0,20.0,16,0.282,600.0,2.0,0.1,384.0,0,0,
67,0,25.0,16,0.26116666666666666,600.0,1.0,0.05,467.0,0,0,
68,0,10.0,17,0.32016666666666665,600.0,2.0,0.1,498.0,0,0,
69,0,15.0,17,0.28958333333333336,600.0,1.0,0.05,353.0,0,0,
70,0,20.0,17,0.2890833333333333,600.0,1.0,0.05,262.0,0,0,
71,0,25.0,17,0.19425,600.0,0.0,0.0,217.0,0,0,
72,0,10.0,18,0.30266666666666664,600.0,1.0,0.05,287.0,0,0,
73,0,15.0,18,0.2825,600.0,3.0,0.15,,0,0,
74,0,20.0,18,0.29783333333333334,600.0,2.0,0.1,460.0,0,0,
75,0,25.0,18,0.35541666666666666,600.0,4.0,0.2,,0,0,
76,0,10.0,19,0.26125,600.0,2.0,0.1,356.0,0,0,
77,0,15.0,19,0.31133333333333335,600.0,4.0,0.2,,0,0,
78,0,20.0,19,0.33458333333333334,600.0,3.0,0.15,,0,0,
79,0,25.0,19,0.3016666666666667,600.0,3.0,0.15,,0,0,
80,0,10.0,20,0.35425,600.0,3.0,0.15,,0,0,
81,0,15.0,20,0.24658333333333332,600.0,1.0,0.05,227.0,0,0,
82,0,20.0,20,0.21583333333333332,600.0,0.0,0.0,210.0,0,0,
83,0,25.0,20,0.3343333333333333,600.0,3.0,0.15,,0,0,
84,0,10.0,21,0.3715833333333333,600.0,3.0,0.15,,0,0,
85,0,15.0,21,0.39466666666666667,600.0,3.0,0.15,,0,0,
86,0,20.0,21,0.33791666666666664,600.0,1.0,0.05,428.0,0,0,
87,0,25.0,21,0.36433333333333334,600.0,3.0,0.15,,0,0,
88,0,10.0,22,0.3053333333333333,600.0,2.0,0.1,466.0,0,0,
89,0,15.0,22,0.2546666666666667,600.0,2.0,0.1,439.0,0,0,
90,0,20.0,22,0.18716666666666668,600.0,1.0,0.05,273.0,0,0,
91,0,25.0,22,0.1875,600.0,1.0,0.05,136.0,0,0,
92,0,10.0,23,0.22599999999999998,600.0,0.0,0.0,334.0,0,0,
93,0,15.0,23,0.20450000000000002,600.0,1.0,0.05,238.0,0,0,
94,0,20.0,23,0.19983333333333334,600.0,1.0,0.05,235.0,0,0,
95,0,25.0,23,0.1975,600.0,0.0,0.0,267.0,0,0,
96,0,10.0,24,0.23566666666666666,600.0,1.0,0.05,258.0,0,0,
97,0,15.0,24,0.17941666666666667,600.0,0.0,0.0,187.0,0,0,
98,0,20.0,24,0.17458333333333334,600.0,0.0,0.0,159.0,0,0,
99,0,25.0,24,0.28650000000000003,600.0,1.0,0.05,454.0,0,0,
100,0,10.0,25,0.33516666666666667,600.0,1.0,0.05,567.0,0,0,
101,0,15.0,25,0.28733333333333333,600.0,3.0,0.15,,0,0,
102,0,20.0,25,0.3965833333333333,600.0,5.0,0.25,,0,0,
103,0,25.0,25,0.17475000000000002,600.0,0.0,0.0,253.0,0,0,
104,0,10.0,26,0.4245833333333333,600.0,3.0,0.15,,0,0,
105,0,15.0,26,0.3968333333333333,600.0,2.0,0.1,550.0,0,0,
106,0,20.0,26,0.196,600.0,0.0,0.0,281.0,0,0,
107,0,25.0,26,0.37625,600.0,4.0,0.2,,0,0,
108,0,10.0,27,0.28825,600.0,3.0,0.15,,0,0,
109,0,15.0,27,0.17425,600.0,0.0,0.0,189.0,0,0,
110,0,20.0,27,0.20633333333333334,600.0,2.0,0.1,294.0,0,0,
111,0,25.0,27,0.1285,600.0,0.0,0.0,168.0,0,0,
112,0,10.0,28,0.3411666666666667,600.0,2.0,0.1,506.0,0,0,
113,0,15.0,28,0.26033333333333336,600.0,2.0,0.1,275.0,0,0,
114,0,20.0,28,0.23866666666666664,600.0,0.0,0.0,315.0,0,0,
115,0,25.0,28,0.26908333333333334,600.0,3.0,0.15,,0,0,
116,0,10.0,29,0.307,600.0,2.0,0.1,498.0,0,0,
117,0,15.0,29,0.26558333333333334,600.0,1.0,0.05,301.0,0,0,
118,0,20.0,29,0.2859166666666667,600.0,1.0,0.05,335.0,0,0,
119,0,25.0,29,0.32958333333333334,600.0,4.0,0.2,,0,0,
120,0,10.0,30,0.3125,600.0,3.0,0.15,,0,0,
121,0,15.0,30,0.19883333333333333,600.0,0.0,0.0,395.0,0,0,
122,0,20.0,30,0.15616666666666668,600.0,0.0,0.0,99.0,0,0,
123,0,25.0,30,0.13491666666666668,600.0,0.0,0.0,111.0,0,0,
124,0,10.0,31,0.41458333333333336,600.0,3.0,0.15,,0,0,
125,0,15.0,31,0.35875,600.0,4.0,0.2,,0,0,
126,0,20.0,31,0.4153333333333334,600.0,4.0,0.2,,0,0,
127,0,25.0,31,0.33216666666666667,600.0,3.0,0.15,,0,0,
128,0,10.0,32,0.327,600.0,3.0,0.15,,0,0,
129,0,15.0,32,0.32858333333333334,600.0,3.0,0.15,,0,0,
130,0,20.0,32,0.35400000000000004,600.0,4.0,0.2,,0,0,
131,0,25.0,32,0.26808333333333334,600.0,1.0,0.05,338.0,0,0,
132,0,10.0,33,0.33758333333333335,600.0,4.0,0.2,,0,0,
133,0,15.0,33,0.21825000000000003,600.0,0.0,0.0,199.0,0,0,
134,0,20.0,33,0.22941666666666669,600.0,1.0,0.05,229.0,0,0,
135,0,25.0,33,0.3431666666666667,600.0,4.0,0.2,,0,0,
136,0,10.0,34,0.42725,600.0,2.0,0.1,569.0,0,0,
137,0,15.0,34,0.34958333333333336,600.0,2.0,0.1,568.0,0,0,
138,0,20.0,34,0.30050000000000004,600.0,1.0,0.05,341.0,0,0,
139,0,25.0,34,0.34858333333333336,600.0,3.0,0.15,,0,0,
140,0,10.0,35,0.35866666666666663,600.0,5.0,0.25,,0,0,
141,0,15.0,35,0.35008333333333336,600.0,4.0,0.2,,0,0,
142,0,20.0,35,0.33625,600.0,4.0,0.2,,0,0,
143,0,25.0,35,0.3119166666666667,600.0,3.0,0.15,,0,0,
144,0,10.0,36,0.2565,600.0,2.0,0.1,360.0,0,0,
145,0,15.0,36,0.26525,600.0,1.0,0.05,335.0,0,0,
146,0,20.0,36,0.26491666666666663,600.0,2.0,0.1,451.0,0,0,
147,0,25.0,36,0.36074999999999996,600.0,4.0,0.2,,0,0,
148,0,10.0,37,0.24183333333333332,600.0,1.0,0.05,459.0,0,0,
149,0,15.0,37,0.26516666666666666,600.0,2.0,0.1,502.0,0,0,
150,0,20.0,37,0.32991666666666664,600.0,0.0,0.0,567.0,0,0,
151,0,25.0,37,0.21933333333333332,600.0,1.0,0.05,231.0,0,0,
152,0,10.0,38,0.287,600.0,2.0,0.1,224.0,0,0,
153,0,15.0,38,0.26391666666666663,600.0,2.0,0.1,356.0,0,0,
154,0,20.0,38,0.29941666666666666,600.0,0.0,0.0,407.0,0,0,
155,0,25.0,38,0.2615,600.0,0.0,0.0,396.0,0,0,
156,0,10.0,39,0.22699999999999998,600.0,0.0,0.0,284.0,0,0,
157,0,15.0,39,0.21225,600.0,0.0,0.0,386.0,0,0,
158,0,20.0,39,0.2001666666666667,600.0,0.0,0.0,274.0,0,0,
159,0,25.0,39,0.18175,600.0,1.0,0.05,213.0,0,0,
160,0,10.0,40,0.2809166666666667,600.0,2.0,0.1,241.0,0,0,
161,0,15.0,40,0.3893333333333333,600.0,3.0,0.15,,0,0,
162,0,20.0,40,0.4471666666666667,600.0,4.0,0.2,,0,0,
163,0,25.0,40,0.40791666666666665,600.0,3.0,0.15,,0,0,
164,0,10.0,41,0.4269166666666666,600.0,5.0,0.25,,0,0,
165,0,15.0,41,0.23008333333333336,600.0,1.0,0.05,195.0,0,0,
166,0,20.0,41,0.24975,600.0,0.0,0.0,239.0,0,0,
167,0,25.0,41,0.23425,600.0,0.0,0.0,206.0,0,0,
168,0,10.0,42,0.32483333333333336,600.0,4.0,0.2,,0,0,
169,0,15.0,42,0.28833333333333333,600.0,1.0,0.05,404.0,0,0,
170,0,20.0,42,0.26225,600.0,2.0,0.1,346.0,0,0,
171,0,25.0,42,0.282,600.0,3.0,0.15,,0,0,
172,0,10.0,43,0.306,600.0,1.0,0.05,378.0,0,0,
173,0,15.0,43,0.29625,600.0,3.0,0.15,,0,0,
174,0,20.0,43,0.39566666666666667,600.0,4.0,0.2,,0,0,
175,0,25.0,43,0.18016666666666667,600.0,0.0,0.0,218.0,0,0,
176,0,10.0,44,0.224,600.0,0.0,0.0,469.0,0,0,
177,0,15.0,44,0.2659166666666667,600.0,2.0,0.1,599.0,0,0,
178,0,20.0,44,0.1855,600.0,0.0,0.0,242.0,0,0,
179,0,25.0,44,0.24391666666666667,600.0,0.0,0.0,520.0,0,0,
180,0,10.0,45,0.329,600.0,1.0,0.05,300.0,0,0,
181,0,15.0,45,0.32,600.0,1.0,0.05,317.0,0,0,
182,0,20.0,45,0.3680833333333333,600.0,2.0,0.1,504.0,0,0,
183,0,25.0,45,0.38158333333333333,600.0,4.0,0.2,,0,0,
184,0,10.0,46,0.32716666666666666,600.0,1.0,0.05,296.0,0,0,
185,0,15.0,46,0.4121666666666667,600.0,3.0,0.15,,0,0,
186,0,20.0,46,0.31775000000000003,600.0,2.0,0.1,395.0,0,0,
187,0,25.0,46,0.24591666666666667,600.0,0.0,0.0,314.0,0,0,
188,0,10.0,47,0.25666666666666665,600.0,0.0,0.0,324.0,0,0,
189,0,15.0,47,0.40449999999999997,600.0,2.0,0.1,555.0,0,0,
190,0,20.0,47,0.3459166666666667,600.0,1.0,0.05,518.0,0,0,
191,0,25.0,47,0.23825,600.0,0.0,0.0,315.0,0,0,
192,0,10.0,48,0.36108333333333337,600.0,0.0,0.0,358.0,0,0,
193,0,15.0,48,0.21725,600.0,1.0,0.05,202.0,0,0,
194,0,20.0,48,0.36916666666666664,600.0,4.0,0.2,,0,0,
195,0,25.0,48,0.2075,600.0,0.0,0.0,164.0,0,0,
196,0,10.0,49,0.27958333333333335,600.0,0.0,0.0,327.0,0,0,
197,0,15.0,49,0.26358333333333334,600.0,2.0,0.1,293.0,0,0,
198,0,20.0,49,0.155,600.0,0.0,0.0,172.0,0,0,
199,0,25.0,49,0.17741666666666667,600.0,0.0,0.0,136.0,0,0,
200,0,10.0,50,0.20416666666666666,600.0,1.0,0.05,301.0,0,0,
201,0,15.0,50,0.25416666666666665,600.0,2.0,0.1,456.0,0,0,
202,0,20.0,50,0.26233333333333336,600.0,1.0,0.05,426.0,0,0,
203,0,25.0,50,0.20391666666666666,600.0,0.0,0.0,281.0,0,0,
204,0,10.0,51,0.4760833333333333,600.0,7.0,0.35,,0,0,
205,0,15.0,51,0.27516666666666667,600.0,1.0,0.05,348.0,0,0,
206,0,20.0,51,0.31266666666666665,600.0,4.0,0.2,,0,0,
207,0,25.0,51,0.29025,600.0,2.0,0.1,595.0,0,0,
208,0,10.0,52,0.23800000000000002,600.0,0.0,0.0,264.0,0,0,
209,0,15.0,52,0.23866666666666664,600.0,1.0,0.05,311.0,0,0,
210,0,20.0,52,0.18308333333333332,600.0,0.0,0.0,205.0,0,0,
211,0,25.0,52,0.20608333333333334,600.0,1.0,0.05,208.0,0,0,
212,0,10.0,53,0.3625,600.0,4.0,0.2,,0,0,
213,0,15.0,53,0.31125,600.0,3.0,0.15,,0,0,
214,0,20.0,53,0.29258333333333336,600.0,3.0,0.15,,0,0,
215,0,25.0,53,0.36483333333333334,600.0,4.0,0.2,,0,0,
216,0,10.0,54,0.28675,600.0,2.0,0.1,472.0,0,0,
217,0,15.0,54,0.30366666666666664,600.0,3.0,0.15,,0,0,
218,0,20.0,54,0.33175000000000004,600.0,3.0,0.15,,0,0,
219,0,25.0,54,0.21449999999999997,600.0,0.0,0.0,329.0,0,0,
220,0,10.0,55,0.3448333333333333,600.0,2.0,0.1,380.0,0,0,
221,0,15.0,55,0.29733333333333334,600.0,2.0,0.1,518.0,0,0,
222,0,20.0,55,0.2903333333333334,600.0,2.0,0.1,471.0,0,0,
223,0,25.0,55,0.23458333333333334,600.0,0.0,0.0,282.0,0,0,
224,0,10.0,56,0.39383333333333337,600.0,1.0,0.05,452.0,0,0,
225,0,15.0,56,0.43041666666666667,600.0,3.0,0.15,,0,0,
226,0,20.0,56,0.29691666666666666,600.0,0.0,0.0,326.0,0,0,
227,0,25.0,56,0.2738333333333334,600.0,2.0,0.1,223.0,0,0,
228,0,10.0,57,0.21833333333333332,600.0,2.0,0.1,172.0,0,0,
229,0,15.0,57,0.23941666666666667,600.0,0.0,0.0,223.0,0,0,
230,0,20.0,57,0.30491666666666667,600.0,3.0,0.15,,0,0,
231,0,25.0,57,0.3425,600.0,2.0,0.1,588.0,0,0,
232,0,10.0,58,0.3225,600.0,2.0,0.1,581.0,0,0,
233,0,15.0,58,0.18975,600.0,0.0,0.0,229.0,0,0,
234,0,20.0,58,0.23666666666666666,600.0,1.0,0.05,424.0,0,0,
235,0,25.0,58,0.2378333333333333,600.0,0.0,0.0,440.0,0,0,
236,0,10.0,59,0.1605,600.0,1.0,0.05,264.0,0,0,
237,0,15.0,59,0.12641666666666665,600.0,0.0,0.0,214.0,0,0,
238,0,20.0,59,0.143,600.0,0.0,0.0,266.0,0,0,
239,0,25.0,59,0.18208333333333335,600.0,0.0,0.0,410.0,0,0,
240,0,10.0,60,0.32983333333333337,600.0,3.0,0.15,,0,0,
241,0,15.0,60,0.22808333333333333,600.0,2.0,0.1,219.0,0,0,
242,0,20.0,60,0.24083333333333334,600.0,2.0,0.1,226.0,0,0,
243,0,25.0,60,0.30241666666666667,600.0,2.0,0.1,558.0,0,0,
244,0,10.0,61,0.4048333333333333,600.0,3.0,0.15,,0,0,
245,0,15.0,61,0.28650000000000003,600.0,2.0,0.1,268.0,0,0,
246,0,20.0,61,0.4483333333333333,600.0,4.0,0.2,,0,0,
247,0,25.0,61,0.3779166666666667,600.0,2.0,0.1,551.0,0,0,
248,0,10.0,62,0.32316666666666666,600.0,1.0,0.05,276.0,0,0,
249,0,15.0,62,0.28141666666666665,600.0,0.0,0.0,300.0,0,0,
250,0,20.0,62,0.31333333333333335,600.0,2.0,0.1,449.0,0,0,
251,0,25.0,62,0.25333333333333335,600.0,0.0,0.0,298.0,0,0,
252,0,10.0,63,0.26966666666666667,600.0,2.0,0.1,338.0,0,0,
253,0,15.0,63,0.32358333333333333,600.0,4.0,0.2,,0,0,
254,0,20.0,63,0.24516666666666664,600.0,1.0,0.05,387.0,0,0,
255,0,25.0,63,0.1681666666666667,600.0,0.0,0.0,238.0,0,0,
256,0,10.0,64,0.43175,600.0,5.0,0.25,,0,0,
257,0,15.0,64,0.27299999999999996,600.0,1.0,0.05,345.0,0,0,
258,0,20.0,64,0.27208333333333334,600.0,0.0,0.0,418.0,0,0,
259,0,25.0,64,0.22933333333333333,600.0,0.0,0.0,288.0,0,0,
260,0,10.0,65,0.2564166666666667,600.0,1.0,0.05,420.0,0,0,
261,0,15.0,65,0.27308333333333334,600.0,3.0,0.15,,0,0,
262,0,20.0,65,0.3620833333333333,600.0,4.0,0.2,,0,0,
263,0,25.0,65,0.39016666666666666,600.0,6.0,0.3,,0,0,
264,0,10.0,66,0.22466666666666668,600.0,0.0,0.0,332.0,0,0,
265,0,15.0,66,0.147,600.0,0.0,0.0,166.0,0,0,
266,0,20.0,66,0.19841666666666666,600.0,0.0,0.0,331.0,0,0,
267,0,25.0,66,0.22208333333333333,600.0,0.0,0.0,284.0,0,0,
268,0,10.0,67,0.31625,600.0,2.0,0.1,487.0,0,0,
269,0,15.0,67,0.21616666666666665,600.0,0.0,0.0,313.0,0,0,
270,0,20.0,67,0.18725000000000003,600.0,1.0,0.05,251.0,0,0,
271,0,25.0,67,0.2784166666666667,600.0,4.0,0.2,,0,0,
272,0,10.0,68,0.22733333333333333,600.0,2.0,0.1,164.0,0,0,
273,0,15.0,68,0.32083333333333336,600.0,2.0,0.1,380.0,0,0,
274,0,20.0,68,0.23283333333333336,600.0,1.0,0.05,347.0,0,0,
275,0,25.0,68,0.25833333333333336,600.0,1.0,0.05,514.0,0,0,
276,0,10.0,69,0.36983333333333335,600.0,2.0,0.1,571.0,0,0,
277,0,15.0,69,0.22766666666666666,600.0,1.0,0.05,223.0,0,0,
278,0,20.0,69,0.26533333333333337,600.0,0.0,0.0,355.0,0,0,
279,0,25.0,69,0.30333333333333334,600.0,0.0,0.0,458.0,0,0,
280,0,10.0,70,0.20358333333333334,600.0,1.0,0.05,224.0,0,0,
281,0,15.0,70,0.2425,600.0,1.0,0.05,358.0,0,0,
282,0,20.0,70,0.15475000000000003,600.0,0.0,0.0,108.0,0,0,
283,0,25.0,70,0.30824999999999997,600.0,0.0,0.0,562.0,0,0,
284,0,10.0,71,0.26325,600.0,1.0,0.05,385.0,0,0,
285,0,15.0,71,0.33975,600.0,3.0,0.15,,0,0,
286,0,20.0,71,0.19766666666666666,600.0,1.0,0.05,332.0,0,0,
287,0,25.0,71,0.158,600.0,0.0,0.0,212.0,0,0,
288,0,10.0,72,0.3819166666666667,600.0,5.0,0.25,,0,0,
289,0,15.0,72,0.34208333333333335,600.0,3.0,0.15,,0,0,
290,0,20.0,72,0.33283333333333337,600.0,3.0,0.15,,0,0,
291,0,25.0,72,0.30341666666666667,600.0,1.0,0.05,372.0,0,0,
292,0,10.0,73,0.3505,600.0,3.0,0.15,,0,0,
293,0,15.0,73,0.319,600.0,3.0,0.15,,0,0,
294,0,20.0,73,0.22050000000000003,600.0,0.0,0.0,331.0,0,0,
295,0,25.0,73,0.24233333333333335,600.0,0.0,0.0,380.0,0,0,
296,0,10.0,74,0.30258333333333337,600.0,2.0,0.1,260.0,0,0,
297,0,15.0,74,0.27075,600.0,1.0,0.05,352.0,0,0,
298,0,20.0,74,0.26008333333333333,600.0,1.0,0.05,214.0,0,0,
299,0,25.0,74,0.30441666666666667,600.0,1.0,0.05,552.0,0,0,
300,0,10.0,75,0.3416666666666667,600.0,2.0,0.1,553.0,0,0,
301,0,15.0,75,0.2970833333333333,600.0,1.0,0.05,364.0,0,0,
302,0,20.0,75,0.195,600.0,0.0,0.0,160.0,0,0,
303,0,25.0,75,0.22233333333333336,600.0,1.0,0.05,179.0,0,0,
304,0,10.0,76,0.3645,600.0,1.0,0.05,387.0,0,0,
305,0,15.0,76,0.3396666666666666,600.0,3.0,0.15,,0,0,
306,0,20.0,76,0.25758333333333333,600.0,1.0,0.05,302.0,0,0,
307,0,25.0,76,0.3655833333333333,600.0,4.0,0.2,,0,0,
308,0,10.0,77,0.2255,600.0,0.0,0.0,211.0,0,0,
309,0,15.0,77,0.2759166666666667,600.0,2.0,0.1,369.0,0,0,
310,0,20.0,77,0.14658333333333334,600.0,0.0,0.0,145.0,0,0,
311,0,25.0,77,0.21233333333333335,600.0,0.0,0.0,369.0,0,0,
312,0,10.0,78,0.3189166666666667,600.0,3.0,0.15,,0,0,
313,0,15.0,78,0.3505833333333333,600.0,3.0,0.15,,0,0,
314,0,20.0,78,0.30791666666666667,600.0,4.0,0.2,,0,0,
315,0,25.0,78,0.3393333333333333,600.0,4.0,0.2,,0,0,
316,0,10.0,79,0.2635,600.0,1.0,0.05,487.0,0,0,
317,0,15.0,79,0.32091666666666663,600.0,1.0,0.05,485.0,0,0,
318,0,20.0,79,0.16283333333333333,600.0,0.0,0.0,206.0,0,0,
319,0,25.0,79,0.20825000000000002,600.0,0.0,0.0,237.0,0,0,
320,0,10.0,80,0.38233333333333336,600.0,5.0,0.25,,0,0,
321,0,15.0,80,0.39208333333333334,600.0,4.0,0.2,,0,0,
322,0,20.0,80,0.3545,600.0,3.0,0.15,,0,0,
323,0,25.0,80,0.3060833333333333,600.0,4.0,0.2,,0,0,
324,0,10.0,81,0.2574166666666666,600.0,0.0,0.0,555.0,0,0,
325,0,15.0,81,0.21141666666666667,600.0,1.0,0.05,309.0,0,0,
326,0,20.0,81,0.21816666666666668,600.0,1.0,0.05,364.0,0,0,
327,0,25.0,81,0.24783333333333332,600.0,0.0,0.0,359.0,0,0,
328,0,10.0,82,0.265,600.0,2.0,0.1,277.0,0,0,
329,0,15.0,82,0.26516666666666666,600.0,2.0,0.1,542.0,0,0,
330,0,20.0,82,0.26266666666666666,600.0,2.0,0.1,269.0,0,0,
331,0,25.0,82,0.2325,600.0,1.0,0.05,311.0,0,0,
332,0,10.0,83,0.3369166666666667,600.0,3.0,0.15,,0,0,
333,0,15.0,83,0.32225,600.0,3.0,0.15,,0,0,
334,0,20.0,83,0.28691666666666665,600.0,1.0,0.05,359.0,0,0,
335,0,25.0,83,0.2559166666666667,600.0,2.0,0.1,245.0,0,0,
336,0,10.0,84,0.22483333333333333,600.0,0.0,0.0,272.0,0,0,
337,0,15.0,84,0.24833333333333332,600.0,0.0,0.0,327.0,0,0,
338,0,20.0,84,0.20391666666666666,600.0,0.0,0.0,226.0,0,0,
339,0,25.0,84,0.18083333333333335,600.0,0.0,0.0,209.0,0,0,
340,0,10.0,85,0.16008333333333333,600.0,0.0,0.0,193.0,0,0,
341,0,15.0,85,0.26233333333333336,600.0,1.0,0.05,509.0,0,0,
342,0,20.0,85,0.21791666666666668,600.0,1.0,0.05,219.0,0,0,
343,0,25.0,85,0.2661666666666667,600.0,4.0,0.2,,0,0,
344,0,10.0,86,0.355,600.0,1.0,0.05,540.0,0,0,
345,0,15.0,86,0.2848333333333333,600.0,1.0,0.05,338.0,0,0,
346,0,20.0,86,0.301,600.0,2.0,0.1,543.0,0,0,
347,0,25.0,86,0.24791666666666667,600.0,1.0,0.05,461.0,0,0,
348,0,10.0,87,0.2744166666666667,600.0,1.0,0.05,372.0,0,0,
349,0,15.0,87,0.21166666666666667,600.0,1.0,0.05,228.0,0,0,
350,0,20.0,87,0.282,600.0,2.0,0.1,442.0,0,0,
351,0,25.0,87,0.27325,600.0,3.0,0.15,,0,0,
352,0,10.0,88,0.21441666666666667,600.0,2.0,0.1,421.0,0,0,
353,0,15.0,88,0.24941666666666668,600.0,3.0,0.15,,0,0,
354,0,20.0,88,0.16866666666666666,600.0,0.0,0.0,244.0,0,0,
355,0,25.0,88,0.17616666666666667,600.0,1.0,0.05,305.0,0,0,
356,0,10.0,89,0.24691666666666667,600.0,1.0,0.05,292.0,0,0,
357,0,15.0,89,0.372,600.0,2.0,0.1,572.0,0,0,
358,0,20.0,89,0.2781666666666667,600.0,1.0,0.05,384.0,0,0,
359,0,25.0,89,0.23416666666666666,600.0,0.0,0.0,370.0,0,0,
360,0,10.0,90,0.32641666666666663,600.0,2.0,0.1,419.0,0,0,
361,0,15.0,90,0.23041666666666666,600.0,0.0,0.0,292.0,0,0,
362,0,20.0,90,0.22541666666666665,600.0,2.0,0.1,144.0,0,0,
363,0,25.0,90,0.20033333333333334,600.0,0.0,0.0,237.0,0,0,
364,0,10.0,91,0.15283333333333335,600.0,0.0,0.0,197.0,0,0,
365,0,15.0,91,0.21425000000000002,600.0,0.0,0.0,317.0,0,0,
366,0,20.0,91,0.20633333333333334,600.0,0.0,0.0,295.0,0,0,
367,0,25.0,91,0.20308333333333334,600.0,0.0,0.0,341.0,0,0,
368,0,10.0,92,0.24449999999999997,600.0,0.0,0.0,327.0,0,0,
369,0,15.0,92,0.28683333333333333,600.0,0.0,0.0,391.0,0,0,
370,0,20.0,92,0.16191666666666668,600.0,0.0,0.0,184.0,0,0,
371,0,25.0,92,0.22599999999999998,600.0,2.0,0.1,277.0,0,0,
372,0,10.0,93,0.35491666666666666,600.0,2.0,0.1,475.0,0,0,
373,0,15.0,93,0.3863333333333333,600.0,3.0,0.15,,0,0,
374,0,20.0,93,0.2805,600.0,1.0,0.05,435.0,0,0,
375,0,25.0,93,0.19608333333333333,600.0,0.0,0.0,174.0,0,0,
376,0,10.0,94,0.29275,600.0,2.0,0.1,370.0,0,0,
377,0,15.0,94,0.2884166666666667,600.0,2.0,0.1,546.0,0,0,
378,0,20.0,94,0.27366666666666667,600.0,2.0,0.1,401.0,0,0,
379,0,25.0,94,0.19466666666666665,600.0,0.0,0.0,246.0,0,0,
380,0,10.0,95,0.19441666666666668,600.0,0.0,0.0,210.0,0,0,
381,0,15.0,95,0.23324999999999999,600.0,0.0,0.0,405.0,0,0,
382,0,20.0,95,0.22466666666666668,600.0,1.0,0.05,299.0,0,0,
383,0,25.0,95,0.19575,600.0,0.0,0.0,333.0,0,0,
384,0,10.0,96,0.294,600.0,1.0,0.05,270.0,0,0,
385,0,15.0,96,0.35875,600.0,2.0,0.1,476.0,0,0,
386,0,20.0,96,0.3324166666666667,600.0,4.0,0.2,,0,0,
387,0,25.0,96,0.27725,600.0,0.0,0.0,309.0,0,0,
388,0,10.0,97,0.25866666666666666,600.0,1.0,0.05,393.0,0,0,
389,0,15.0,97,0.193,600.0,2.0,0.1,291.0,0,0,
390,0,20.0,97,0.21466666666666667,600.0,2.0,0.1,284.0,0,0,
391,0,25.0,97,0.24233333333333335,600.0,1.0,0.05,298.0,0,0,
392,0,10.0,98,0.1535,600.0,0.0,0.0,281.0,0,0,
393,0,15.0,98,0.096,600.0,0.0,0.0,144.0,0,0,
394,0,20.0,98,0.08600000000000001,600.0,0.0,0.0,120.0,0,0,
395,0,25.0,98,0.12666666666666668,600.0,0.0,0.0,178.0,0,0,
396,0,10.0,99,0.24925000000000003,600.0,1.0,0.05,285.0,0,0,
397,0,15.0,99,0.23816666666666667,600.0,0.0,0.0,357.0,0,0,
398,0,20.0,99,0.23224999999999998,600.0,0.0,0.0,219.0,0,0,
399,0,25.0,99,0.22466666666666668,600.0,0.0,0.0,273.0,0,0,
400,2,10.0,0,0.28425,600.0,3.0,0.15,,0,0,
401,2,15.0,0,0.33375,600.0,3.0,0.15,,0,0,
402,2,20.0,0,0.34650000000000003,600.0,4.0,0.2,,0,0,
403,2,25.0,0,0.3434166666666667,600.0,1.0,0.05,342.0,0,0,
404,2,10.0,1,0.3636111111111111,600.0,4.0,0.1666666666666666,369.0,0,0,
405,2,15.0,1,0.35833333333333334,600.0,5.0,0.2083333333333333,304.0,0,0,
406,2,20.0,1,0.3604861111111111,600.0,4.0,0.1666666666666666,495.0,0,0,
407,2,25.0,1,0.3038194444444444,600.0,4.0,0.1666666666666666,239.0,0,0,
408,2,10.0,2,0.249537037037037,600.0,0.0,0.0,466.0,0,0,
409,2,15.0,2,0.16944444444444443,600.0,0.0,0.0,344.0,0,0,
410,2,20.0,2,0.1735185185185185,600.0,0.0,0.0,312.0,0,0,
411,2,25.0,2,0.28777777777777774,600.0,2.0,0.1111111111111111,,0,0,
412,2,10.0,3,0.29730158730158723,600.0,2.0,0.0952380952380952,557.0,0,0,
413,2,15.0,3,0.3399206349206349,600.0,5.0,0.238095238095238,,0,0,
414,2,20.0,3,0.30047619047619045,600.0,2.0,0.0952380952380952,424.0,0,0,
415,2,25.0,3,0.3229365079365079,600.0,1.0,0.0476190476190476,423.0,0,0,
416,2,10.0,4,0.45055555555555554,600.0,5.0,0.238095238095238,,0,0,
417,2,15.0,4,0.5121428571428571,600.0,3.0,0.1428571428571428,563.0,0,0,
418,2,20.0,4,0.47317460317460314,600.0,6.0,0.2857142857142857,,0,0,
419,2,25.0,4,0.408968253968254,600.0,0.0,0.0,442.0,0,0,
420,2,10.0,5,0.16333333333333327,600.0,1.0,0.0555555555555555,195.0,0,0,
421,2,15.0,5,0.11148148148148147,600.0,0.0,0.0,149.0,0,0,
422,2,20.0,5,0.17805555555555555,600.0,0.0,0.0,240.0,0,0,
423,2,25.0,5,0.11037037037037035,600.0,0.0,0.0,177.0,0,0,
424,2,10.0,6,0.471969696969697,600.0,5.0,0.2272727272727272,,0,0,
425,2,15.0,6,0.32606060606060605,600.0,2.0,0.0909090909090909,243.0,0,0,
426,2,20.0,6,0.5279545454545455,600.0,8.0,0.3636363636363636,,0,0,
427,2,25.0,6,0.38181818181818183,600.0,4.0,0.1818181818181818,424.0,0,0,
428,2,10.0,7,0.2705,600.0,1.0,0.05,257.0,0,0,
429,2,15.0,7,0.3159166666666667,600.0,1.0,0.05,352.0,0,0,
430,2,20.0,7,0.21008333333333332,600.0,0.0,0.0,204.0,0,0,
431,2,25.0,7,0.20183333333333334,600.0,0.0,0.0,223.0,0,0,
432,2,10.0,8,0.26771929824561397,600.0,3.0,0.1578947368421052,,0,0,
433,2,15.0,8,0.25728070175438594,600.0,0.0,0.0,451.0,0,0,
434,2,20.0,8,0.2434210526315789,600.0,0.0,0.0,551.0,0,0,
435,2,25.0,8,0.17929824561403507,600.0,0.0,0.0,238.0,0,0,
436,2,10.0,9,0.39939393939393936,600.0,4.0,0.1818181818181818,560.0,0,0,
437,2,15.0,9,0.30696969696969695,600.0,2.0,0.0909090909090909,307.0,0,0,
438,2,20.0,9,0.3016666666666667,600.0,4.0,0.1818181818181818,164.0,0,0,
439,2,25.0,9,0.48386363636363633,600.0,5.0,0.2272727272727272,,0,0,
440,2,10.0,10,0.42016666666666663,600.0,5.0,0.25,,0,0,
441,2,15.0,10,0.3606666666666667,600.0,1.0,0.05,418.0,0,0,
442,2,20.0,10,0.301,600.0,1.0,0.05,334.0,0,0,
443,2,25.0,10,0.367,600.0,3.0,0.15,,0,0,
444,2,10.0,11,0.19858333333333333,600.0,1.0,0.05,269.0,0,0,
445,2,15.0,11,0.28425,600.0,2.0,0.1,405.0,0,0,
446,2,20.0,11,0.2955833333333333,600.0,4.0,0.2,,0,0,
447,2,25.0,11,0.2,600.0,1.0,0.05,290.0,0,0,
448,2,10.0,12,0.2594166666666667,600.0,1.0,0.05,406.0,0,0,
449,2,15.0,12,0.2235,600.0,0.0,0.0,273.0,0,0,
450,2,20.0,12,0.3228333333333333,600.0,2.0,0.1,508.0,0,0,
451,2,25.0,12,0.23383333333333337,600.0,1.0,0.05,271.0,0,0,
452,2,10.0,13,0.3645454545454545,600.0,3.0,0.1363636363636363,432.0,0,0,
453,2,15.0,13,0.3346969696969697,600.0,4.0,0.1818181818181818,325.0,0,0,
454,2,20.0,13,0.2853030303030303,600.0,3.0,0.1363636363636363,210.0,0,0,
455,2,25.0,13,0.3483333333333333,600.0,5.0,0.2272727272727272,,0,0,
456,2,10.0,14,0.32753968253968246,600.0,2.0,0.0952380952380952,293.0,0,0,
457,2,15.0,14,0.3478571428571428,600.0,2.0,0.0952380952380952,483.0,0,0,
458,2,20.0,14,0.3727777777777777,600.0,2.0,0.0952380952380952,399.0,0,0,
459,2,25.0,14,0.4945238095238094,600.0,6.0,0.2857142857142857,,0,0,
460,2,10.0,15,0.29429824561403506,600.0,0.0,0.0,530.0,0,0,
461,2,15.0,15,0.1913157894736842,600.0,0.0,0.0,236.0,0,0,
462,2,20.0,15,0.2649122807017544,600.0,1.0,0.0526315789473684,348.0,0,0,
463,2,25.0,15,0.22570175438596488,600.0,0.0,0.0,275.0,0,0,
464,2,10.0,16,0.2629166666666667,600.0,2.0,0.1,437.0,0,0,
465,2,15.0,16,0.18766666666666665,600.0,0.0,0.0,266.0,0,0,
466,2,20.0,16,0.2773333333333333,600.0,1.0,0.05,464.0,0,0,
467,2,25.0,16,0.17991666666666667,600.0,0.0,0.0,225.0,0,0,
468,2,10.0,17,0.30342592592592593,600.0,1.0,0.0555555555555555,416.0,0,0,
469,2,15.0,17,0.2774074074074074,600.0,1.0,0.0555555555555555,405.0,0,0,
470,2,20.0,17,0.2929629629629629,600.0,0.0,0.0,561.0,0,0,
471,2,25.0,17,0.24703703703703705,600.0,0.0,0.0,262.0,0,0,
472,2,10.0,18,0.2902272727272727,600.0,2.0,0.0909090909090909,244.0,0,0,
473,2,15.0,18,0.2832575757575757,600.0,3.0,0.1363636363636363,217.0,0,0,
474,2,20.0,18,0.2982575757575757,600.0,2.0,0.0909090909090909,322.0,0,0,
475,2,25.0,18,0.31356060606060604,600.0,2.0,0.0909090909090909,403.0,0,0,
476,2,10.0,19,0.3784848484848485,600.0,5.0,0.2272727272727272,,0,0,
477,2,15.0,19,0.30098484848484847,600.0,3.0,0.1363636363636363,343.0,0,0,
478,2,20.0,19,0.30106060606060603,600.0,3.0,0.1363636363636363,358.0,0,0,
479,2,25.0,19,0.28704545454545455,600.0,2.0,0.0909090909090909,255.0,0,0,
480,2,10.0,20,0.20666666666666667,600.0,2.0,0.1,331.0,0,0,
481,2,15.0,20,0.17125,600.0,0.0,0.0,243.0,0,0,
482,2,20.0,20,0.18916666666666668,600.0,0.0,0.0,180.0,0,0,
483,2,25.0,20,0.34441666666666665,600.0,2.0,0.1,391.0,0,0,
484,2,10.0,21,0.4561363636363636,600.0,5.0,0.2272727272727272,,0,0,
485,2,15.0,21,0.3218939393939394,600.0,2.0,0.0909090909090909,284.0,0,0,
486,2,20.0,21,0.3284090909090909,600.0,4.0,0.1818181818181818,246.0,0,0,
487,2,25.0,21,0.3239393939393939,600.0,3.0,0.1363636363636363,238.0,0,0,
488,2,10.0,22,0.16277777777777777,600.0,0.0,0.0,263.0,0,0,
489,2,15.0,22,0.18925925925925927,600.0,0.0,0.0,309.0,0,0,
490,2,20.0,22,0.12212962962962962,600.0,0.0,0.0,240.0,0,0,
491,2,25.0,22,0.10805555555555554,600.0,0.0,0.0,172.0,0,0,
492,2,10.0,23,0.35833333333333334,600.0,3.0,0.1363636363636363,357.0,0,0,
493,2,15.0,23,0.28477272727272723,600.0,3.0,0.1363636363636363,214.0,0,0,
494,2,20.0,23,0.21068181818181816,600.0,2.0,0.0909090909090909,106.0,0,0,
495,2,25.0,23,0.35098484848484846,600.0,4.0,0.1818181818181818,542.0,0,0,
496,2,10.0,24,0.33849206349206346,600.0,3.0,0.1428571428571428,333.0,0,0,
497,2,15.0,24,0.1915079365079365,600.0,0.0,0.0,113.0,0,0,
498,2,20.0,24,0.19277777777777777,600.0,0.0,0.0,180.0,0,0,
499,2,25.0,24,0.3052380952380952,600.0,0.0,0.0,371.0,0,0,
500,2,10.0,25,0.2428947368421052,600.0,2.0,0.1052631578947368,,0,0,
501,2,15.0,25,0.18815789473684208,600.0,0.0,0.0,297.0,0,0,
502,2,20.0,25,0.2021052631578947,600.0,1.0,0.0526315789473684,471.0,0,0,
503,2,25.0,25,0.11763157894736842,600.0,0.0,0.0,176.0,0,0,
504,2,10.0,26,0.31214285714285706,600.0,2.0,0.0952380952380952,451.0,0,0,
505,2,15.0,26,0.23904761904761904,600.0,0.0,0.0,299.0,0,0,
506,2,20.0,26,0.3229365079365079,600.0,3.0,0.1428571428571428,398.0,0,0,
507,2,25.0,26,0.40698412698412695,600.0,5.0,0.238095238095238,,0,0,
508,2,10.0,27,0.23824074074074073,600.0,0.0,0.0,452.0,0,0,
509,2,15.0,27,0.22388888888888886,600.0,0.0,0.0,524.0,0,0,
510,2,20.0,27,0.1300925925925926,600.0,0.0,0.0,199.0,0,0,
511,2,25.0,27,0.18564814814814815,600.0,0.0,0.0,294.0,0,0,
512,2,10.0,28,0.33386363636363636,600.0,2.0,0.0909090909090909,275.0,0,0,
513,2,15.0,28,0.20886363636363636,600.0,0.0,0.0,148.0,0,0,
514,2,20.0,28,0.24090909090909088,600.0,0.0,0.0,183.0,0,0,
515,2,25.0,28,0.3362121212121212,600.0,2.0,0.0909090909090909,174.0,0,0,
516,2,10.0,29,0.29883333333333334,600.0,3.0,0.15,,0,0,
517,2,15.0,29,0.24283333333333332,600.0,3.0,0.15,,0,0,
518,2,20.0,29,0.157,600.0,0.0,0.0,321.0,0,0,
519,2,25.0,29,0.2425,600.0,0.0,0.0,420.0,0,0,
520,2,10.0,30,0.2426851851851852,600.0,1.0,0.0555555555555555,560.0,0,0,
521,2,15.0,30,0.11277777777777777,600.0,0.0,0.0,113.0,0,0,
522,2,20.0,30,0.1433333333333333,600.0,0.0,0.0,220.0,0,0,
523,2,25.0,30,0.18833333333333332,600.0,0.0,0.0,260.0,0,0,
524,2,10.0,31,0.38533333333333336,600.0,3.0,0.15,,0,0,
525,2,15.0,31,0.37975,600.0,3.0,0.15,,0,0,
526,2,20.0,31,0.35150000000000003,600.0,2.0,0.1,505.0,0,0,
527,2,25.0,31,0.33075000000000004,600.0,3.0,0.15,,0,0,
528,2,10.0,32,0.3283333333333333,600.0,1.0,0.05,427.0,0,0,
529,2,15.0,32,0.24033333333333332,600.0,1.0,0.05,288.0,0,0,
530,2,20.0,32,0.36775,600.0,1.0,0.05,367.0,0,0,
531,2,25.0,32,0.33699999999999997,600.0,3.0,0.15,,0,0,
532,2,10.0,33,0.29460784313725485,600.0,1.0,0.0588235294117647,498.0,0,0,
533,2,15.0,33,0.21784313725490193,600.0,0.0,0.0,266.0,0,0,
534,2,20.0,33,0.25176470588235295,600.0,0.0,0.0,435.0,0,0,
535,2,25.0,33,0.18774509803921569,600.0,0.0,0.0,243.0,0,0,
536,2,10.0,34,0.3946969696969697,600.0,4.0,0.1818181818181818,444.0,0,0,
537,2,15.0,34,0.3301515151515151,600.0,2.0,0.0909090909090909,356.0,0,0,
538,2,20.0,34,0.38810606060606057,600.0,5.0,0.2272727272727272,,0,0,
539,2,25.0,34,0.3922727272727272,600.0,5.0,0.2272727272727272,,0,0,
540,2,10.0,35,0.3643939393939394,600.0,5.0,0.2272727272727272,,0,0,
541,2,15.0,35,0.23674242424242417,600.0,3.0,0.1363636363636363,126.0,0,0,
542,2,20.0,35,0.3709848484848485,600.0,6.0,0.2727272727272727,,0,0,
543,2,25.0,35,0.3751515151515151,600.0,5.0,0.2272727272727272,,0,0,
544,2,10.0,36,0.23462962962962963,600.0,1.0,0.0555555555555555,313.0,0,0,
545,2,15.0,36,0.2930555555555555,600.0,1.0,0.0555555555555555,495.0,0,0,
546,2,20.0,36,0.2409259259259259,600.0,0.0,0.0,508.0,0,0,
547,2,25.0,36,0.25805555555555554,600.0,0.0,0.0,361.0,0,0,
548,2,10.0,37,0.42826666666666663,600.0,7.0,0.28,561.0,0,0,
549,2,15.0,37,0.30513333333333337,600.0,5.0,0.2,259.0,0,0,
550,2,20.0,37,0.33713333333333334,600.0,5.0,0.2,203.0,0,0,
551,2,25.0,37,0.36173333333333335,600.0,7.0,0.28,152.0,0,0,
552,2,10.0,38,0.3519298245614035,600.0,1.0,0.0526315789473684,592.0,0,0,
553,2,15.0,38,0.2990350877192982,600.0,0.0,0.0,547.0,0,0,
554,2,20.0,38,0.25684210526315787,600.0,1.0,0.0526315789473684,507.0,0,0,
555,2,25.0,38,0.2661403508771929,600.0,1.0,0.0526315789473684,504.0,0,0,
556,2,10.0,39,0.1952380952380952,600.0,0.0,0.0,258.0,0,0,
557,2,15.0,39,0.15769841269841267,600.0,0.0,0.0,167.0,0,0,
558,2,20.0,39,0.1376190476190476,600.0,0.0,0.0,155.0,0,0,
559,2,25.0,39,0.18880952380952376,600.0,0.0,0.0,357.0,0,0,
560,2,10.0,40,0.4275,600.0,4.0,0.2,,0,0,
561,2,15.0,40,0.4221666666666667,600.0,4.0,0.2,,0,0,
562,2,20.0,40,0.345,600.0,3.0,0.15,,0,0,
563,2,25.0,40,0.29691666666666666,600.0,1.0,0.05,490.0,0,0,
564,2,10.0,41,0.33101449275362316,600.0,3.0,0.1304347826086956,264.0,0,0,
565,2,15.0,41,0.36717391304347824,600.0,4.0,0.1739130434782608,342.0,0,0,
566,2,20.0,41,0.3704347826086956,600.0,4.0,0.1739130434782608,385.0,0,0,
567,2,25.0,41,0.4221014492753623,600.0,6.0,0.2608695652173913,,0,0,
568,2,10.0,42,0.35087301587301584,600.0,2.0,0.0952380952380952,543.0,0,0,
569,2,15.0,42,0.31746031746031744,600.0,2.0,0.0952380952380952,495.0,0,0,
570,2,20.0,42,0.3032539682539682,600.0,2.0,0.0952380952380952,251.0,0,0,
571,2,25.0,42,0.32960317460317456,600.0,2.0,0.0952380952380952,356.0,0,0,
572,2,10.0,43,0.40166666666666667,600.0,4.0,0.2,,0,0,
573,2,15.0,43,0.3620833333333333,600.0,5.0,0.25,,0,0,
574,2,20.0,43,0.19583333333333333,600.0,0.0,0.0,202.0,0,0,
575,2,25.0,43,0.30266666666666664,600.0,2.0,0.1,449.0,0,0,
576,2,10.0,44,0.3476984126984126,600.0,5.0,0.238095238095238,,0,0,
577,2,15.0,44,0.1902380952380952,600.0,0.0,0.0,188.0,0,0,
578,2,20.0,44,0.27992063492063485,600.0,3.0,0.1428571428571428,354.0,0,0,
579,2,25.0,44,0.18603174603174602,600.0,0.0,0.0,271.0,0,0,
580,2,10.0,45,0.35880952380952374,600.0,3.0,0.1428571428571428,403.0,0,0,
581,2,15.0,45,0.47285714285714275,600.0,5.0,0.238095238095238,,0,0,
582,2,20.0,45,0.37238095238095237,600.0,1.0,0.0476190476190476,569.0,0,0,
583,2,25.0,45,0.3466666666666666,600.0,4.0,0.1904761904761904,,0,0,
584,2,10.0,46,0.3827272727272727,600.0,1.0,0.0454545454545454,582.0,0,0,
585,2,15.0,46,0.3158333333333333,600.0,1.0,0.0454545454545454,237.0,0,0,
586,2,20.0,46,0.333030303030303,600.0,3.0,0.1363636363636363,215.0,0,0,
587,2,25.0,46,0.32401515151515153,600.0,0.0,0.0,304.0,0,0,
588,2,10.0,47,0.38637681159420284,600.0,4.0,0.1739130434782608,366.0,0,0,
589,2,15.0,47,0.29717391304347823,600.0,3.0,0.1304347826086956,237.0,0,0,
590,2,20.0,47,0.3919565217391304,600.0,4.0,0.1739130434782608,414.0,0,0,
591,2,25.0,47,0.30456521739130427,600.0,4.0,0.1739130434782608,192.0,0,0,
592,2,10.0,48,0.3048245614035087,600.0,2.0,0.1052631578947368,,0,0,
593,2,15.0,48,0.3434210526315789,600.0,2.0,0.1052631578947368,,0,0,
594,2,20.0,48,0.30657894736842106,600.0,0.0,0.0,462.0,0,0,
595,2,25.0,48,0.3771929824561403,600.0,5.0,0.2631578947368421,,0,0,
596,2,10.0,49,0.29,600.0,1.0,0.0555555555555555,369.0,0,0,
597,2,15.0,49,0.1448148148148148,600.0,0.0,0.0,134.0,0,0,
598,2,20.0,49,0.22518518518518515,600.0,0.0,0.0,443.0,0,0,
599,2,25.0,49,0.1699074074074074,600.0,0.0,0.0,276.0,0,0,
600,2,10.0,50,0.2708730158730158,600.0,3.0,0.1428571428571428,278.0,0,0,
601,2,15.0,50,0.2877777777777777,600.0,1.0,0.0476190476190476,434.0,0,0,
602,2,20.0,50,0.27341269841269833,600.0,3.0,0.1428571428571428,251.0,0,0,
603,2,25.0,50,0.2666666666666666,600.0,2.0,0.0952380952380952,385.0,0,0,
604,2,10.0,51,0.22375,600.0,0.0,0.0,213.0,0,0,
605,2,15.0,51,0.27625,600.0,1.0,0.05,553.0,0,0,
606,2,20.0,51,0.21508333333333335,600.0,1.0,0.05,206.0,0,0,
607,2,25.0,51,0.25866666666666666,600.0,1.0,0.05,327.0,0,0,
608,2,10.0,52,0.2746491228070175,600.0,1.0,0.0526315789473684,347.0,0,0,
609,2,15.0,52,0.21692982456140347,600.0,0.0,0.0,276.0,0,0,
610,2,20.0,52,0.16035087719298244,600.0,0.0,0.0,197.0,0,0,
611,2,25.0,52,0.16122807017543858,600.0,0.0,0.0,151.0,0,0,
612,2,10.0,53,0.24999999999999994,600.0,0.0,0.0,422.0,0,0,
613,2,15.0,53,0.22231481481481477,600.0,1.0,0.0555555555555555,493.0,0,0,
614,2,20.0,53,0.19379629629629627,600.0,0.0,0.0,298.0,0,0,
615,2,25.0,53,0.21666666666666662,600.0,1.0,0.0555555555555555,423.0,0,0,
616,2,10.0,54,0.36050000000000004,600.0,4.0,0.2,,0,0,
617,2,15.0,54,0.27316666666666667,600.0,3.0,0.15,,0,0,
618,2,20.0,54,0.30724999999999997,600.0,1.0,0.05,535.0,0,0,
619,2,25.0,54,0.28391666666666665,600.0,1.0,0.05,480.0,0,0,
620,2,10.0,55,0.36043859649122806,600.0,2.0,0.1052631578947368,,0,0,
621,2,15.0,55,0.3952631578947368,600.0,2.0,0.1052631578947368,,0,0,
622,2,20.0,55,0.32175438596491224,600.0,3.0,0.1578947368421052,,0,0,
623,2,25.0,55,0.1744736842105263,600.0,0.0,0.0,203.0,0,0,
624,2,10.0,56,0.3245098039215686,600.0,2.0,0.1176470588235294,,0,0,
625,2,15.0,56,0.2511764705882353,600.0,0.0,0.0,343.0,0,0,
626,2,20.0,56,0.3763725490196078,600.0,2.0,0.1176470588235294,,0,0,
627,2,25.0,56,0.22166666666666668,600.0,0.0,0.0,275.0,0,0,
628,2,10.0,57,0.2531481481481481,600.0,2.0,0.1111111111111111,,0,0,
629,2,15.0,57,0.24305555555555552,600.0,0.0,0.0,321.0,0,0,
630,2,20.0,57,0.28888888888888886,600.0,0.0,0.0,369.0,0,0,
631,2,25.0,57,0.20194444444444443,600.0,0.0,0.0,280.0,0,0,
632,2,10.0,58,0.3155833333333333,600.0,3.0,0.15,,0,0,
633,2,15.0,58,0.24183333333333332,600.0,1.0,0.05,452.0,0,0,
634,2,20.0,58,0.21475,600.0,1.0,0.05,348.0,0,0,
635,2,25.0,58,0.17908333333333334,600.0,0.0,0.0,267.0,0,0,
636,2,10.0,59,0.23780303030303027,600.0,3.0,0.1363636363636363,237.0,0,0,
637,2,15.0,59,0.2531818181818182,600.0,3.0,0.1363636363636363,255.0,0,0,
638,2,20.0,59,0.17159090909090904,600.0,1.0,0.0454545454545454,172.0,0,0,
639,2,25.0,59,0.22106060606060604,600.0,4.0,0.1818181818181818,83.0,0,0,
640,2,10.0,60,0.30206349206349203,600.0,2.0,0.0952380952380952,345.0,0,0,
641,2,15.0,60,0.2352380952380952,600.0,2.0,0.0952380952380952,208.0,0,0,
642,2,20.0,60,0.18650793650793648,600.0,1.0,0.0476190476190476,139.0,0,0,
643,2,25.0,60,0.1834126984126984,600.0,1.0,0.0476190476190476,141.0,0,0,
644,2,10.0,61,0.33893939393939393,600.0,2.0,0.0909090909090909,280.0,0,0,
645,2,15.0,61,0.37719696969696964,600.0,5.0,0.2272727272727272,,0,0,
646,2,20.0,61,0.3379545454545454,600.0,3.0,0.1363636363636363,270.0,0,0,
647,2,25.0,61,0.3419696969696969,600.0,3.0,0.1363636363636363,287.0,0,0,
648,2,10.0,62,0.2836111111111111,600.0,0.0,0.0,445.0,0,0,
649,2,15.0,62,0.22101851851851848,600.0,0.0,0.0,298.0,0,0,
650,2,20.0,62,0.24055555555555552,600.0,0.0,0.0,332.0,0,0,
651,2,25.0,62,0.22694444444444442,600.0,0.0,0.0,250.0,0,0,
652,2,10.0,63,0.245,600.0,2.0,0.1111111111111111,,0,0,
653,2,15.0,63,0.2457407407407407,600.0,1.0,0.0555555555555555,527.0,0,0,
654,2,20.0,63,0.2518518518518519,600.0,1.0,0.0555555555555555,495.0,0,0,
655,2,25.0,63,0.3150925925925926,600.0,0.0,0.0,479.0,0,0,
656,2,10.0,64,0.33849206349206346,600.0,2.0,0.0952380952380952,369.0,0,0,
657,2,15.0,64,0.30158730158730157,600.0,2.0,0.0952380952380952,458.0,0,0,
658,2,20.0,64,0.2698412698412698,600.0,1.0,0.0476190476190476,261.0,0,0,
659,2,25.0,64,0.21833333333333332,600.0,1.0,0.0476190476190476,175.0,0,0,
660,2,10.0,65,0.3479411764705882,600.0,1.0,0.0588235294117647,600.0,0,0,
661,2,15.0,65,0.18490196078431373,600.0,0.0,0.0,281.0,0,0,
662,2,20.0,65,0.13205882352941176,600.0,0.0,0.0,204.0,0,0,
663,2,25.0,65,0.19098039215686274,600.0,0.0,0.0,262.0,0,0,
664,2,10.0,66,0.22358333333333336,600.0,0.0,0.0,439.0,0,0,
665,2,15.0,66,0.24858333333333335,600.0,0.0,0.0,460.0,0,0,
666,2,20.0,66,0.31125,600.0,3.0,0.15,,0,0,
667,2,25.0,66,0.18516666666666665,600.0,0.0,0.0,240.0,0,0,
668,2,10.0,67,0.3147368421052631,600.0,1.0,0.0526315789473684,579.0,0,0,
669,2,15.0,67,0.2909649122807017,600.0,2.0,0.1052631578947368,,0,0,
670,2,20.0,67,0.29815789473684207,600.0,3.0,0.1578947368421052,,0,0,
671,2,25.0,67,0.11885964912280701,600.0,0.0,0.0,205.0,0,0,
672,2,10.0,68,0.2694117647058823,600.0,0.0,0.0,428.0,0,0,
673,2,15.0,68,0.22411764705882353,600.0,0.0,0.0,462.0,0,0,
674,2,20.0,68,0.19970588235294115,600.0,0.0,0.0,299.0,0,0,
675,2,25.0,68,0.27274509803921565,600.0,0.0,0.0,415.0,0,0,
676,2,10.0,69,0.3545,600.0,3.0,0.15,,0,0,
677,2,15.0,69,0.321,600.0,1.0,0.05,377.0,0,0,
678,2,20.0,69,0.22316666666666668,600.0,0.0,0.0,243.0,0,0,
679,2,25.0,69,0.266,600.0,1.0,0.05,219.0,0,0,
680,2,10.0,70,0.21780701754385964,600.0,1.0,0.0526315789473684,386.0,0,0,
681,2,15.0,70,0.1557017543859649,600.0,0.0,0.0,191.0,0,0,
682,2,20.0,70,0.1683333333333333,600.0,0.0,0.0,245.0,0,0,
683,2,25.0,70,0.16570175438596488,600.0,0.0,0.0,183.0,0,0,
684,2,10.0,71,0.25517543859649117,600.0,2.0,0.1052631578947368,,0,0,
685,2,15.0,71,0.3291228070175438,600.0,0.0,0.0,507.0,0,0,
686,2,20.0,71,0.22912280701754384,600.0,0.0,0.0,289.0,0,0,
687,2,25.0,71,0.28631578947368413,600.0,0.0,0.0,528.0,0,0,
688,2,10.0,72,0.39141666666666663,600.0,4.0,0.2,,0,0,
689,2,15.0,72,0.3426666666666667,600.0,1.0,0.05,477.0,0,0,
690,2,20.0,72,0.35933333333333334,600.0,5.0,0.25,,0,0,
691,2,25.0,72,0.296,600.0,2.0,0.1,536.0,0,0,
692,2,10.0,73,0.2909803921568627,600.0,1.0,0.0588235294117647,484.0,0,0,
693,2,15.0,73,0.17127450980392156,600.0,0.0,0.0,220.0,0,0,
694,2,20.0,73,0.26784313725490194,600.0,1.0,0.0588235294117647,582.0,0,0,
695,2,25.0,73,0.1949019607843137,600.0,0.0,0.0,233.0,0,0,
696,2,10.0,74,0.4176086956521739,600.0,6.0,0.2608695652173913,,0,0,
697,2,15.0,74,0.37253623188405793,600.0,4.0,0.1739130434782608,400.0,0,0,
698,2,20.0,74,0.39304347826086955,600.0,4.0,0.1739130434782608,445.0,0,0,
699,2,25.0,74,0.31398550724637675,600.0,4.0,0.1739130434782608,196.0,0,0,
700,2,10.0,75,0.28325,600.0,1.0,0.05,276.0,0,0,
701,2,15.0,75,0.33458333333333334,600.0,2.0,0.1,347.0,0,0,
702,2,20.0,75,0.30433333333333334,600.0,2.0,0.1,561.0,0,0,
703,2,25.0,75,0.24658333333333335,600.0,2.0,0.1,136.0,0,0,
704,2,10.0,76,0.31166666666666665,600.0,3.0,0.1666666666666666,,0,0,
705,2,15.0,76,0.3272222222222222,600.0,2.0,0.1111111111111111,,0,0,
706,2,20.0,76,0.21444444444444444,600.0,0.0,0.0,280.0,0,0,
707,2,25.0,76,0.2288888888888889,600.0,0.0,0.0,321.0,0,0,
708,2,10.0,77,0.37909722222222225,600.0,6.0,0.25,367.0,0,0,
709,2,15.0,77,0.31249999999999994,600.0,4.0,0.1666666666666666,273.0,0,0,
710,2,20.0,77,0.26645833333333335,600.0,3.0,0.125,179.0,0,0,
711,2,25.0,77,0.24236111111111108,600.0,3.0,0.125,138.0,0,0,
712,2,10.0,78,0.35378787878787876,600.0,5.0,0.2272727272727272,,0,0,
713,2,15.0,78,0.4398484848484849,600.0,6.0,0.2727272727272727,,0,0,
714,2,20.0,78,0.405530303030303,600.0,5.0,0.2272727272727272,,0,0,
715,2,25.0,78,0.5081060606060606,600.0,10.0,0.4545454545454545,,0,0,
716,2,10.0,79,0.3387301587301587,600.0,3.0,0.1428571428571428,448.0,0,0,
717,2,15.0,79,0.4373809523809523,600.0,3.0,0.1428571428571428,578.0,0,0,
718,2,20.0,79,0.38492063492063483,600.0,5.0,0.238095238095238,,0,0,
719,2,25.0,79,0.29698412698412696,600.0,0.0,0.0,362.0,0,0,
720,2,10.0,80,0.32666666666666666,600.0,3.0,0.1666666666666666,,0,0,
721,2,15.0,80,0.24240740740740738,600.0,1.0,0.0555555555555555,443.0,0,0,
722,2,20.0,80,0.26138888888888884,600.0,3.0,0.1666666666666666,,0,0,
723,2,25.0,80,0.21277777777777773,600.0,1.0,0.0555555555555555,302.0,0,0,
724,2,10.0,81,0.36877192982456136,600.0,1.0,0.0526315789473684,525.0,0,0,
725,2,15.0,81,0.4352631578947368,600.0,4.0,0.2105263157894736,,0,0,
726,2,20.0,81,0.25745614035087716,600.0,1.0,0.0526315789473684,426.0,0,0,
727,2,25.0,81,0.18561403508771926,600.0,0.0,0.0,201.0,0,0,
728,2,10.0,82,0.2953787878787878,600.0,3.0,0.1363636363636363,239.0,0,0,
729,2,15.0,82,0.2796212121212121,600.0,3.0,0.1363636363636363,168.0,0,0,
730,2,20.0,82,0.3599242424242424,600.0,3.0,0.1363636363636363,384.0,0,0,
731,2,25.0,82,0.41431818181818175,600.0,3.0,0.1363636363636363,440.0,0,0,
732,2,10.0,83,0.2792063492063491,600.0,1.0,0.0476190476190476,306.0,0,0,
733,2,15.0,83,0.3126190476190475,600.0,4.0,0.1904761904761904,,0,0,
734,2,20.0,83,0.3854761904761904,600.0,4.0,0.1904761904761904,,0,0,
735,2,25.0,83,0.2847619047619047,600.0,2.0,0.0952380952380952,282.0,0,0,
736,2,10.0,84,0.24627450980392154,600.0,0.0,0.0,307.0,0,0,
737,2,15.0,84,0.18705882352941175,600.0,0.0,0.0,247.0,0,0,
738,2,20.0,84,0.13774509803921567,600.0,0.0,0.0,141.0,0,0,
739,2,25.0,84,0.22215686274509802,600.0,0.0,0.0,260.0,0,0,
740,2,10.0,85,0.149537037037037,600.0,0.0,0.0,169.0,0,0,
741,2,15.0,85,0.20379629629629625,600.0,0.0,0.0,375.0,0,0,
742,2,20.0,85,0.31981481481481483,600.0,1.0,0.0555555555555555,576.0,0,0,
743,2,25.0,85,0.13462962962962963,600.0,0.0,0.0,142.0,0,0,
744,2,10.0,86,0.29745614035087714,600.0,2.0,0.1052631578947368,,0,0,
745,2,15.0,86,0.2275438596491228,600.0,1.0,0.0526315789473684,285.0,0,0,
746,2,20.0,86,0.19912280701754384,600.0,1.0,0.0526315789473684,189.0,0,0,
747,2,25.0,86,0.1683333333333333,600.0,0.0,0.0,210.0,0,0,
748,2,10.0,87,0.28238095238095234,600.0,1.0,0.0476190476190476,384.0,0,0,
749,2,15.0,87,0.279047619047619,600.0,1.0,0.0476190476190476,396.0,0,0,
750,2,20.0,87,0.23825396825396822,600.0,1.0,0.0476190476190476,212.0,0,0,
751,2,25.0,87,0.27190476190476187,600.0,1.0,0.0476190476190476,485.0,0,0,
752,2,10.0,88,0.19116666666666668,600.0,0.0,0.0,215.0,0,0,
753,2,15.0,88,0.16599999999999998,600.0,0.0,0.0,195.0,0,0,
754,2,20.0,88,0.21233333333333335,600.0,1.0,0.05,367.0,0,0,
755,2,25.0,88,0.26225,600.0,4.0,0.2,,0,0,
756,2,10.0,89,0.37007246376811587,600.0,3.0,0.1304347826086956,255.0,0,0,
757,2,15.0,89,0.31811594202898547,600.0,3.0,0.1304347826086956,226.0,0,0,
758,2,20.0,89,0.3833333333333333,600.0,3.0,0.1304347826086956,344.0,0,0,
759,2,25.0,89,0.263623188405797,600.0,3.0,0.1304347826086956,138.0,0,0,
760,2,10.0,90,0.29183333333333333,600.0,1.0,0.05,334.0,0,0,
761,2,15.0,90,0.2856666666666667,600.0,0.0,0.0,386.0,0,0,
762,2,20.0,90,0.20466666666666666,600.0,0.0,0.0,240.0,0,0,
763,2,25.0,90,0.3194166666666667,600.0,3.0,0.15,,0,0,
764,2,10.0,91,0.28526315789473683,600.0,2.0,0.1052631578947368,,0,0,
765,2,15.0,91,0.1500877192982456,600.0,0.0,0.0,219.0,0,0,
766,2,20.0,91,0.1857017543859649,600.0,0.0,0.0,412.0,0,0,
767,2,25.0,91,0.15473684210526314,600.0,0.0,0.0,244.0,0,0,
768,2,10.0,92,0.15768518518518518,600.0,0.0,0.0,255.0,0,0,
769,2,15.0,92,0.22555555555555554,600.0,1.0,0.0555555555555555,278.0,0,0,
770,2,20.0,92,0.2771296296296296,600.0,1.0,0.0555555555555555,374.0,0,0,
771,2,25.0,92,0.1393518518518518,600.0,0.0,0.0,127.0,0,0,
772,2,10.0,93,0.5017391304347826,600.0,6.0,0.2608695652173913,,0,0,
773,2,15.0,93,0.4229710144927536,600.0,5.0,0.217391304347826,376.0,0,0,
774,2,20.0,93,0.4210869565217391,600.0,5.0,0.217391304347826,526.0,0,0,
775,2,25.0,93,0.35144927536231874,600.0,2.0,0.0869565217391304,154.0,0,0,
776,2,10.0,94,0.34901515151515144,600.0,3.0,0.1363636363636363,298.0,0,0,
777,2,15.0,94,0.31416666666666665,600.0,3.0,0.1363636363636363,281.0,0,0,
778,2,20.0,94,0.2856818181818182,600.0,4.0,0.1818181818181818,206.0,0,0,
779,2,25.0,94,0.25219696969696964,600.0,3.0,0.1363636363636363,119.0,0,0,
780,2,10.0,95,0.23382352941176468,600.0,0.0,0.0,307.0,0,0,
781,2,15.0,95,0.2237254901960784,600.0,0.0,0.0,399.0,0,0,
782,2,20.0,95,0.16294117647058823,600.0,0.0,0.0,133.0,0,0,
783,2,25.0,95,0.24794117647058822,600.0,1.0,0.0588235294117647,377.0,0,0,
784,2,10.0,96,0.23629629629629623,600.0,1.0,0.0555555555555555,295.0,0,0,
785,2,15.0,96,0.2112962962962963,600.0,1.0,0.0555555555555555,440.0,0,0,
786,2,20.0,96,0.2219444444444444,600.0,1.0,0.0555555555555555,355.0,0,0,
787,2,25.0,96,0.18935185185185183,600.0,0.0,0.0,269.0,0,0,
788,2,10.0,97,0.13462962962962963,600.0,0.0,0.0,173.0,0,0,
789,2,15.0,97,0.18518518518518515,600.0,0.0,0.0,209.0,0,0,
790,2,20.0,97,0.18425925925925923,600.0,0.0,0.0,257.0,0,0,
791,2,25.0,97,0.19287037037037036,600.0,0.0,0.0,218.0,0,0,
792,2,10.0,98,0.15049019607843137,600.0,0.0,0.0,216.0,0,0,
793,2,15.0,98,0.13941176470588235,600.0,0.0,0.0,197.0,0,0,
794,2,20.0,98,0.15490196078431373,600.0,0.0,0.0,222.0,0,0,
795,2,25.0,98,0.17480392156862745,600.0,0.0,0.0,318.0,0,0,
796,2,10.0,99,0.2657017543859649,600.0,0.0,0.0,357.0,0,0,
797,2,15.0,99,0.3278070175438596,600.0,3.0,0.1578947368421052,,0,0,
798,2,20.0,99,0.22473684210526315,600.0,0.0,0.0,348.0,0,0,
799,2,25.0,99,0.25999999999999995,600.0,3.0,0.1578947368421052,,0,0,
800,4,10.0,0,0.26692982456140346,600.0,2.0,0.1052631578947368,,0,0,
801,4,15.0,0,0.33640350877192976,600.0,2.0,0.1052631578947368,,0,0,
802,4,20.0,0,0.22508771929824556,600.0,1.0,0.0526315789473684,244.0,0,0,
803,4,25.0,0,0.20684210526315788,600.0,0.0,0.0,265.0,0,0,
804,4,10.0,1,0.39345679012345675,600.0,7.0,0.2592592592592592,281.0,0,0,
805,4,15.0,1,0.39055555555555554,600.0,7.0,0.2592592592592592,178.0,0,0,
806,4,20.0,1,0.3980246913580247,600.0,8.0,0.2962962962962963,268.0,0,0,
807,4,25.0,1,0.36895061728395057,600.0,7.0,0.2592592592592592,166.0,0,0,
808,4,10.0,2,0.25382352941176467,600.0,2.0,0.1176470588235294,,0,0,
809,4,15.0,2,0.17088235294117646,600.0,0.0,0.0,313.0,0,0,
810,4,20.0,2,0.21794117647058822,600.0,2.0,0.1176470588235294,,0,0,
811,4,25.0,2,0.16519607843137254,600.0,0.0,0.0,243.0,0,0,
812,4,10.0,3,0.2819047619047618,600.0,2.0,0.0952380952380952,389.0,0,0,
813,4,15.0,3,0.3289682539682539,600.0,3.0,0.1428571428571428,499.0,0,0,
814,4,20.0,3,0.23619047619047615,600.0,1.0,0.0476190476190476,243.0,0,0,
815,4,25.0,3,0.2438095238095238,600.0,1.0,0.0476190476190476,229.0,0,0,
816,4,10.0,4,0.4327777777777777,600.0,3.0,0.1428571428571428,587.0,0,0,
817,4,15.0,4,0.48722222222222217,600.0,5.0,0.238095238095238,,0,0,
818,4,20.0,4,0.45087301587301587,600.0,3.0,0.1428571428571428,405.0,0,0,
819,4,25.0,4,0.4334126984126984,600.0,6.0,0.2857142857142857,,0,0,
820,4,10.0,5,0.14194444444444443,600.0,0.0,0.0,187.0,0,0,
821,4,15.0,5,0.14657407407407402,600.0,1.0,0.0555555555555555,149.0,0,0,
822,4,20.0,5,0.27796296296296297,600.0,0.0,0.0,481.0,0,0,
823,4,25.0,5,0.1112037037037037,600.0,0.0,0.0,177.0,0,0,
824,4,10.0,6,0.438,600.0,6.0,0.24,301.0,0,0,
825,4,15.0,6,0.4805333333333333,600.0,9.0,0.36,,0,0,
826,4,20.0,6,0.35719999999999996,600.0,5.0,0.2,152.0,0,0,
827,4,25.0,6,0.38193333333333335,600.0,6.0,0.24,177.0,0,0,
828,4,10.0,7,0.32925,600.0,3.0,0.15,,0,0,
829,4,15.0,7,0.31666666666666665,600.0,2.0,0.1,369.0,0,0,
830,4,20.0,7,0.24316666666666667,600.0,1.0,0.05,204.0,0,0,
831,4,25.0,7,0.24333333333333335,600.0,1.0,0.05,241.0,0,0,
832,4,10.0,8,0.23616666666666664,600.0,1.0,0.05,501.0,0,0,
833,4,15.0,8,0.30041666666666667,600.0,3.0,0.15,,0,0,
834,4,20.0,8,0.3219166666666667,600.0,1.0,0.05,449.0,0,0,
835,4,25.0,8,0.2535833333333333,600.0,1.0,0.05,244.0,0,0,
836,4,10.0,9,0.3718939393939394,600.0,4.0,0.1818181818181818,392.0,0,0,
837,4,15.0,9,0.3715909090909091,600.0,4.0,0.1818181818181818,373.0,0,0,
838,4,20.0,9,0.3016666666666667,600.0,4.0,0.1818181818181818,164.0,0,0,
839,4,25.0,9,0.49621212121212116,600.0,6.0,0.2727272727272727,,0,0,
840,4,10.0,10,0.35315789473684206,600.0,1.0,0.0526315789473684,588.0,0,0,
841,4,15.0,10,0.3389473684210526,600.0,0.0,0.0,567.0,0,0,
842,4,20.0,10,0.30429824561403507,600.0,1.0,0.0526315789473684,350.0,0,0,
843,4,25.0,10,0.3771929824561403,600.0,3.0,0.1578947368421052,,0,0,
844,4,10.0,11,0.18789473684210523,600.0,1.0,0.0526315789473684,484.0,0,0,
845,4,15.0,11,0.2512280701754385,600.0,1.0,0.0526315789473684,570.0,0,0,
846,4,20.0,11,0.17070175438596488,600.0,0.0,0.0,382.0,0,0,
847,4,25.0,11,0.2701754385964911,600.0,2.0,0.1052631578947368,,0,0,
848,4,10.0,12,0.1993859649122807,600.0,0.0,0.0,295.0,0,0,
849,4,15.0,12,0.19780701754385963,600.0,0.0,0.0,356.0,0,0,
850,4,20.0,12,0.2520175438596491,600.0,0.0,0.0,378.0,0,0,
851,4,25.0,12,0.19912280701754384,600.0,0.0,0.0,336.0,0,0,
852,4,10.0,13,0.4550666666666667,600.0,7.0,0.28,465.0,0,0,
853,4,15.0,13,0.40700000000000003,600.0,6.0,0.24,296.0,0,0,
854,4,20.0,13,0.35113333333333335,600.0,5.0,0.2,168.0,0,0,
855,4,25.0,13,0.37293333333333334,600.0,6.0,0.24,189.0,0,0,
856,4,10.0,14,0.3513492063492063,600.0,3.0,0.1428571428571428,245.0,0,0,
857,4,15.0,14,0.3713492063492063,600.0,2.0,0.0952380952380952,466.0,0,0,
858,4,20.0,14,0.31706349206349205,600.0,2.0,0.0952380952380952,197.0,0,0,
859,4,25.0,14,0.3297619047619047,600.0,2.0,0.0952380952380952,367.0,0,0,
860,4,10.0,15,0.299537037037037,600.0,1.0,0.0555555555555555,422.0,0,0,
861,4,15.0,15,0.1987037037037037,600.0,0.0,0.0,271.0,0,0,
862,4,20.0,15,0.24370370370370373,600.0,0.0,0.0,376.0,0,0,
863,4,25.0,15,0.2551851851851852,600.0,0.0,0.0,379.0,0,0,
864,4,10.0,16,0.2562280701754385,600.0,3.0,0.1578947368421052,,0,0,
865,4,15.0,16,0.3382456140350877,600.0,3.0,0.1578947368421052,,0,0,
866,4,20.0,16,0.2114035087719298,600.0,0.0,0.0,409.0,0,0,
867,4,25.0,16,0.15736842105263157,600.0,0.0,0.0,190.0,0,0,
868,4,10.0,17,0.24186274509803918,600.0,1.0,0.0588235294117647,419.0,0,0,
869,4,15.0,17,0.26794117647058824,600.0,0.0,0.0,521.0,0,0,
870,4,20.0,17,0.16450980392156864,600.0,0.0,0.0,235.0,0,0,
871,4,25.0,17,0.2617647058823529,600.0,1.0,0.0588235294117647,573.0,0,0,
872,4,10.0,18,0.34937499999999994,600.0,4.0,0.1666666666666666,244.0,0,0,
873,4,15.0,18,0.3234722222222222,600.0,4.0,0.1666666666666666,242.0,0,0,
874,4,20.0,18,0.34118055555555554,600.0,5.0,0.2083333333333333,255.0,0,0,
875,4,25.0,18,0.3702083333333333,600.0,5.0,0.2083333333333333,402.0,0,0,
876,4,10.0,19,0.3337121212121212,600.0,4.0,0.1818181818181818,304.0,0,0,
877,4,15.0,19,0.3261363636363636,600.0,3.0,0.1363636363636363,413.0,0,0,
878,4,20.0,19,0.2896969696969697,600.0,4.0,0.1818181818181818,248.0,0,0,
879,4,25.0,19,0.2712121212121211,600.0,3.0,0.1363636363636363,229.0,0,0,
880,4,10.0,20,0.21928571428571425,600.0,2.0,0.0952380952380952,219.0,0,0,
881,4,15.0,20,0.19714285714285712,600.0,1.0,0.0476190476190476,214.0,0,0,
882,4,20.0,20,0.20079365079365075,600.0,1.0,0.0476190476190476,269.0,0,0,
883,4,25.0,20,0.30134920634920626,600.0,4.0,0.1904761904761904,,0,0,
884,4,10.0,21,0.39984848484848484,600.0,2.0,0.0909090909090909,339.0,0,0,
885,4,15.0,21,0.31446969696969695,600.0,3.0,0.1363636363636363,209.0,0,0,
886,4,20.0,21,0.33984848484848484,600.0,4.0,0.1818181818181818,334.0,0,0,
887,4,25.0,21,0.3506060606060606,600.0,4.0,0.1818181818181818,351.0,0,0,
888,4,10.0,22,0.16072916666666667,600.0,0.0,0.0,240.0,0,0,
889,4,15.0,22,0.19760416666666666,600.0,1.0,0.0625,503.0,0,0,
890,4,20.0,22,0.11708333333333333,600.0,0.0,0.0,215.0,0,0,
891,4,25.0,22,0.18604166666666666,600.0,0.0,0.0,379.0,0,0,
892,4,10.0,23,0.34547619047619044,600.0,3.0,0.1428571428571428,439.0,0,0,
893,4,15.0,23,0.20095238095238094,600.0,1.0,0.0476190476190476,133.0,0,0,
894,4,20.0,23,0.21198412698412697,600.0,2.0,0.0952380952380952,106.0,0,0,
895,4,25.0,23,0.23984126984126983,600.0,1.0,0.0476190476190476,189.0,0,0,
896,4,10.0,24,0.36825757575757573,600.0,4.0,0.1818181818181818,333.0,0,0,
897,4,15.0,24,0.28,600.0,1.0,0.0454545454545454,206.0,0,0,
898,4,20.0,24,0.19803030303030303,600.0,0.0,0.0,128.0,0,0,
899,4,25.0,24,0.3073484848484848,600.0,0.0,0.0,364.0,0,0,
900,4,10.0,25,0.15648148148148147,600.0,0.0,0.0,203.0,0,0,
901,4,15.0,25,0.2672222222222222,600.0,1.0,0.0555555555555555,393.0,0,0,
902,4,20.0,25,0.13305555555555554,600.0,0.0,0.0,187.0,0,0,
903,4,25.0,25,0.14833333333333332,600.0,0.0,0.0,253.0,0,0,
904,4,10.0,26,0.26,600.0,1.0,0.05,310.0,0,0,
905,4,15.0,26,0.2633333333333333,600.0,1.0,0.05,376.0,0,0,
906,4,20.0,26,0.2890833333333333,600.0,2.0,0.1,398.0,0,0,
907,4,25.0,26,0.34099999999999997,600.0,4.0,0.2,,0,0,
908,4,10.0,27,0.20980392156862743,600.0,0.0,0.0,289.0,0,0,
909,4,15.0,27,0.3150980392156863,600.0,0.0,0.0,454.0,0,0,
910,4,20.0,27,0.1880392156862745,600.0,0.0,0.0,259.0,0,0,
911,4,25.0,27,0.15676470588235292,600.0,0.0,0.0,219.0,0,0,
912,4,10.0,28,0.37555555555555553,600.0,3.0,0.125,216.0,0,0,
913,4,15.0,28,0.24562499999999995,600.0,1.0,0.0416666666666666,148.0,0,0,
914,4,20.0,28,0.2323611111111111,600.0,0.0,0.0,183.0,0,0,
915,4,25.0,28,0.33090277777777777,600.0,1.0,0.0416666666666666,179.0,0,0,
916,4,10.0,29,0.3140833333333334,600.0,4.0,0.2,,0,0,
917,4,15.0,29,0.22466666666666668,600.0,1.0,0.05,428.0,0,0,
918,4,20.0,29,0.2421666666666667,600.0,1.0,0.05,443.0,0,0,
919,4,25.0,29,0.25325000000000003,600.0,1.0,0.05,345.0,0,0,
920,4,10.0,30,0.1525,600.0,0.0,0.0,182.0,0,0,
921,4,15.0,30,0.10999999999999997,600.0,0.0,0.0,104.0,0,0,
922,4,20.0,30,0.16009259259259254,600.0,1.0,0.0555555555555555,214.0,0,0,
923,4,25.0,30,0.18648148148148147,600.0,0.0,0.0,298.0,0,0,
924,4,10.0,31,0.4059523809523809,600.0,4.0,0.1904761904761904,,0,0,
925,4,15.0,31,0.4117460317460317,600.0,4.0,0.1904761904761904,,0,0,
926,4,20.0,31,0.3191269841269841,600.0,2.0,0.0952380952380952,320.0,0,0,
927,4,25.0,31,0.32785714285714285,600.0,3.0,0.1428571428571428,418.0,0,0,
928,4,10.0,32,0.3836363636363636,600.0,6.0,0.2727272727272727,,0,0,
929,4,15.0,32,0.33674242424242423,600.0,3.0,0.1363636363636363,355.0,0,0,
930,4,20.0,32,0.35901515151515145,600.0,3.0,0.1363636363636363,466.0,0,0,
931,4,25.0,32,0.28,600.0,2.0,0.0909090909090909,287.0,0,0,
932,4,10.0,33,0.29233333333333333,600.0,0.0,0.0,353.0,0,0,
933,4,15.0,33,0.19466666666666665,600.0,0.0,0.0,362.0,0,0,
934,4,20.0,33,0.14411111111111108,600.0,0.0,0.0,122.0,0,0,
935,4,25.0,33,0.26199999999999996,600.0,1.0,0.0666666666666666,540.0,0,0,
936,4,10.0,34,0.3479365079365079,600.0,2.0,0.0952380952380952,434.0,0,0,
937,4,15.0,34,0.3098412698412698,600.0,1.0,0.0476190476190476,277.0,0,0,
938,4,20.0,34,0.3893650793650793,600.0,4.0,0.1904761904761904,,0,0,
939,4,25.0,34,0.3501587301587301,600.0,3.0,0.1428571428571428,321.0,0,0,
940,4,10.0,35,0.4071739130434782,600.0,4.0,0.1739130434782608,451.0,0,0,
941,4,15.0,35,0.2664492753623188,600.0,3.0,0.1304347826086956,133.0,0,0,
942,4,20.0,35,0.32123188405797093,600.0,4.0,0.1739130434782608,206.0,0,0,
943,4,25.0,35,0.367463768115942,600.0,5.0,0.217391304347826,367.0,0,0,
944,4,10.0,36,0.18322916666666667,600.0,0.0,0.0,252.0,0,0,
945,4,15.0,36,0.2685416666666667,600.0,0.0,0.0,522.0,0,0,
946,4,20.0,36,0.20520833333333333,600.0,0.0,0.0,374.0,0,0,
947,4,25.0,36,0.20270833333333332,600.0,0.0,0.0,294.0,0,0,
948,4,10.0,37,0.4138690476190476,600.0,9.0,0.3214285714285714,275.0,0,0,
949,4,15.0,37,0.4084523809523809,600.0,9.0,0.3214285714285714,382.0,0,0,
950,4,20.0,37,0.3734523809523809,600.0,8.0,0.2857142857142857,132.0,0,0,
951,4,25.0,37,0.3843452380952381,600.0,8.0,0.2857142857142857,166.0,0,0,
952,4,10.0,38,0.26745098039215687,600.0,1.0,0.0588235294117647,557.0,0,0,
953,4,15.0,38,0.19372549019607843,600.0,0.0,0.0,327.0,0,0,
954,4,20.0,38,0.23970588235294116,600.0,2.0,0.1176470588235294,,0,0,
955,4,25.0,38,0.20676470588235293,600.0,0.0,0.0,285.0,0,0,
956,4,10.0,39,0.20758333333333334,600.0,0.0,0.0,255.0,0,0,
957,4,15.0,39,0.13583333333333333,600.0,0.0,0.0,157.0,0,0,
958,4,20.0,39,0.11141666666666666,600.0,0.0,0.0,134.0,0,0,
959,4,25.0,39,0.125,600.0,0.0,0.0,142.0,0,0,
960,4,10.0,40,0.41694444444444445,600.0,2.0,0.1111111111111111,,0,0,
961,4,15.0,40,0.462037037037037,600.0,3.0,0.1666666666666666,,0,0,
962,4,20.0,40,0.3008333333333333,600.0,1.0,0.0555555555555555,350.0,0,0,
963,4,25.0,40,0.2359259259259259,600.0,0.0,0.0,287.0,0,0,
964,4,10.0,41,0.3647916666666667,600.0,5.0,0.2083333333333333,264.0,0,0,
965,4,15.0,41,0.3898611111111111,600.0,5.0,0.2083333333333333,264.0,0,0,
966,4,20.0,41,0.4117361111111111,600.0,6.0,0.25,504.0,0,0,
967,4,25.0,41,0.43875,600.0,6.0,0.25,384.0,0,0,
968,4,10.0,42,0.36616666666666664,600.0,2.0,0.1,457.0,0,0,
969,4,15.0,42,0.321,600.0,1.0,0.05,541.0,0,0,
970,4,20.0,42,0.3318333333333333,600.0,2.0,0.1,403.0,0,0,
971,4,25.0,42,0.4013333333333334,600.0,1.0,0.05,573.0,0,0,
972,4,10.0,43,0.2882456140350877,600.0,0.0,0.0,419.0,0,0,
973,4,15.0,43,0.27140350877192976,600.0,1.0,0.0526315789473684,390.0,0,0,
974,4,20.0,43,0.2759649122807017,600.0,1.0,0.0526315789473684,600.0,0,0,
975,4,25.0,43,0.37745614035087716,600.0,5.0,0.2631578947368421,,0,0,
976,4,10.0,44,0.2872222222222222,600.0,2.0,0.0952380952380952,292.0,0,0,
977,4,15.0,44,0.27634920634920634,600.0,2.0,0.0952380952380952,370.0,0,0,
978,4,20.0,44,0.29182539682539677,600.0,4.0,0.1904761904761904,,0,0,
979,4,25.0,44,0.3014285714285714,600.0,0.0,0.0,473.0,0,0,
980,4,10.0,45,0.47391304347826085,600.0,7.0,0.3043478260869565,,0,0,
981,4,15.0,45,0.5281884057971015,600.0,7.0,0.3043478260869565,,0,0,
982,4,20.0,45,0.40601449275362317,600.0,5.0,0.217391304347826,413.0,0,0,
983,4,25.0,45,0.4836231884057971,600.0,5.0,0.217391304347826,574.0,0,0,
984,4,10.0,46,0.3393478260869565,600.0,1.0,0.0434782608695652,250.0,0,0,
985,4,15.0,46,0.3208695652173913,600.0,2.0,0.0869565217391304,394.0,0,0,
986,4,20.0,46,0.3079710144927536,600.0,1.0,0.0434782608695652,299.0,0,0,
987,4,25.0,46,0.22992753623188403,600.0,1.0,0.0434782608695652,138.0,0,0,
988,4,10.0,47,0.33680000000000004,600.0,4.0,0.16,210.0,0,0,
989,4,15.0,47,0.35153333333333336,600.0,4.0,0.16,252.0,0,0,
990,4,20.0,47,0.3706666666666667,600.0,5.0,0.2,247.0,0,0,
991,4,25.0,47,0.3308666666666667,600.0,3.0,0.12,284.0,0,0,
992,4,10.0,48,0.37822916666666667,600.0,0.0,0.0,585.0,0,0,
993,4,15.0,48,0.3125,600.0,0.0,0.0,563.0,0,0,
994,4,20.0,48,0.2764583333333333,600.0,0.0,0.0,330.0,0,0,
995,4,25.0,48,0.3277083333333333,600.0,1.0,0.0625,562.0,0,0,
996,4,10.0,49,0.20518518518518516,600.0,0.0,0.0,270.0,0,0,
997,4,15.0,49,0.1712037037037037,600.0,0.0,0.0,224.0,0,0,
998,4,20.0,49,0.2159259259259259,600.0,0.0,0.0,555.0,0,0,
999,4,25.0,49,0.20990740740740738,600.0,1.0,0.0555555555555555,436.0,0,0,
1000,4,10.0,50,0.25206349206349205,600.0,1.0,0.0476190476190476,264.0,0,0,
1001,4,15.0,50,0.30309523809523803,600.0,2.0,0.0952380952380952,499.0,0,0,
1002,4,20.0,50,0.3396031746031746,600.0,4.0,0.1904761904761904,,0,0,
1003,4,25.0,50,0.2889682539682539,600.0,2.0,0.0952380952380952,510.0,0,0,
1004,4,10.0,51,0.2134210526315789,600.0,1.0,0.0526315789473684,274.0,0,0,
1005,4,15.0,51,0.21438596491228068,600.0,1.0,0.0526315789473684,231.0,0,0,
1006,4,20.0,51,0.20561403508771928,600.0,1.0,0.0526315789473684,382.0,0,0,
1007,4,25.0,51,0.19210526315789472,600.0,0.0,0.0,295.0,0,0,
1008,4,10.0,52,0.2746491228070175,600.0,1.0,0.0526315789473684,347.0,0,0,
1009,4,15.0,52,0.2549122807017543,600.0,1.0,0.0526315789473684,529.0,0,0,
1010,4,20.0,52,0.2114912280701754,600.0,1.0,0.0526315789473684,331.0,0,0,
1011,4,25.0,52,0.1482456140350877,600.0,0.0,0.0,151.0,0,0,
1012,4,10.0,53,0.3058771929824561,600.0,1.0,0.0526315789473684,593.0,0,0,
1013,4,15.0,53,0.19122807017543858,600.0,0.0,0.0,369.0,0,0,
1014,4,20.0,53,0.20359649122807014,600.0,2.0,0.1052631578947368,,0,0,
1015,4,25.0,53,0.18912280701754386,600.0,0.0,0.0,345.0,0,0,
1016,4,10.0,54,0.30691666666666667,600.0,0.0,0.0,401.0,0,0,
1017,4,15.0,54,0.24841666666666667,600.0,2.0,0.1,304.0,0,0,
1018,4,20.0,54,0.3419166666666667,600.0,4.0,0.2,,0,0,
1019,4,25.0,54,0.25075,600.0,1.0,0.05,317.0,0,0,
1020,4,10.0,55,0.33520833333333333,600.0,0.0,0.0,484.0,0,0,
1021,4,15.0,55,0.45458333333333334,600.0,1.0,0.0625,593.0,0,0,
1022,4,20.0,55,0.215,600.0,0.0,0.0,334.0,0,0,
1023,4,25.0,55,0.40541666666666665,600.0,3.0,0.1875,,0,0,
1024,4,10.0,56,0.2575,600.0,0.0,0.0,281.0,0,0,
1025,4,15.0,56,0.25364583333333335,600.0,0.0,0.0,289.0,0,0,
1026,4,20.0,56,0.3109375,600.0,0.0,0.0,436.0,0,0,
1027,4,25.0,56,0.22208333333333333,600.0,0.0,0.0,321.0,0,0,
1028,4,10.0,57,0.24895833333333334,600.0,2.0,0.125,,0,0,
1029,4,15.0,57,0.2025,600.0,0.0,0.0,248.0,0,0,
1030,4,20.0,57,0.24375,600.0,0.0,0.0,352.0,0,0,
1031,4,25.0,57,0.20947916666666666,600.0,0.0,0.0,413.0,0,0,
1032,4,10.0,58,0.3608333333333333,600.0,4.0,0.1818181818181818,434.0,0,0,
1033,4,15.0,58,0.28931818181818175,600.0,4.0,0.1818181818181818,289.0,0,0,
1034,4,20.0,58,0.2602272727272727,600.0,3.0,0.1363636363636363,158.0,0,0,
1035,4,25.0,58,0.2192424242424242,600.0,2.0,0.0909090909090909,152.0,0,0,
1036,4,10.0,59,0.2856944444444444,600.0,4.0,0.1666666666666666,237.0,0,0,
1037,4,15.0,59,0.3154166666666667,600.0,5.0,0.2083333333333333,255.0,0,0,
1038,4,20.0,59,0.23784722222222218,600.0,3.0,0.125,172.0,0,0,
1039,4,25.0,59,0.21916666666666668,600.0,3.0,0.125,83.0,0,0,
1040,4,10.0,60,0.24849206349206346,600.0,2.0,0.0952380952380952,239.0,0,0,
1041,4,15.0,60,0.2766666666666666,600.0,3.0,0.1428571428571428,593.0,0,0,
1042,4,20.0,60,0.17079365079365075,600.0,1.0,0.0476190476190476,139.0,0,0,
1043,4,25.0,60,0.17055555555555552,600.0,1.0,0.0476190476190476,151.0,0,0,
1044,4,10.0,61,0.4338194444444445,600.0,5.0,0.2083333333333333,409.0,0,0,
1045,4,15.0,61,0.37812499999999993,600.0,4.0,0.1666666666666666,318.0,0,0,
1046,4,20.0,61,0.41965277777777776,600.0,5.0,0.2083333333333333,460.0,0,0,
1047,4,25.0,61,0.47138888888888886,600.0,6.0,0.25,476.0,0,0,
1048,4,10.0,62,0.21759259259259256,600.0,0.0,0.0,209.0,0,0,
1049,4,15.0,62,0.22314814814814815,600.0,0.0,0.0,345.0,0,0,
1050,4,20.0,62,0.2186111111111111,600.0,0.0,0.0,291.0,0,0,
1051,4,25.0,62,0.19583333333333333,600.0,0.0,0.0,144.0,0,0,
1052,4,10.0,63,0.23696078431372547,600.0,1.0,0.0588235294117647,456.0,0,0,
1053,4,15.0,63,0.3614705882352941,600.0,2.0,0.1176470588235294,,0,0,
1054,4,20.0,63,0.30921568627450974,600.0,2.0,0.1176470588235294,,0,0,
1055,4,25.0,63,0.32421568627450975,600.0,4.0,0.2352941176470588,,0,0,
1056,4,10.0,64,0.36856060606060603,600.0,3.0,0.1363636363636363,369.0,0,0,
1057,4,15.0,64,0.33333333333333326,600.0,3.0,0.1363636363636363,458.0,0,0,
1058,4,20.0,64,0.2982575757575757,600.0,2.0,0.0909090909090909,261.0,0,0,
1059,4,25.0,64,0.2474242424242424,600.0,2.0,0.0909090909090909,158.0,0,0,
1060,4,10.0,65,0.1822222222222222,600.0,0.0,0.0,231.0,0,0,
1061,4,15.0,65,0.28688888888888886,600.0,0.0,0.0,399.0,0,0,
1062,4,20.0,65,0.25866666666666666,600.0,0.0,0.0,423.0,0,0,
1063,4,25.0,65,0.21911111111111106,600.0,0.0,0.0,235.0,0,0,
1064,4,10.0,66,0.25483333333333336,600.0,2.0,0.1,416.0,0,0,
1065,4,15.0,66,0.20983333333333332,600.0,0.0,0.0,286.0,0,0,
1066,4,20.0,66,0.24608333333333335,600.0,0.0,0.0,444.0,0,0,
1067,4,25.0,66,0.29233333333333333,600.0,3.0,0.15,,0,0,
1068,4,10.0,67,0.4101960784313725,600.0,3.0,0.1764705882352941,,0,0,
1069,4,15.0,67,0.19362745098039216,600.0,0.0,0.0,410.0,0,0,
1070,4,20.0,67,0.26352941176470585,600.0,2.0,0.1176470588235294,,0,0,
1071,4,25.0,67,0.125,600.0,0.0,0.0,87.0,0,0,
1072,4,10.0,68,0.24523809523809523,600.0,0.0,0.0,383.0,0,0,
1073,4,15.0,68,0.135,600.0,0.0,0.0,152.0,0,0,
1074,4,20.0,68,0.13392857142857142,600.0,0.0,0.0,163.0,0,0,
1075,4,25.0,68,0.1894047619047619,600.0,0.0,0.0,230.0,0,0,
1076,4,10.0,69,0.2575925925925926,600.0,0.0,0.0,359.0,0,0,
1077,4,15.0,69,0.21555555555555553,600.0,0.0,0.0,237.0,0,0,
1078,4,20.0,69,0.16305555555555554,600.0,0.0,0.0,176.0,0,0,
1079,4,25.0,69,0.1961111111111111,600.0,0.0,0.0,224.0,0,0,
1080,4,10.0,70,0.2838235294117647,600.0,1.0,0.0588235294117647,382.0,0,0,
1081,4,15.0,70,0.19058823529411764,600.0,0.0,0.0,305.0,0,0,
1082,4,20.0,70,0.18029411764705883,600.0,0.0,0.0,190.0,0,0,
1083,4,25.0,70,0.13372549019607843,600.0,0.0,0.0,122.0,0,0,
1084,4,10.0,71,0.22885964912280699,600.0,0.0,0.0,312.0,0,0,
1085,4,15.0,71,0.2771052631578947,600.0,2.0,0.1052631578947368,,0,0,
1086,4,20.0,71,0.2271929824561403,600.0,0.0,0.0,434.0,0,0,
1087,4,25.0,71,0.23728070175438593,600.0,1.0,0.0526315789473684,512.0,0,0,
1088,4,10.0,72,0.398,600.0,2.0,0.1,497.0,0,0,
1089,4,15.0,72,0.31766666666666665,600.0,4.0,0.2,,0,0,
1090,4,20.0,72,0.38233333333333336,600.0,4.0,0.2,,0,0,
1091,4,25.0,72,0.36391666666666667,600.0,5.0,0.25,,0,0,
1092,4,10.0,73,0.22388888888888886,600.0,0.0,0.0,321.0,0,0,
1093,4,15.0,73,0.22344444444444445,600.0,0.0,0.0,263.0,0,0,
1094,4,20.0,73,0.22411111111111112,600.0,0.0,0.0,279.0,0,0,
1095,4,25.0,73,0.1912222222222222,600.0,0.0,0.0,268.0,0,0,
1096,4,10.0,74,0.4399333333333333,600.0,8.0,0.32,,0,0,
1097,4,15.0,74,0.39853333333333335,600.0,6.0,0.24,435.0,0,0,
1098,4,20.0,74,0.4479333333333333,600.0,6.0,0.24,541.0,0,0,
1099,4,25.0,74,0.3944666666666667,600.0,6.0,0.24,293.0,0,0,
1100,4,10.0,75,0.33833333333333326,600.0,3.0,0.1428571428571428,260.0,0,0,
1101,4,15.0,75,0.3208730158730158,600.0,1.0,0.0476190476190476,376.0,0,0,
1102,4,20.0,75,0.38174603174603167,600.0,4.0,0.1904761904761904,,0,0,
1103,4,25.0,75,0.3497619047619047,600.0,3.0,0.1428571428571428,454.0,0,0,
1104,4,10.0,76,0.215625,600.0,0.0,0.0,369.0,0,0,
1105,4,15.0,76,0.29635416666666664,600.0,1.0,0.0625,508.0,0,0,
1106,4,20.0,76,0.28541666666666665,600.0,0.0,0.0,431.0,0,0,
1107,4,25.0,76,0.23385416666666667,600.0,0.0,0.0,356.0,0,0,
1108,4,10.0,77,0.3902564102564102,600.0,7.0,0.2692307692307692,315.0,0,0,
1109,4,15.0,77,0.39064102564102565,600.0,7.0,0.2692307692307692,199.0,0,0,
1110,4,20.0,77,0.3433333333333333,600.0,6.0,0.2307692307692307,128.0,0,0,
1111,4,25.0,77,0.2966025641025641,600.0,4.0,0.1538461538461538,192.0,0,0,
1112,4,10.0,78,0.38339999999999996,600.0,6.0,0.24,355.0,0,0,
1113,4,15.0,78,0.4156666666666667,600.0,6.0,0.24,239.0,0,0,
1114,4,20.0,78,0.49566666666666664,600.0,8.0,0.32,,0,0,
1115,4,25.0,78,0.4434,600.0,6.0,0.24,426.0,0,0,
1116,4,10.0,79,0.3527777777777777,600.0,4.0,0.1904761904761904,,0,0,
1117,4,15.0,79,0.375079365079365,600.0,4.0,0.1904761904761904,,0,0,
1118,4,20.0,79,0.42865079365079356,600.0,5.0,0.238095238095238,,0,0,
1119,4,25.0,79,0.28111111111111103,600.0,3.0,0.1428571428571428,239.0,0,0,
1120,4,10.0,80,0.2529824561403508,600.0,1.0,0.0526315789473684,477.0,0,0,
1121,4,15.0,80,0.3448245614035087,600.0,3.0,0.1578947368421052,,0,0,
1122,4,20.0,80,0.13035087719298244,600.0,0.0,0.0,141.0,0,0,
1123,4,25.0,80,0.3202631578947368,600.0,3.0,0.1578947368421052,,0,0,
1124,4,10.0,81,0.4051851851851852,600.0,0.0,0.0,525.0,0,0,
1125,4,15.0,81,0.2671296296296296,600.0,0.0,0.0,400.0,0,0,
1126,4,20.0,81,0.2724074074074074,600.0,1.0,0.0555555555555555,305.0,0,0,
1127,4,25.0,81,0.19749999999999998,600.0,0.0,0.0,256.0,0,0,
1128,4,10.0,82,0.31452380952380943,600.0,3.0,0.1428571428571428,366.0,0,0,
1129,4,15.0,82,0.3549206349206349,600.0,4.0,0.1904761904761904,,0,0,
1130,4,20.0,82,0.3575396825396825,600.0,4.0,0.1904761904761904,,0,0,
1131,4,25.0,82,0.32968253968253963,600.0,1.0,0.0476190476190476,374.0,0,0,
1132,4,10.0,83,0.2665151515151515,600.0,2.0,0.0909090909090909,186.0,0,0,
1133,4,15.0,83,0.385,600.0,6.0,0.2727272727272727,,0,0,
1134,4,20.0,83,0.2699242424242424,600.0,2.0,0.0909090909090909,204.0,0,0,
1135,4,25.0,83,0.2471969696969697,600.0,2.0,0.0909090909090909,245.0,0,0,
1136,4,10.0,84,0.1782222222222222,600.0,0.0,0.0,145.0,0,0,
1137,4,15.0,84,0.14055555555555554,600.0,0.0,0.0,135.0,0,0,
1138,4,20.0,84,0.1482222222222222,600.0,0.0,0.0,152.0,0,0,
1139,4,25.0,84,0.14055555555555554,600.0,0.0,0.0,134.0,0,0,
1140,4,10.0,85,0.11822916666666666,600.0,0.0,0.0,168.0,0,0,
1141,4,15.0,85,0.15395833333333334,600.0,0.0,0.0,253.0,0,0,
1142,4,20.0,85,0.1809375,600.0,0.0,0.0,210.0,0,0,
1143,4,25.0,85,0.1378125,600.0,0.0,0.0,271.0,0,0,
1144,4,10.0,86,0.24972222222222218,600.0,1.0,0.0555555555555555,233.0,0,0,
1145,4,15.0,86,0.19083333333333333,600.0,0.0,0.0,204.0,0,0,
1146,4,20.0,86,0.18490740740740738,600.0,0.0,0.0,228.0,0,0,
1147,4,25.0,86,0.20481481481481478,600.0,0.0,0.0,287.0,0,0,
1148,4,10.0,87,0.3307971014492753,600.0,3.0,0.1304347826086956,315.0,0,0,
1149,4,15.0,87,0.29173913043478256,600.0,3.0,0.1304347826086956,270.0,0,0,
1150,4,20.0,87,0.29449275362318833,600.0,3.0,0.1304347826086956,240.0,0,0,
1151,4,25.0,87,0.23601449275362313,600.0,3.0,0.1304347826086956,109.0,0,0,
1152,4,10.0,88,0.18114035087719293,600.0,1.0,0.0526315789473684,215.0,0,0,
1153,4,15.0,88,0.1326315789473684,600.0,0.0,0.0,195.0,0,0,
1154,4,20.0,88,0.1708771929824561,600.0,0.0,0.0,367.0,0,0,
1155,4,25.0,88,0.2234210526315789,600.0,3.0,0.1578947368421052,,0,0,
1156,4,10.0,89,0.3977777777777778,600.0,4.0,0.1666666666666666,255.0,0,0,
1157,4,15.0,89,0.37048611111111107,600.0,5.0,0.2083333333333333,222.0,0,0,
1158,4,20.0,89,0.38340277777777776,600.0,5.0,0.2083333333333333,280.0,0,0,
1159,4,25.0,89,0.3168055555555555,600.0,4.0,0.1666666666666666,142.0,0,0,
1160,4,10.0,90,0.29736842105263156,600.0,0.0,0.0,469.0,0,0,
1161,4,15.0,90,0.30991228070175436,600.0,3.0,0.1578947368421052,,0,0,
1162,4,20.0,90,0.27763157894736834,600.0,2.0,0.1052631578947368,,0,0,
1163,4,25.0,90,0.3157017543859649,600.0,1.0,0.0526315789473684,552.0,0,0,
1164,4,10.0,91,0.18008333333333332,600.0,1.0,0.05,172.0,0,0,
1165,4,15.0,91,0.2355833333333333,600.0,2.0,0.1,579.0,0,0,
1166,4,20.0,91,0.14616666666666667,600.0,0.0,0.0,192.0,0,0,
1167,4,25.0,91,0.13166666666666665,600.0,0.0,0.0,160.0,0,0,
1168,4,10.0,92,0.1515625,600.0,0.0,0.0,248.0,0,0,
1169,4,15.0,92,0.11083333333333334,600.0,0.0,0.0,163.0,0,0,
1170,4,20.0,92,0.1359375,600.0,0.0,0.0,185.0,0,0,
1171,4,25.0,92,0.12197916666666667,600.0,0.0,0.0,167.0,0,0,
1172,4,10.0,93,0.5178846153846154,600.0,7.0,0.2692307692307692,431.0,0,0,
1173,4,15.0,93,0.5408974358974359,600.0,9.0,0.3461538461538461,,0,0,
1174,4,20.0,93,0.47474358974358977,600.0,8.0,0.3076923076923077,390.0,0,0,
1175,4,25.0,93,0.5579487179487179,600.0,12.0,0.4615384615384615,,0,0,
1176,4,10.0,94,0.40326388888888887,600.0,5.0,0.2083333333333333,298.0,0,0,
1177,4,15.0,94,0.3867361111111111,600.0,4.0,0.1666666666666666,425.0,0,0,
1178,4,20.0,94,0.3193055555555555,600.0,4.0,0.1666666666666666,307.0,0,0,
1179,4,25.0,94,0.2772916666666666,600.0,4.0,0.1666666666666666,121.0,0,0,
1180,4,10.0,95,0.21989583333333335,600.0,0.0,0.0,298.0,0,0,
1181,4,15.0,95,0.2630208333333333,600.0,0.0,0.0,456.0,0,0,
1182,4,20.0,95,0.15291666666666667,600.0,0.0,0.0,126.0,0,0,
1183,4,25.0,95,0.23614583333333333,600.0,0.0,0.0,405.0,0,0,
1184,4,10.0,96,0.167037037037037,600.0,0.0,0.0,204.0,0,0,
1185,4,15.0,96,0.20824074074074073,600.0,0.0,0.0,313.0,0,0,
1186,4,20.0,96,0.2305555555555555,600.0,1.0,0.0555555555555555,264.0,0,0,
1187,4,25.0,96,0.17564814814814814,600.0,0.0,0.0,202.0,0,0,
1188,4,10.0,97,0.24979166666666666,600.0,0.0,0.0,378.0,0,0,
1189,4,15.0,97,0.20822916666666666,600.0,0.0,0.0,327.0,0,0,
1190,4,20.0,97,0.15802083333333333,600.0,0.0,0.0,204.0,0,0,
1191,4,25.0,97,0.2683333333333333,600.0,0.0,0.0,330.0,0,0,
1192,4,10.0,98,0.16533333333333333,600.0,0.0,0.0,193.0,0,0,
1193,4,15.0,98,0.14966666666666667,600.0,0.0,0.0,204.0,0,0,
1194,4,20.0,98,0.13266666666666665,600.0,0.0,0.0,141.0,0,0,
1195,4,25.0,98,0.11633333333333333,600.0,0.0,0.0,131.0,0,0,
1196,4,10.0,99,0.297,600.0,1.0,0.05,314.0,0,0,
1197,4,15.0,99,0.3471666666666667,600.0,3.0,0.15,,0,0,
1198,4,20.0,99,0.29683333333333334,600.0,1.0,0.05,375.0,0,0,
1199,4,25.0,99,0.27116666666666667,600.0,3.0,0.15,,0,0,
1200,6,10.0,0,0.2206862745098039,600.0,0.0,0.0,265.0,0,0,
1201,6,15.0,0,0.2637254901960784,600.0,0.0,0.0,337.0,0,0,
1202,6,20.0,0,0.31313725490196076,600.0,0.0,0.0,572.0,0,0,
1203,6,25.0,0,0.2833333333333333,600.0,2.0,0.1176470588235294,,0,0,
1204,6,10.0,1,0.41425287356321844,600.0,9.0,0.3103448275862069,220.0,0,0,
1205,6,15.0,1,0.41109195402298854,600.0,9.0,0.3103448275862069,222.0,0,0,
1206,6,20.0,1,0.4353448275862069,600.0,9.0,0.3103448275862069,221.0,0,0,
1207,6,25.0,1,0.42649425287356324,600.0,9.0,0.3103448275862069,236.0,0,0,
1208,6,10.0,2,0.19990196078431371,600.0,0.0,0.0,319.0,0,0,
1209,6,15.0,2,0.14313725490196078,600.0,0.0,0.0,192.0,0,0,
1210,6,20.0,2,0.14529411764705882,600.0,0.0,0.0,191.0,0,0,
1211,6,25.0,2,0.14176470588235293,600.0,0.0,0.0,195.0,0,0,
1212,6,10.0,3,0.284047619047619,600.0,2.0,0.0952380952380952,359.0,0,0,
1213,6,15.0,3,0.26230158730158726,600.0,2.0,0.0952380952380952,355.0,0,0,
1214,6,20.0,3,0.22404761904761902,600.0,1.0,0.0476190476190476,232.0,0,0,
1215,6,25.0,3,0.2796825396825396,600.0,2.0,0.0952380952380952,280.0,0,0,
1216,6,10.0,4,0.41954545454545455,600.0,4.0,0.1818181818181818,377.0,0,0,
1217,6,15.0,4,0.44583333333333336,600.0,5.0,0.2272727272727272,,0,0,
1218,6,20.0,4,0.466969696969697,600.0,7.0,0.3181818181818182,,0,0,
1219,6,25.0,4,0.4034090909090909,600.0,5.0,0.2272727272727272,,0,0,
1220,6,10.0,5,0.22529411764705878,600.0,0.0,0.0,368.0,0,0,
1221,6,15.0,5,0.19137254901960782,600.0,0.0,0.0,335.0,0,0,
1222,6,20.0,5,0.15480392156862743,600.0,0.0,0.0,363.0,0,0,
1223,6,25.0,5,0.10166666666666667,600.0,0.0,0.0,133.0,0,0,
1224,6,10.0,6,0.5182,600.0,7.0,0.28,496.0,0,0,
1225,6,15.0,6,0.3918666666666667,600.0,5.0,0.2,238.0,0,0,
1226,6,20.0,6,0.37866666666666665,600.0,4.0,0.16,234.0,0,0,
1227,6,25.0,6,0.4573333333333333,600.0,7.0,0.28,462.0,0,0,
1228,6,10.0,7,0.3919166666666667,600.0,5.0,0.25,,0,0,
1229,6,15.0,7,0.28958333333333336,600.0,1.0,0.05,318.0,0,0,
1230,6,20.0,7,0.3078333333333333,600.0,2.0,0.1,449.0,0,0,
1231,6,25.0,7,0.28441666666666665,600.0,1.0,0.05,393.0,0,0,
1232,6,10.0,8,0.17421052631578945,600.0,0.0,0.0,247.0,0,0,
1233,6,15.0,8,0.20999999999999996,600.0,0.0,0.0,420.0,0,0,
1234,6,20.0,8,0.25868421052631574,600.0,0.0,0.0,438.0,0,0,
1235,6,25.0,8,0.24657894736842104,600.0,1.0,0.0526315789473684,226.0,0,0,
1236,6,10.0,9,0.43818840579710144,600.0,7.0,0.3043478260869565,,0,0,
1237,6,15.0,9,0.41188405797101446,600.0,5.0,0.217391304347826,563.0,0,0,
1238,6,20.0,9,0.3192753623188405,600.0,4.0,0.1739130434782608,164.0,0,0,
1239,6,25.0,9,0.5231884057971015,600.0,7.0,0.3043478260869565,,0,0,
1240,6,10.0,10,0.3339814814814815,600.0,1.0,0.0555555555555555,599.0,0,0,
1241,6,15.0,10,0.34370370370370373,600.0,0.0,0.0,411.0,0,0,
1242,6,20.0,10,0.349537037037037,600.0,0.0,0.0,459.0,0,0,
1243,6,25.0,10,0.3359259259259259,600.0,0.0,0.0,394.0,0,0,
1244,6,10.0,11,0.17775000000000002,600.0,1.0,0.05,287.0,0,0,
1245,6,15.0,11,0.20091666666666666,600.0,1.0,0.05,370.0,0,0,
1246,6,20.0,11,0.15341666666666667,600.0,0.0,0.0,235.0,0,0,
1247,6,25.0,11,0.22391666666666665,600.0,1.0,0.05,406.0,0,0,
1248,6,10.0,12,0.243859649122807,600.0,1.0,0.0526315789473684,557.0,0,0,
1249,6,15.0,12,0.2197368421052631,600.0,2.0,0.1052631578947368,,0,0,
1250,6,20.0,12,0.18157894736842103,600.0,0.0,0.0,190.0,0,0,
1251,6,25.0,12,0.31640350877192974,600.0,4.0,0.2105263157894736,,0,0,
1252,6,10.0,13,0.476025641025641,600.0,8.0,0.3076923076923077,465.0,0,0,
1253,6,15.0,13,0.4298076923076923,600.0,7.0,0.2692307692307692,296.0,0,0,
1254,6,20.0,13,0.37608974358974356,600.0,6.0,0.2307692307692307,168.0,0,0,
1255,6,25.0,13,0.37749999999999995,600.0,6.0,0.2307692307692307,156.0,0,0,
1256,6,10.0,14,0.49931818181818177,600.0,5.0,0.2272727272727272,,0,0,
1257,6,15.0,14,0.34507575757575754,600.0,2.0,0.0909090909090909,423.0,0,0,
1258,6,20.0,14,0.3984848484848485,600.0,4.0,0.1818181818181818,299.0,0,0,
1259,6,25.0,14,0.3629545454545454,600.0,3.0,0.1363636363636363,291.0,0,0,
1260,6,10.0,15,0.3325,600.0,0.0,0.0,499.0,0,0,
1261,6,15.0,15,0.20604166666666668,600.0,0.0,0.0,285.0,0,0,
1262,6,20.0,15,0.19489583333333332,600.0,0.0,0.0,244.0,0,0,
1263,6,25.0,15,0.1853125,600.0,0.0,0.0,179.0,0,0,
1264,6,10.0,16,0.1983333333333333,600.0,0.0,0.0,305.0,0,0,
1265,6,15.0,16,0.26759259259259255,600.0,0.0,0.0,426.0,0,0,
1266,6,20.0,16,0.26249999999999996,600.0,1.0,0.0555555555555555,537.0,0,0,
1267,6,25.0,16,0.14861111111111108,600.0,0.0,0.0,190.0,0,0,
1268,6,10.0,17,0.3299019607843137,600.0,3.0,0.1764705882352941,,0,0,
1269,6,15.0,17,0.34421568627450977,600.0,3.0,0.1764705882352941,,0,0,
1270,6,20.0,17,0.2402941176470588,600.0,1.0,0.0588235294117647,561.0,0,0,
1271,6,25.0,17,0.266078431372549,600.0,0.0,0.0,459.0,0,0,
1272,6,10.0,18,0.3754,600.0,5.0,0.2,244.0,0,0,
1273,6,15.0,18,0.3505333333333333,600.0,5.0,0.2,242.0,0,0,
1274,6,20.0,18,0.34653333333333336,600.0,5.0,0.2,255.0,0,0,
1275,6,25.0,18,0.39540000000000003,600.0,6.0,0.24,402.0,0,0,
1276,6,10.0,19,0.3786111111111111,600.0,6.0,0.25,393.0,0,0,
1277,6,15.0,19,0.3507638888888889,600.0,4.0,0.1666666666666666,387.0,0,0,
1278,6,20.0,19,0.36756944444444445,600.0,4.0,0.1666666666666666,414.0,0,0,
1279,6,25.0,19,0.27777777777777773,600.0,3.0,0.125,255.0,0,0,
1280,6,10.0,20,0.2157017543859649,600.0,1.0,0.0526315789473684,553.0,0,0,
1281,6,15.0,20,0.29096491228070176,600.0,3.0,0.1578947368421052,,0,0,
1282,6,20.0,20,0.2585087719298245,600.0,2.0,0.1052631578947368,,0,0,
1283,6,25.0,20,0.14903508771929824,600.0,0.0,0.0,201.0,0,0,
1284,6,10.0,21,0.4735416666666667,600.0,7.0,0.2916666666666667,,0,0,
1285,6,15.0,21,0.3614583333333333,600.0,4.0,0.1666666666666666,186.0,0,0,
1286,6,20.0,21,0.3504166666666666,600.0,4.0,0.1666666666666666,210.0,0,0,
1287,6,25.0,21,0.3838888888888889,600.0,5.0,0.2083333333333333,263.0,0,0,
1288,6,10.0,22,0.17944444444444443,600.0,0.0,0.0,372.0,0,0,
1289,6,15.0,22,0.14699999999999996,600.0,0.0,0.0,240.0,0,0,
1290,6,20.0,22,0.10111111111111111,600.0,0.0,0.0,209.0,0,0,
1291,6,25.0,22,0.16355555555555554,600.0,0.0,0.0,390.0,0,0,
1292,6,10.0,23,0.344047619047619,600.0,3.0,0.1428571428571428,399.0,0,0,
1293,6,15.0,23,0.26325396825396824,600.0,1.0,0.0476190476190476,269.0,0,0,
1294,6,20.0,23,0.1955555555555555,600.0,1.0,0.0476190476190476,112.0,0,0,
1295,6,25.0,23,0.24404761904761904,600.0,1.0,0.0476190476190476,248.0,0,0,
1296,6,10.0,24,0.44095238095238093,600.0,1.0,0.0476190476190476,539.0,0,0,
1297,6,15.0,24,0.25706349206349205,600.0,0.0,0.0,234.0,0,0,
1298,6,20.0,24,0.24587301587301585,600.0,1.0,0.0476190476190476,196.0,0,0,
1299,6,25.0,24,0.15944444444444442,600.0,0.0,0.0,126.0,0,0,
1300,6,10.0,25,0.4247222222222222,600.0,2.0,0.1111111111111111,,0,0,
1301,6,15.0,25,0.26111111111111107,600.0,0.0,0.0,501.0,0,0,
1302,6,20.0,25,0.23833333333333334,600.0,0.0,0.0,408.0,0,0,
1303,6,25.0,25,0.2758333333333333,600.0,0.0,0.0,442.0,0,0,
1304,6,10.0,26,0.2913492063492063,600.0,2.0,0.0952380952380952,338.0,0,0,
1305,6,15.0,26,0.2546825396825397,600.0,0.0,0.0,295.0,0,0,
1306,6,20.0,26,0.26650793650793647,600.0,1.0,0.0476190476190476,232.0,0,0,
1307,6,25.0,26,0.32849206349206345,600.0,4.0,0.1904761904761904,,0,0,
1308,6,10.0,27,0.185625,600.0,0.0,0.0,234.0,0,0,
1309,6,15.0,27,0.33770833333333333,600.0,1.0,0.0625,588.0,0,0,
1310,6,20.0,27,0.1603125,600.0,0.0,0.0,183.0,0,0,
1311,6,25.0,27,0.19104166666666667,600.0,0.0,0.0,343.0,0,0,
1312,6,10.0,28,0.4005333333333333,600.0,4.0,0.16,216.0,0,0,
1313,6,15.0,28,0.2758,600.0,2.0,0.08,148.0,0,0,
1314,6,20.0,28,0.26306666666666667,600.0,1.0,0.04,183.0,0,0,
1315,6,25.0,28,0.35766666666666663,600.0,2.0,0.08,179.0,0,0,
1316,6,10.0,29,0.3539473684210526,600.0,1.0,0.0526315789473684,581.0,0,0,
1317,6,15.0,29,0.29745614035087714,600.0,0.0,0.0,521.0,0,0,
1318,6,20.0,29,0.25114035087719294,600.0,1.0,0.0526315789473684,597.0,0,0,
1319,6,25.0,29,0.2687719298245614,600.0,0.0,0.0,570.0,0,0,
1320,6,10.0,30,0.23117647058823526,600.0,0.0,0.0,433.0,0,0,
1321,6,15.0,30,0.10470588235294118,600.0,0.0,0.0,115.0,0,0,
1322,6,20.0,30,0.15401960784313726,600.0,0.0,0.0,274.0,0,0,
1323,6,25.0,30,0.3730392156862745,600.0,1.0,0.0588235294117647,581.0,0,0,
1324,6,10.0,31,0.4228030303030303,600.0,2.0,0.0909090909090909,470.0,0,0,
1325,6,15.0,31,0.4372727272727273,600.0,4.0,0.1818181818181818,593.0,0,0,
1326,6,20.0,31,0.3264393939393939,600.0,4.0,0.1818181818181818,232.0,0,0,
1327,6,25.0,31,0.3117424242424242,600.0,3.0,0.1363636363636363,276.0,0,0,
1328,6,10.0,32,0.41043478260869565,600.0,7.0,0.3043478260869565,,0,0,
1329,6,15.0,32,0.3655797101449275,600.0,4.0,0.1739130434782608,355.0,0,0,
1330,6,20.0,32,0.3857246376811594,600.0,4.0,0.1739130434782608,466.0,0,0,
1331,6,25.0,32,0.3113043478260869,600.0,3.0,0.1304347826086956,287.0,0,0,
1332,6,10.0,33,0.255,600.0,0.0,0.0,290.0,0,0,
1333,6,15.0,33,0.1443939393939394,600.0,0.0,0.0,147.0,0,0,
1334,6,20.0,33,0.13393939393939394,600.0,0.0,0.0,123.0,0,0,
1335,6,25.0,33,0.1509090909090909,600.0,0.0,0.0,153.0,0,0,
1336,6,10.0,34,0.4046376811594203,600.0,4.0,0.1739130434782608,434.0,0,0,
1337,6,15.0,34,0.36318840579710143,600.0,3.0,0.1304347826086956,277.0,0,0,
1338,6,20.0,34,0.3610144927536232,600.0,4.0,0.1739130434782608,287.0,0,0,
1339,6,25.0,34,0.3927536231884058,600.0,3.0,0.1304347826086956,337.0,0,0,
1340,6,10.0,35,0.431875,600.0,5.0,0.2083333333333333,451.0,0,0,
1341,6,15.0,35,0.29701388888888886,600.0,4.0,0.1666666666666666,133.0,0,0,
1342,6,20.0,35,0.34951388888888885,600.0,5.0,0.2083333333333333,206.0,0,0,
1343,6,25.0,35,0.3122222222222222,600.0,4.0,0.1666666666666666,189.0,0,0,
1344,6,10.0,36,0.23799999999999996,600.0,0.0,0.0,469.0,0,0,
1345,6,15.0,36,0.23555555555555552,600.0,0.0,0.0,456.0,0,0,
1346,6,20.0,36,0.1401111111111111,600.0,0.0,0.0,147.0,0,0,
1347,6,25.0,36,0.14833333333333334,600.0,0.0,0.0,186.0,0,0,
1348,6,10.0,37,0.3910919540229885,600.0,9.0,0.3103448275862069,178.0,0,0,
1349,6,15.0,37,0.35781609195402303,600.0,9.0,0.3103448275862069,54.0,0,0,
1350,6,20.0,37,0.4363218390804598,600.0,9.0,0.3103448275862069,287.0,0,0,
1351,6,25.0,37,0.42408045977011494,600.0,9.0,0.3103448275862069,258.0,0,0,
1352,6,10.0,38,0.16023809523809524,600.0,0.0,0.0,179.0,0,0,
1353,6,15.0,38,0.1901190476190476,600.0,1.0,0.0714285714285714,142.0,0,0,
1354,6,20.0,38,0.14273809523809522,600.0,0.0,0.0,130.0,0,0,
1355,6,25.0,38,0.13404761904761903,600.0,0.0,0.0,168.0,0,0,
1356,6,10.0,39,0.11714285714285713,600.0,0.0,0.0,134.0,0,0,
1357,6,15.0,39,0.11261904761904762,600.0,0.0,0.0,131.0,0,0,
1358,6,20.0,39,0.11396825396825394,600.0,0.0,0.0,130.0,0,0,
1359,6,25.0,39,0.1061111111111111,600.0,0.0,0.0,93.0,0,0,
1360,6,10.0,40,0.4756481481481482,600.0,4.0,0.2222222222222222,,0,0,
1361,6,15.0,40,0.32231481481481483,600.0,0.0,0.0,550.0,0,0,
1362,6,20.0,40,0.27898148148148144,600.0,0.0,0.0,284.0,0,0,
1363,6,25.0,40,0.3126851851851852,600.0,0.0,0.0,406.0,0,0,
1364,6,10.0,41,0.44955128205128203,600.0,7.0,0.2692307692307692,438.0,0,0,
1365,6,15.0,41,0.5126282051282052,600.0,7.0,0.2692307692307692,562.0,0,0,
1366,6,20.0,41,0.5028205128205128,600.0,7.0,0.2692307692307692,477.0,0,0,
1367,6,25.0,41,0.4687820512820513,600.0,8.0,0.3076923076923077,528.0,0,0,
1368,6,10.0,42,0.4103030303030303,600.0,3.0,0.1363636363636363,438.0,0,0,
1369,6,15.0,42,0.3401515151515151,600.0,3.0,0.1363636363636363,292.0,0,0,
1370,6,20.0,42,0.2768181818181818,600.0,2.0,0.0909090909090909,208.0,0,0,
1371,6,25.0,42,0.2902272727272727,600.0,2.0,0.0909090909090909,295.0,0,0,
1372,6,10.0,43,0.3886507936507936,600.0,5.0,0.238095238095238,,0,0,
1373,6,15.0,43,0.35047619047619044,600.0,4.0,0.1904761904761904,,0,0,
1374,6,20.0,43,0.3633333333333333,600.0,2.0,0.0952380952380952,537.0,0,0,
1375,6,25.0,43,0.38087301587301586,600.0,6.0,0.2857142857142857,,0,0,
1376,6,10.0,44,0.2725,600.0,1.0,0.05,403.0,0,0,
1377,6,15.0,44,0.19975,600.0,1.0,0.05,188.0,0,0,
1378,6,20.0,44,0.2679166666666667,600.0,3.0,0.15,,0,0,
1379,6,25.0,44,0.28550000000000003,600.0,1.0,0.05,387.0,0,0,
1380,6,10.0,45,0.44378787878787873,600.0,5.0,0.2272727272727272,,0,0,
1381,6,15.0,45,0.4371212121212121,600.0,2.0,0.0909090909090909,559.0,0,0,
1382,6,20.0,45,0.3799242424242424,600.0,2.0,0.0909090909090909,392.0,0,0,
1383,6,25.0,45,0.38083333333333336,600.0,4.0,0.1818181818181818,488.0,0,0,
1384,6,10.0,46,0.38269230769230766,600.0,6.0,0.2307692307692307,206.0,0,0,
1385,6,15.0,46,0.368076923076923,600.0,3.0,0.1153846153846153,249.0,0,0,
1386,6,20.0,46,0.3748076923076923,600.0,4.0,0.1538461538461538,330.0,0,0,
1387,6,25.0,46,0.32493589743589735,600.0,4.0,0.1538461538461538,147.0,0,0,
1388,6,10.0,47,0.43339285714285714,600.0,7.0,0.25,208.0,0,0,
1389,6,15.0,47,0.37339285714285714,600.0,7.0,0.25,131.0,0,0,
1390,6,20.0,47,0.45779761904761906,600.0,8.0,0.2857142857142857,299.0,0,0,
1391,6,25.0,47,0.4007142857142857,600.0,7.0,0.25,242.0,0,0,
1392,6,10.0,48,0.4172619047619047,600.0,0.0,0.0,558.0,0,0,
1393,6,15.0,48,0.22726190476190472,600.0,0.0,0.0,232.0,0,0,
1394,6,20.0,48,0.2760714285714286,600.0,0.0,0.0,365.0,0,0,
1395,6,25.0,48,0.28488095238095235,600.0,0.0,0.0,380.0,0,0,
1396,6,10.0,49,0.21447916666666667,600.0,0.0,0.0,338.0,0,0,
1397,6,15.0,49,0.2221875,600.0,1.0,0.0625,271.0,0,0,
1398,6,20.0,49,0.13729166666666667,600.0,0.0,0.0,105.0,0,0,
1399,6,25.0,49,0.16104166666666667,600.0,0.0,0.0,176.0,0,0,
1400,6,10.0,50,0.28606060606060607,600.0,2.0,0.0909090909090909,264.0,0,0,
1401,6,15.0,50,0.3171969696969697,600.0,4.0,0.1818181818181818,300.0,0,0,
1402,6,20.0,50,0.36583333333333334,600.0,4.0,0.1818181818181818,551.0,0,0,
1403,6,25.0,50,0.28053030303030296,600.0,3.0,0.1363636363636363,370.0,0,0,
1404,6,10.0,51,0.29433333333333334,600.0,1.0,0.05,468.0,0,0,
1405,6,15.0,51,0.21666666666666667,600.0,0.0,0.0,186.0,0,0,
1406,6,20.0,51,0.24766666666666665,600.0,2.0,0.1,275.0,0,0,
1407,6,25.0,51,0.2946666666666667,600.0,2.0,0.1,542.0,0,0,
1408,6,10.0,52,0.362037037037037,600.0,3.0,0.1666666666666666,,0,0,
1409,6,15.0,52,0.36907407407407405,600.0,2.0,0.1111111111111111,,0,0,
1410,6,20.0,52,0.2348148148148148,600.0,0.0,0.0,413.0,0,0,
1411,6,25.0,52,0.18870370370370368,600.0,0.0,0.0,245.0,0,0,
1412,6,10.0,53,0.28008333333333335,600.0,2.0,0.1,346.0,0,0,
1413,6,15.0,53,0.21433333333333332,600.0,2.0,0.1,343.0,0,0,
1414,6,20.0,53,0.27166666666666667,600.0,1.0,0.05,559.0,0,0,
1415,6,25.0,53,0.18725,600.0,0.0,0.0,344.0,0,0,
1416,6,10.0,54,0.27879629629629626,600.0,0.0,0.0,508.0,0,0,
1417,6,15.0,54,0.2697222222222222,600.0,0.0,0.0,347.0,0,0,
1418,6,20.0,54,0.19685185185185183,600.0,0.0,0.0,363.0,0,0,
1419,6,25.0,54,0.2564814814814815,600.0,1.0,0.0555555555555555,450.0,0,0,
1420,6,10.0,55,0.5017777777777778,600.0,3.0,0.2,,0,0,
1421,6,15.0,55,0.295,600.0,0.0,0.0,404.0,0,0,
1422,6,20.0,55,0.39855555555555555,600.0,0.0,0.0,452.0,0,0,
1423,6,25.0,55,0.23944444444444443,600.0,0.0,0.0,429.0,0,0,
1424,6,10.0,56,0.28933333333333333,600.0,0.0,0.0,338.0,0,0,
1425,6,15.0,56,0.2697777777777777,600.0,0.0,0.0,390.0,0,0,
1426,6,20.0,56,0.23144444444444445,600.0,0.0,0.0,245.0,0,0,
1427,6,25.0,56,0.17355555555555555,600.0,0.0,0.0,143.0,0,0,
1428,6,10.0,57,0.19888888888888884,600.0,1.0,0.0666666666666666,163.0,0,0,
1429,6,15.0,57,0.18855555555555553,600.0,0.0,0.0,248.0,0,0,
1430,6,20.0,57,0.2253333333333333,600.0,0.0,0.0,343.0,0,0,
1431,6,25.0,57,0.21977777777777774,600.0,0.0,0.0,450.0,0,0,
1432,6,10.0,58,0.3359420289855072,600.0,3.0,0.1304347826086956,325.0,0,0,
1433,6,15.0,58,0.2919565217391304,600.0,4.0,0.1739130434782608,191.0,0,0,
1434,6,20.0,58,0.3529710144927536,600.0,5.0,0.217391304347826,462.0,0,0,
1435,6,25.0,58,0.23688405797101444,600.0,3.0,0.1304347826086956,131.0,0,0,
1436,6,10.0,59,0.3418055555555556,600.0,4.0,0.1666666666666666,435.0,0,0,
1437,6,15.0,59,0.3085416666666666,600.0,4.0,0.1666666666666666,329.0,0,0,
1438,6,20.0,59,0.25534722222222217,600.0,3.0,0.125,149.0,0,0,
1439,6,25.0,59,0.27270833333333333,600.0,5.0,0.2083333333333333,149.0,0,0,
1440,6,10.0,60,0.2302380952380952,600.0,1.0,0.0476190476190476,266.0,0,0,
1441,6,15.0,60,0.26960317460317457,600.0,2.0,0.0952380952380952,334.0,0,0,
1442,6,20.0,60,0.23230158730158726,600.0,2.0,0.0952380952380952,269.0,0,0,
1443,6,25.0,60,0.18595238095238092,600.0,1.0,0.0476190476190476,168.0,0,0,
1444,6,10.0,61,0.4773717948717948,600.0,7.0,0.2692307692307692,409.0,0,0,
1445,6,15.0,61,0.42596153846153845,600.0,6.0,0.2307692307692307,318.0,0,0,
1446,6,20.0,61,0.4642948717948717,600.0,7.0,0.2692307692307692,460.0,0,0,
1447,6,25.0,61,0.5168589743589743,600.0,8.0,0.3076923076923077,509.0,0,0,
1448,6,10.0,62,0.18666666666666668,600.0,0.0,0.0,167.0,0,0,
1449,6,15.0,62,0.16866666666666666,600.0,0.0,0.0,120.0,0,0,
1450,6,20.0,62,0.1932222222222222,600.0,0.0,0.0,163.0,0,0,
1451,6,25.0,62,0.18255555555555553,600.0,0.0,0.0,131.0,0,0,
1452,6,10.0,63,0.2793518518518518,600.0,2.0,0.1111111111111111,,0,0,
1453,6,15.0,63,0.3732407407407407,600.0,2.0,0.1111111111111111,,0,0,
1454,6,20.0,63,0.34759259259259256,600.0,3.0,0.1666666666666666,,0,0,
1455,6,25.0,63,0.3617592592592593,600.0,5.0,0.2777777777777778,,0,0,
1456,6,10.0,64,0.44405797101449274,600.0,6.0,0.2608695652173913,,0,0,
1457,6,15.0,64,0.4285507246376811,600.0,6.0,0.2608695652173913,,0,0,
1458,6,20.0,64,0.3942028985507246,600.0,5.0,0.217391304347826,330.0,0,0,
1459,6,25.0,64,0.331231884057971,600.0,4.0,0.1739130434782608,154.0,0,0,
1460,6,10.0,65,0.2805128205128205,600.0,0.0,0.0,541.0,0,0,
1461,6,15.0,65,0.15935897435897436,600.0,0.0,0.0,181.0,0,0,
1462,6,20.0,65,0.12935897435897437,600.0,0.0,0.0,131.0,0,0,
1463,6,25.0,65,0.13346153846153846,600.0,0.0,0.0,134.0,0,0,
1464,6,10.0,66,0.3444696969696969,600.0,4.0,0.1818181818181818,526.0,0,0,
1465,6,15.0,66,0.26606060606060605,600.0,2.0,0.0909090909090909,286.0,0,0,
1466,6,20.0,66,0.285530303030303,600.0,2.0,0.0909090909090909,421.0,0,0,
1467,6,25.0,66,0.31795454545454543,600.0,3.0,0.1363636363636363,408.0,0,0,
1468,6,10.0,67,0.36083333333333334,600.0,2.0,0.125,,0,0,
1469,6,15.0,67,0.134375,600.0,0.0,0.0,165.0,0,0,
1470,6,20.0,67,0.2708333333333333,600.0,2.0,0.125,,0,0,
1471,6,25.0,67,0.2705208333333333,600.0,2.0,0.125,,0,0,
1472,6,10.0,68,0.23089743589743586,600.0,1.0,0.0769230769230769,600.0,0,0,
1473,6,15.0,68,0.11525641025641024,600.0,0.0,0.0,129.0,0,0,
1474,6,20.0,68,0.1132051282051282,600.0,0.0,0.0,146.0,0,0,
1475,6,25.0,68,0.12705128205128205,600.0,0.0,0.0,137.0,0,0,
1476,6,10.0,69,0.26870370370370367,600.0,0.0,0.0,467.0,0,0,
1477,6,15.0,69,0.2891666666666667,600.0,0.0,0.0,504.0,0,0,
1478,6,20.0,69,0.20203703703703701,600.0,0.0,0.0,243.0,0,0,
1479,6,25.0,69,0.2162962962962963,600.0,0.0,0.0,223.0,0,0,
1480,6,10.0,70,0.26197916666666665,600.0,1.0,0.0625,523.0,0,0,
1481,6,15.0,70,0.19270833333333334,600.0,0.0,0.0,278.0,0,0,
1482,6,20.0,70,0.21625,600.0,0.0,0.0,296.0,0,0,
1483,6,25.0,70,0.17489583333333333,600.0,0.0,0.0,291.0,0,0,
1484,6,10.0,71,0.15813725490196076,600.0,0.0,0.0,202.0,0,0,
1485,6,15.0,71,0.24254901960784314,600.0,0.0,0.0,322.0,0,0,
1486,6,20.0,71,0.15352941176470586,600.0,0.0,0.0,190.0,0,0,
1487,6,25.0,71,0.18558823529411764,600.0,1.0,0.0588235294117647,186.0,0,0,
1488,6,10.0,72,0.41315789473684206,600.0,4.0,0.2105263157894736,,0,0,
1489,6,15.0,72,0.30614035087719293,600.0,2.0,0.1052631578947368,,0,0,
1490,6,20.0,72,0.38245614035087716,600.0,3.0,0.1578947368421052,,0,0,
1491,6,25.0,72,0.30403508771929816,600.0,2.0,0.1052631578947368,,0,0,
1492,6,10.0,73,0.1698611111111111,600.0,0.0,0.0,165.0,0,0,
1493,6,15.0,73,0.14111111111111113,600.0,0.0,0.0,106.0,0,0,
1494,6,20.0,73,0.27,600.0,0.0,0.0,267.0,0,0,
1495,6,25.0,73,0.19666666666666666,600.0,0.0,0.0,154.0,0,0,
1496,6,10.0,74,0.4293589743589744,600.0,8.0,0.3076923076923077,259.0,0,0,
1497,6,15.0,74,0.47269230769230763,600.0,9.0,0.3461538461538461,,0,0,
1498,6,20.0,74,0.3683333333333333,600.0,6.0,0.2307692307692307,279.0,0,0,
1499,6,25.0,74,0.3981410256410256,600.0,6.0,0.2307692307692307,240.0,0,0,
1500,6,10.0,75,0.33516666666666667,600.0,1.0,0.05,449.0,0,0,
1501,6,15.0,75,0.2880833333333333,600.0,0.0,0.0,376.0,0,0,
1502,6,20.0,75,0.246,600.0,0.0,0.0,288.0,0,0,
1503,6,25.0,75,0.26316666666666666,600.0,1.0,0.05,295.0,0,0,
1504,6,10.0,76,0.16511111111111107,600.0,0.0,0.0,241.0,0,0,
1505,6,15.0,76,0.26822222222222225,600.0,0.0,0.0,443.0,0,0,
1506,6,20.0,76,0.4368888888888889,600.0,5.0,0.3333333333333333,,0,0,
1507,6,25.0,76,0.4353333333333333,600.0,3.0,0.2,,0,0,
1508,6,10.0,77,0.43661111111111106,600.0,10.0,0.3333333333333333,124.0,0,0,
1509,6,15.0,77,0.4229444444444444,600.0,10.0,0.3333333333333333,179.0,0,0,
1510,6,20.0,77,0.3401666666666667,600.0,7.0,0.2333333333333333,75.0,0,0,
1511,6,25.0,77,0.3273333333333333,600.0,7.0,0.2333333333333333,71.0,0,0,
1512,6,10.0,78,0.4188194444444444,600.0,5.0,0.2083333333333333,564.0,0,0,
1513,6,15.0,78,0.42791666666666667,600.0,6.0,0.25,428.0,0,0,
1514,6,20.0,78,0.471875,600.0,6.0,0.25,502.0,0,0,
1515,6,25.0,78,0.5418055555555555,600.0,7.0,0.2916666666666667,,0,0,
1516,6,10.0,79,0.3820454545454545,600.0,6.0,0.2727272727272727,,0,0,
1517,6,15.0,79,0.37356060606060604,600.0,6.0,0.2727272727272727,,0,0,
1518,6,20.0,79,0.3108333333333333,600.0,1.0,0.0454545454545454,415.0,0,0,
1519,6,25.0,79,0.32674242424242417,600.0,3.0,0.1363636363636363,306.0,0,0,
1520,6,10.0,80,0.29813725490196075,600.0,0.0,0.0,574.0,0,0,
1521,6,15.0,80,0.26774509803921565,600.0,1.0,0.0588235294117647,593.0,0,0,
1522,6,20.0,80,0.1146078431372549,600.0,0.0,0.0,123.0,0,0,
1523,6,25.0,80,0.3538235294117647,600.0,4.0,0.2352941176470588,,0,0,
1524,6,10.0,81,0.3600980392156862,600.0,2.0,0.1176470588235294,,0,0,
1525,6,15.0,81,0.40558823529411764,600.0,0.0,0.0,482.0,0,0,
1526,6,20.0,81,0.3809803921568627,600.0,2.0,0.1176470588235294,,0,0,
1527,6,25.0,81,0.3020588235294117,600.0,2.0,0.1176470588235294,,0,0,
1528,6,10.0,82,0.37413043478260866,600.0,5.0,0.217391304347826,366.0,0,0,
1529,6,15.0,82,0.39550724637681156,600.0,5.0,0.217391304347826,387.0,0,0,
1530,6,20.0,82,0.38398550724637676,600.0,4.0,0.1739130434782608,457.0,0,0,
1531,6,25.0,82,0.3879710144927536,600.0,3.0,0.1304347826086956,374.0,0,0,
1532,6,10.0,83,0.29065217391304343,600.0,3.0,0.1304347826086956,186.0,0,0,
1533,6,15.0,83,0.33246376811594197,600.0,3.0,0.1304347826086956,292.0,0,0,
1534,6,20.0,83,0.3088405797101449,600.0,3.0,0.1304347826086956,225.0,0,0,
1535,6,25.0,83,0.27239130434782605,600.0,3.0,0.1304347826086956,224.0,0,0,
1536,6,10.0,84,0.15038461538461537,600.0,0.0,0.0,130.0,0,0,
1537,6,15.0,84,0.13974358974358972,600.0,0.0,0.0,130.0,0,0,
1538,6,20.0,84,0.20705128205128204,600.0,0.0,0.0,270.0,0,0,
1539,6,25.0,84,0.1285897435897436,600.0,0.0,0.0,131.0,0,0,
1540,6,10.0,85,0.2172619047619047,600.0,0.0,0.0,458.0,0,0,
1541,6,15.0,85,0.19119047619047616,600.0,0.0,0.0,315.0,0,0,
1542,6,20.0,85,0.27749999999999997,600.0,0.0,0.0,482.0,0,0,
1543,6,25.0,85,0.10142857142857142,600.0,0.0,0.0,103.0,0,0,
1544,6,10.0,86,0.22526315789473686,600.0,0.0,0.0,233.0,0,0,
1545,6,15.0,86,0.24964912280701754,600.0,0.0,0.0,493.0,0,0,
1546,6,20.0,86,0.1857894736842105,600.0,0.0,0.0,285.0,0,0,
1547,6,25.0,86,0.2600877192982456,600.0,0.0,0.0,560.0,0,0,
1548,6,10.0,87,0.39608695652173914,600.0,3.0,0.1304347826086956,471.0,0,0,
1549,6,15.0,87,0.33065217391304347,600.0,4.0,0.1739130434782608,323.0,0,0,
1550,6,20.0,87,0.29565217391304344,600.0,4.0,0.1739130434782608,194.0,0,0,
1551,6,25.0,87,0.2850724637681159,600.0,3.0,0.1304347826086956,217.0,0,0,
1552,6,10.0,88,0.14710526315789474,600.0,0.0,0.0,213.0,0,0,
1553,6,15.0,88,0.21438596491228062,600.0,2.0,0.1052631578947368,,0,0,
1554,6,20.0,88,0.10824561403508771,600.0,0.0,0.0,178.0,0,0,
1555,6,25.0,88,0.1420175438596491,600.0,0.0,0.0,264.0,0,0,
1556,6,10.0,89,0.4740123456790123,600.0,8.0,0.2962962962962963,391.0,0,0,
1557,6,15.0,89,0.44043209876543205,600.0,8.0,0.2962962962962963,222.0,0,0,
1558,6,20.0,89,0.4189506172839506,600.0,7.0,0.2592592592592592,212.0,0,0,
1559,6,25.0,89,0.3816666666666666,600.0,7.0,0.2592592592592592,142.0,0,0,
1560,6,10.0,90,0.2390625,600.0,0.0,0.0,446.0,0,0,
1561,6,15.0,90,0.1746875,600.0,0.0,0.0,169.0,0,0,
1562,6,20.0,90,0.19166666666666668,600.0,0.0,0.0,224.0,0,0,
1563,6,25.0,90,0.19479166666666667,600.0,0.0,0.0,354.0,0,0,
1564,6,10.0,91,0.1858771929824561,600.0,1.0,0.0526315789473684,211.0,0,0,
1565,6,15.0,91,0.23166666666666663,600.0,1.0,0.0526315789473684,576.0,0,0,
1566,6,20.0,91,0.14999999999999997,600.0,0.0,0.0,253.0,0,0,
1567,6,25.0,91,0.13491228070175437,600.0,0.0,0.0,192.0,0,0,
1568,6,10.0,92,0.16599999999999998,600.0,0.0,0.0,248.0,0,0,
1569,6,15.0,92,0.16266666666666663,600.0,0.0,0.0,220.0,0,0,
1570,6,20.0,92,0.15,600.0,0.0,0.0,189.0,0,0,
1571,6,25.0,92,0.11788888888888889,600.0,0.0,0.0,126.0,0,0,
1572,6,10.0,93,0.5885632183908046,600.0,10.0,0.3448275862068966,445.0,0,0,
1573,6,15.0,93,0.5394252873563218,600.0,10.0,0.3448275862068966,295.0,0,0,
1574,6,20.0,93,0.46867816091954023,600.0,9.0,0.3103448275862069,186.0,0,0,
1575,6,25.0,93,0.5007471264367815,600.0,11.0,0.3793103448275862,175.0,0,0,
1576,6,10.0,94,0.4197916666666667,600.0,5.0,0.2083333333333333,399.0,0,0,
1577,6,15.0,94,0.3136111111111111,600.0,4.0,0.1666666666666666,221.0,0,0,
1578,6,20.0,94,0.334375,600.0,4.0,0.1666666666666666,291.0,0,0,
1579,6,25.0,94,0.2911805555555555,600.0,4.0,0.1666666666666666,154.0,0,0,
1580,6,10.0,95,0.1986111111111111,600.0,0.0,0.0,190.0,0,0,
1581,6,15.0,95,0.2398611111111111,600.0,0.0,0.0,267.0,0,0,
1582,6,20.0,95,0.1913888888888889,600.0,0.0,0.0,186.0,0,0,
1583,6,25.0,95,0.1572222222222222,600.0,0.0,0.0,155.0,0,0,
1584,6,10.0,96,0.1457843137254902,600.0,0.0,0.0,141.0,0,0,
1585,6,15.0,96,0.21656862745098038,600.0,1.0,0.0588235294117647,343.0,0,0,
1586,6,20.0,96,0.18598039215686274,600.0,0.0,0.0,166.0,0,0,
1587,6,25.0,96,0.1603921568627451,600.0,0.0,0.0,158.0,0,0,
1588,6,10.0,97,0.21077777777777776,600.0,0.0,0.0,264.0,0,0,
1589,6,15.0,97,0.20455555555555555,600.0,0.0,0.0,207.0,0,0,
1590,6,20.0,97,0.14200000000000002,600.0,0.0,0.0,206.0,0,0,
1591,6,25.0,97,0.1331111111111111,600.0,0.0,0.0,163.0,0,0,
1592,6,10.0,98,0.25805555555555554,600.0,0.0,0.0,363.0,0,0,
1593,6,15.0,98,0.22722222222222224,600.0,0.0,0.0,303.0,0,0,
1594,6,20.0,98,0.1625,600.0,0.0,0.0,168.0,0,0,
1595,6,25.0,98,0.1627777777777778,600.0,0.0,0.0,161.0,0,0,
1596,6,10.0,99,0.38083333333333336,600.0,6.0,0.3,,0,0,
1597,6,15.0,99,0.30116666666666664,600.0,3.0,0.15,,0,0,
1598,6,20.0,99,0.16566666666666668,600.0,0.0,0.0,179.0,0,0,
1599,6,25.0,99,0.21116666666666667,600.0,0.0,0.0,366.0,0,0,
