RunId,n_points,seed,J_delta,final_time_s,final_residual_deficit,final_normalized_deficit,time_to_90_percent_nominal_service_s,event_episodes,event_episodes_reaching_90_percent_nominal_service,mean_time_to_90_percent_nominal_service_after_event_s
0,5,0,0.12966666666666665,600.0,0.0,0.0,108.0,0,0,
1,10,0,0.19283333333333333,600.0,0.0,0.0,247.0,0,0,
2,20,0,0.22337500000000002,600.0,1.0,0.025,277.0,0,0,
3,30,0,0.3546944444444444,600.0,10.0,0.1666666666666666,185.0,0,0,
4,40,0,0.49383333333333335,600.0,30.0,0.375,161.0,0,0,
5,5,1,0.10266666666666667,600.0,0.0,0.0,100.0,0,0,
6,10,1,0.11316666666666668,600.0,0.0,0.0,119.0,0,0,
7,20,1,0.21325,600.0,0.0,0.0,315.0,0,0,
8,30,1,0.3361111111111111,600.0,6.0,0.1,223.0,0,0,
9,40,1,0.510625,600.0,28.0,0.35,154.0,0,0,
10,5,2,0.11033333333333334,600.0,0.0,0.0,119.0,0,0,
11,10,2,0.17099999999999999,600.0,0.0,0.0,193.0,0,0,
12,20,2,0.2522083333333333,600.0,3.0,0.075,352.0,0,0,
13,30,2,0.38763888888888887,600.0,11.0,0.1833333333333333,232.0,0,0,
14,40,2,0.4873541666666667,600.0,26.0,0.325,174.0,0,0,
15,5,3,0.11066666666666668,600.0,0.0,0.0,121.0,0,0,
16,10,3,0.14133333333333334,600.0,0.0,0.0,149.0,0,0,
17,20,3,0.21525,600.0,0.0,0.0,230.0,0,0,
18,30,3,0.3430555555555555,600.0,11.0,0.1833333333333333,179.0,0,0,
19,40,3,0.4761875,600.0,28.0,0.35,150.0,0,0,
20,5,4,0.18466666666666667,600.0,0.0,0.0,125.0,0,0,
21,10,4,0.19483333333333333,600.0,0.0,0.0,172.0,0,0,
22,20,4,0.24787499999999998,600.0,0.0,0.0,279.0,0,0,
23,30,4,0.4447499999999999,600.0,18.0,0.3,208.0,0,0,
24,40,4,0.4850208333333333,600.0,25.0,0.3125,163.0,0,0,
25,5,5,0.09166666666666666,600.0,0.0,0.0,120.0,0,0,
26,10,5,0.15933333333333333,600.0,0.0,0.0,189.0,0,0,
27,20,5,0.22845833333333332,600.0,0.0,0.0,277.0,0,0,
28,30,5,0.31211111111111106,600.0,7.0,0.1166666666666666,135.0,0,0,
29,40,5,0.47302083333333333,600.0,26.0,0.325,105.0,0,0,
30,5,6,0.16666666666666666,600.0,0.0,0.0,140.0,0,0,
31,10,6,0.15375,600.0,0.0,0.0,187.0,0,0,
32,20,6,0.29783333333333334,600.0,4.0,0.1,444.0,0,0,
33,30,6,0.3191944444444444,600.0,10.0,0.1666666666666666,152.0,0,0,
34,40,6,0.45910416666666665,600.0,28.0,0.35,111.0,0,0,
35,5,7,0.11366666666666667,600.0,0.0,0.0,101.0,0,0,
36,10,7,0.13391666666666666,600.0,0.0,0.0,116.0,0,0,
37,20,7,0.2615416666666667,600.0,2.0,0.05,377.0,0,0,
38,30,7,0.4046666666666666,600.0,13.0,0.2166666666666666,150.0,0,0,
39,40,7,0.5158333333333334,600.0,33.0,0.4125,173.0,0,0,
40,5,8,0.11150000000000002,600.0,0.0,0.0,123.0,0,0,
41,10,8,0.11975,600.0,0.0,0.0,129.0,0,0,
42,20,8,0.20045833333333335,600.0,0.0,0.0,218.0,0,0,
43,30,8,0.42016666666666663,600.0,14.0,0.2333333333333333,231.0,0,0,
44,40,8,0.4629583333333333,600.0,24.0,0.3,164.0,0,0,
45,5,9,0.14583333333333334,600.0,0.0,0.0,142.0,0,0,
46,10,9,0.13583333333333333,600.0,0.0,0.0,164.0,0,0,
47,20,9,0.24641666666666664,600.0,0.0,0.0,401.0,0,0,
48,30,9,0.35091666666666665,600.0,13.0,0.2166666666666666,144.0,0,0,
49,40,9,0.42335416666666664,600.0,23.0,0.2875,146.0,0,0,
50,5,10,0.1505,600.0,0.0,0.0,119.0,0,0,
51,10,10,0.16091666666666665,600.0,0.0,0.0,156.0,0,0,
52,20,10,0.25304166666666666,600.0,1.0,0.025,372.0,0,0,
53,30,10,0.41775,600.0,13.0,0.2166666666666666,244.0,0,0,
54,40,10,0.572875,600.0,36.0,0.45,185.0,0,0,
55,5,11,0.08366666666666667,600.0,0.0,0.0,115.0,0,0,
56,10,11,0.1751666666666667,600.0,0.0,0.0,208.0,0,0,
57,20,11,0.24412499999999998,600.0,2.0,0.05,287.0,0,0,
58,30,11,0.43308333333333326,600.0,14.0,0.2333333333333333,273.0,0,0,
59,40,11,0.4609375,600.0,26.0,0.325,120.0,0,0,
60,5,12,0.11083333333333334,600.0,0.0,0.0,102.0,0,0,
61,10,12,0.09941666666666667,600.0,0.0,0.0,109.0,0,0,
62,20,12,0.17045833333333335,600.0,0.0,0.0,312.0,0,0,
63,30,12,0.33375,600.0,11.0,0.1833333333333333,153.0,0,0,
64,40,12,0.4454375,600.0,23.0,0.2875,98.0,0,0,
65,5,13,0.14816666666666667,600.0,0.0,0.0,126.0,0,0,
66,10,13,0.15183333333333332,600.0,0.0,0.0,144.0,0,0,
67,20,13,0.21516666666666664,600.0,0.0,0.0,265.0,0,0,
68,30,13,0.3982777777777778,600.0,16.0,0.2666666666666666,157.0,0,0,
69,40,13,0.4961041666666667,600.0,29.0,0.3625,127.0,0,0,
70,5,14,0.153,600.0,0.0,0.0,104.0,0,0,
71,10,14,0.18375,600.0,0.0,0.0,175.0,0,0,
72,20,14,0.324625,600.0,0.0,0.0,413.0,0,0,
73,30,14,0.45658333333333334,600.0,18.0,0.3,242.0,0,0,
74,40,14,0.5076041666666666,600.0,29.0,0.3625,135.0,0,0,
75,5,15,0.12166666666666667,600.0,0.0,0.0,98.0,0,0,
76,10,15,0.1575,600.0,0.0,0.0,134.0,0,0,
77,20,15,0.17400000000000002,600.0,0.0,0.0,210.0,0,0,
78,30,15,0.44530555555555557,600.0,16.0,0.2666666666666666,269.0,0,0,
79,40,15,0.4564375,600.0,27.0,0.3375,134.0,0,0,
80,5,16,0.10066666666666667,600.0,0.0,0.0,104.0,0,0,
81,10,16,0.11791666666666667,600.0,0.0,0.0,114.0,0,0,
82,20,16,0.2422083333333333,600.0,0.0,0.0,399.0,0,0,
83,30,16,0.31947222222222216,600.0,8.0,0.1333333333333333,165.0,0,0,
84,40,16,0.46493749999999995,600.0,24.0,0.3,157.0,0,0,
85,5,17,0.12966666666666665,600.0,0.0,0.0,114.0,0,0,
86,10,17,0.16474999999999998,600.0,0.0,0.0,225.0,0,0,
87,20,17,0.28725,600.0,2.0,0.05,389.0,0,0,
88,30,17,0.3730833333333333,600.0,13.0,0.2166666666666666,192.0,0,0,
89,40,17,0.4668958333333333,600.0,27.0,0.3375,118.0,0,0,
90,5,18,0.12816666666666668,600.0,0.0,0.0,131.0,0,0,
91,10,18,0.19666666666666666,600.0,0.0,0.0,205.0,0,0,
92,20,18,0.23791666666666667,600.0,1.0,0.025,260.0,0,0,
93,30,18,0.3545555555555555,600.0,9.0,0.15,169.0,0,0,
94,40,18,0.393875,600.0,14.0,0.175,138.0,0,0,
95,5,19,0.10633333333333334,600.0,0.0,0.0,94.0,0,0,
96,10,19,0.19241666666666668,600.0,0.0,0.0,295.0,0,0,
97,20,19,0.31233333333333335,600.0,2.0,0.05,373.0,0,0,
98,30,19,0.26844444444444443,600.0,5.0,0.0833333333333333,118.0,0,0,
99,40,19,0.3721666666666667,600.0,18.0,0.225,100.0,0,0,
100,5,20,0.08933333333333333,600.0,0.0,0.0,119.0,0,0,
101,10,20,0.09533333333333334,600.0,0.0,0.0,105.0,0,0,
102,20,20,0.2505,600.0,1.0,0.025,352.0,0,0,
103,30,20,0.3770833333333333,600.0,9.0,0.15,242.0,0,0,
104,40,20,0.5217708333333333,600.0,31.0,0.3875,180.0,0,0,
105,5,21,0.14716666666666667,600.0,0.0,0.0,123.0,0,0,
106,10,21,0.19583333333333333,600.0,0.0,0.0,165.0,0,0,
107,20,21,0.33283333333333337,600.0,2.0,0.05,457.0,0,0,
108,30,21,0.39055555555555554,600.0,15.0,0.25,130.0,0,0,
109,40,21,0.5023333333333333,600.0,26.0,0.325,169.0,0,0,
110,5,22,0.09799999999999999,600.0,0.0,0.0,154.0,0,0,
111,10,22,0.1425,600.0,0.0,0.0,222.0,0,0,
112,20,22,0.17595833333333333,600.0,0.0,0.0,201.0,0,0,
113,30,22,0.3048333333333333,600.0,6.0,0.1,176.0,0,0,
114,40,22,0.5037708333333333,600.0,27.0,0.3375,182.0,0,0,
115,5,23,0.12483333333333334,600.0,0.0,0.0,123.0,0,0,
116,10,23,0.12675,600.0,0.0,0.0,135.0,0,0,
117,20,23,0.248625,600.0,2.0,0.05,335.0,0,0,
118,30,23,0.39936111111111106,600.0,13.0,0.2166666666666666,234.0,0,0,
119,40,23,0.4638541666666667,600.0,22.0,0.275,139.0,0,0,
120,5,24,0.13466666666666666,600.0,0.0,0.0,108.0,0,0,
121,10,24,0.15458333333333332,600.0,0.0,0.0,175.0,0,0,
122,20,24,0.242,600.0,1.0,0.025,274.0,0,0,
123,30,24,0.3689722222222222,600.0,10.0,0.1666666666666666,199.0,0,0,
124,40,24,0.4664583333333333,600.0,23.0,0.2875,136.0,0,0,
125,5,25,0.074,600.0,0.0,0.0,119.0,0,0,
126,10,25,0.10358333333333333,600.0,0.0,0.0,121.0,0,0,
127,20,25,0.2303333333333333,600.0,1.0,0.025,318.0,0,0,
128,30,25,0.35933333333333334,600.0,12.0,0.2,177.0,0,0,
129,40,25,0.3797291666666667,600.0,18.0,0.225,100.0,0,0,
130,5,26,0.1205,600.0,0.0,0.0,108.0,0,0,
131,10,26,0.17291666666666666,600.0,0.0,0.0,204.0,0,0,
132,20,26,0.25775000000000003,600.0,0.0,0.0,283.0,0,0,
133,30,26,0.38316666666666666,600.0,11.0,0.1833333333333333,202.0,0,0,
134,40,26,0.5005624999999999,600.0,26.0,0.325,208.0,0,0,
135,5,27,0.09166666666666666,600.0,0.0,0.0,112.0,0,0,
136,10,27,0.161,600.0,0.0,0.0,163.0,0,0,
137,20,27,0.2497083333333333,600.0,1.0,0.025,309.0,0,0,
138,30,27,0.344,600.0,11.0,0.1833333333333333,171.0,0,0,
139,40,27,0.4947083333333333,600.0,27.0,0.3375,162.0,0,0,
140,5,28,0.14650000000000002,600.0,0.0,0.0,134.0,0,0,
141,10,28,0.17333333333333334,600.0,0.0,0.0,209.0,0,0,
142,20,28,0.15708333333333332,600.0,0.0,0.0,182.0,0,0,
143,30,28,0.34302777777777776,600.0,10.0,0.1666666666666666,188.0,0,0,
144,40,28,0.4809375,600.0,25.0,0.3125,130.0,0,0,
145,5,29,0.07083333333333333,600.0,0.0,0.0,93.0,0,0,
146,10,29,0.11516666666666665,600.0,0.0,0.0,124.0,0,0,
147,20,29,0.27079166666666665,600.0,3.0,0.075,356.0,0,0,
148,30,29,0.4300833333333334,600.0,17.0,0.2833333333333333,240.0,0,0,
149,40,29,0.5091041666666667,600.0,32.0,0.4,178.0,0,0,
150,5,30,0.08216666666666668,600.0,0.0,0.0,93.0,0,0,
151,10,30,0.14533333333333334,600.0,0.0,0.0,179.0,0,0,
152,20,30,0.2502916666666667,600.0,1.0,0.025,344.0,0,0,
153,30,30,0.3535277777777777,600.0,7.0,0.1166666666666666,216.0,0,0,
154,40,30,0.506625,600.0,29.0,0.3625,205.0,0,0,
155,5,31,0.1515,600.0,0.0,0.0,142.0,0,0,
156,10,31,0.139,600.0,0.0,0.0,174.0,0,0,
157,20,31,0.29012499999999997,600.0,1.0,0.025,445.0,0,0,
158,30,31,0.4046944444444444,600.0,15.0,0.25,189.0,0,0,
159,40,31,0.519,600.0,28.0,0.35,140.0,0,0,
160,5,32,0.12866666666666668,600.0,0.0,0.0,125.0,0,0,
161,10,32,0.13916666666666666,600.0,0.0,0.0,130.0,0,0,
162,20,32,0.26037499999999997,600.0,2.0,0.05,382.0,0,0,
163,30,32,0.39094444444444443,600.0,14.0,0.2333333333333333,223.0,0,0,
164,40,32,0.5032708333333333,600.0,27.0,0.3375,182.0,0,0,
165,5,33,0.14533333333333334,600.0,0.0,0.0,149.0,0,0,
166,10,33,0.13791666666666666,600.0,0.0,0.0,154.0,0,0,
167,20,33,0.2828333333333333,600.0,0.0,0.0,384.0,0,0,
168,30,33,0.41488888888888886,600.0,10.0,0.1666666666666666,214.0,0,0,
169,40,33,0.479375,600.0,27.0,0.3375,133.0,0,0,
170,5,34,0.11299999999999999,600.0,0.0,0.0,134.0,0,0,
171,10,34,0.17041666666666666,600.0,0.0,0.0,201.0,0,0,
172,20,34,0.251625,600.0,1.0,0.025,356.0,0,0,
173,30,34,0.39502777777777776,600.0,11.0,0.1833333333333333,240.0,0,0,
174,40,34,0.513125,600.0,33.0,0.4125,161.0,0,0,
175,5,35,0.20733333333333334,600.0,0.0,0.0,328.0,0,0,
176,10,35,0.15408333333333335,600.0,0.0,0.0,150.0,0,0,
177,20,35,0.23891666666666667,600.0,1.0,0.025,295.0,0,0,
178,30,35,0.3633611111111111,600.0,12.0,0.2,157.0,0,0,
179,40,35,0.4664166666666667,600.0,27.0,0.3375,101.0,0,0,
180,5,36,0.11233333333333334,600.0,0.0,0.0,114.0,0,0,
181,10,36,0.14383333333333334,600.0,0.0,0.0,170.0,0,0,
182,20,36,0.27208333333333334,600.0,1.0,0.025,401.0,0,0,
183,30,36,0.33202777777777776,600.0,7.0,0.1166666666666666,156.0,0,0,
184,40,36,0.47210416666666666,600.0,25.0,0.3125,116.0,0,0,
185,5,37,0.10200000000000001,600.0,0.0,0.0,120.0,0,0,
186,10,37,0.10933333333333335,600.0,0.0,0.0,121.0,0,0,
187,20,37,0.2568333333333333,600.0,0.0,0.0,360.0,0,0,
188,30,37,0.3748611111111111,600.0,11.0,0.1833333333333333,178.0,0,0,
189,40,37,0.517375,600.0,29.0,0.3625,192.0,0,0,
190,5,38,0.151,600.0,0.0,0.0,120.0,0,0,
191,10,38,0.128,600.0,0.0,0.0,129.0,0,0,
192,20,38,0.22666666666666666,600.0,0.0,0.0,272.0,0,0,
193,30,38,0.44030555555555556,600.0,15.0,0.25,238.0,0,0,
194,40,38,0.4771875,600.0,28.0,0.35,142.0,0,0,
195,5,39,0.12349999999999998,600.0,0.0,0.0,177.0,0,0,
196,10,39,0.14516666666666667,600.0,0.0,0.0,186.0,0,0,
197,20,39,0.22720833333333332,600.0,0.0,0.0,278.0,0,0,
198,30,39,0.38455555555555554,600.0,12.0,0.2,226.0,0,0,
199,40,39,0.48341666666666666,600.0,28.0,0.35,157.0,0,0,
200,5,40,0.16916666666666666,600.0,0.0,0.0,176.0,0,0,
201,10,40,0.1681666666666667,600.0,0.0,0.0,161.0,0,0,
202,20,40,0.266375,600.0,2.0,0.05,387.0,0,0,
203,30,40,0.3987222222222222,600.0,13.0,0.2166666666666666,196.0,0,0,
204,40,40,0.4905,600.0,25.0,0.3125,161.0,0,0,
205,5,41,0.12533333333333332,600.0,0.0,0.0,117.0,0,0,
206,10,41,0.15658333333333332,600.0,0.0,0.0,150.0,0,0,
207,20,41,0.21633333333333335,600.0,0.0,0.0,237.0,0,0,
208,30,41,0.4404166666666667,600.0,13.0,0.2166666666666666,189.0,0,0,
209,40,41,0.49635416666666665,600.0,29.0,0.3625,130.0,0,0,
210,5,42,0.12283333333333334,600.0,0.0,0.0,110.0,0,0,
211,10,42,0.12958333333333333,600.0,0.0,0.0,127.0,0,0,
212,20,42,0.24279166666666668,600.0,1.0,0.025,286.0,0,0,
213,30,42,0.41580555555555554,600.0,12.0,0.2,206.0,0,0,
214,40,42,0.5351041666666667,600.0,32.0,0.4,199.0,0,0,
215,5,43,0.12866666666666668,600.0,0.0,0.0,160.0,0,0,
216,10,43,0.15841666666666665,600.0,0.0,0.0,171.0,0,0,
217,20,43,0.24366666666666664,600.0,1.0,0.025,270.0,0,0,
218,30,43,0.36980555555555555,600.0,10.0,0.1666666666666666,203.0,0,0,
219,40,43,0.4921041666666666,600.0,30.0,0.375,158.0,0,0,
220,5,44,0.0775,600.0,0.0,0.0,82.0,0,0,
221,10,44,0.14133333333333334,600.0,0.0,0.0,153.0,0,0,
222,20,44,0.2500833333333334,600.0,3.0,0.075,340.0,0,0,
223,30,44,0.41013888888888883,600.0,10.0,0.1666666666666666,234.0,0,0,
224,40,44,0.4709166666666667,600.0,26.0,0.325,149.0,0,0,
225,5,45,0.19866666666666666,600.0,0.0,0.0,228.0,0,0,
226,10,45,0.18116666666666667,600.0,0.0,0.0,172.0,0,0,
227,20,45,0.31795833333333334,600.0,3.0,0.075,465.0,0,0,
228,30,45,0.43963888888888886,600.0,14.0,0.2333333333333333,255.0,0,0,
229,40,45,0.5208958333333333,600.0,30.0,0.375,221.0,0,0,
230,5,46,0.13783333333333334,600.0,0.0,0.0,119.0,0,0,
231,10,46,0.15683333333333332,600.0,0.0,0.0,159.0,0,0,
232,20,46,0.27020833333333333,600.0,1.0,0.025,317.0,0,0,
233,30,46,0.3900555555555555,600.0,12.0,0.2,182.0,0,0,
234,40,46,0.4424375,600.0,25.0,0.3125,137.0,0,0,
235,5,47,0.14200000000000002,600.0,0.0,0.0,162.0,0,0,
236,10,47,0.16908333333333334,600.0,0.0,0.0,210.0,0,0,
237,20,47,0.25383333333333336,600.0,0.0,0.0,341.0,0,0,
238,30,47,0.40688888888888886,600.0,15.0,0.25,168.0,0,0,
239,40,47,0.5378125,600.0,35.0,0.4375,152.0,0,0,
240,5,48,0.13616666666666666,600.0,0.0,0.0,111.0,0,0,
241,10,48,0.19075,600.0,0.0,0.0,221.0,0,0,
242,20,48,0.27291666666666664,600.0,2.0,0.05,369.0,0,0,
243,30,48,0.4487777777777778,600.0,17.0,0.2833333333333333,252.0,0,0,
244,40,48,0.48504166666666665,600.0,28.0,0.35,128.0,0,0,
245,5,49,0.11566666666666668,600.0,0.0,0.0,93.0,0,0,
246,10,49,0.13799999999999998,600.0,0.0,0.0,128.0,0,0,
247,20,49,0.22433333333333333,600.0,1.0,0.025,285.0,0,0,
248,30,49,0.4065833333333333,600.0,11.0,0.1833333333333333,255.0,0,0,
249,40,49,0.4661875,600.0,28.0,0.35,105.0,0,0,
250,5,50,0.11316666666666668,600.0,0.0,0.0,161.0,0,0,
251,10,50,0.1505,600.0,0.0,0.0,273.0,0,0,
252,20,50,0.22266666666666665,600.0,0.0,0.0,283.0,0,0,
253,30,50,0.4070277777777777,600.0,13.0,0.2166666666666666,226.0,0,0,
254,40,50,0.4818541666666667,600.0,27.0,0.3375,164.0,0,0,
255,5,51,0.14716666666666667,600.0,0.0,0.0,156.0,0,0,
256,10,51,0.16008333333333333,600.0,0.0,0.0,157.0,0,0,
257,20,51,0.2830833333333333,600.0,1.0,0.025,498.0,0,0,
258,30,51,0.42263888888888884,600.0,13.0,0.2166666666666666,216.0,0,0,
259,40,51,0.5236458333333334,600.0,31.0,0.3875,158.0,0,0,
260,5,52,0.10450000000000001,600.0,0.0,0.0,80.0,0,0,
261,10,52,0.16716666666666666,600.0,0.0,0.0,239.0,0,0,
262,20,52,0.3475416666666667,600.0,8.0,0.2,,0,0,
263,30,52,0.4656666666666666,600.0,19.0,0.3166666666666666,247.0,0,0,
264,40,52,0.49322916666666666,600.0,29.0,0.3625,187.0,0,0,
265,5,53,0.12366666666666667,600.0,0.0,0.0,155.0,0,0,
266,10,53,0.15041666666666667,600.0,0.0,0.0,203.0,0,0,
267,20,53,0.27704166666666663,600.0,2.0,0.05,428.0,0,0,
268,30,53,0.37875,600.0,13.0,0.2166666666666666,194.0,0,0,
269,40,53,0.40454166666666663,600.0,21.0,0.2625,121.0,0,0,
270,5,54,0.096,600.0,0.0,0.0,113.0,0,0,
271,10,54,0.15491666666666667,600.0,0.0,0.0,228.0,0,0,
272,20,54,0.17025,600.0,0.0,0.0,177.0,0,0,
273,30,54,0.3376111111111111,600.0,9.0,0.15,154.0,0,0,
274,40,54,0.4340833333333333,600.0,26.0,0.325,131.0,0,0,
275,5,55,0.15266666666666664,600.0,0.0,0.0,183.0,0,0,
276,10,55,0.18733333333333335,600.0,0.0,0.0,227.0,0,0,
277,20,55,0.24408333333333332,600.0,1.0,0.025,406.0,0,0,
278,30,55,0.43877777777777777,600.0,17.0,0.2833333333333333,218.0,0,0,
279,40,55,0.6051875,600.0,39.0,0.4875,322.0,0,0,
280,5,56,0.18466666666666667,600.0,0.0,0.0,128.0,0,0,
281,10,56,0.17833333333333334,600.0,0.0,0.0,184.0,0,0,
282,20,56,0.327125,600.0,0.0,0.0,416.0,0,0,
283,30,56,0.35191666666666666,600.0,10.0,0.1666666666666666,166.0,0,0,
284,40,56,0.525625,600.0,28.0,0.35,172.0,0,0,
285,5,57,0.13216666666666665,600.0,0.0,0.0,160.0,0,0,
286,10,57,0.16016666666666665,600.0,0.0,0.0,173.0,0,0,
287,20,57,0.295375,600.0,0.0,0.0,331.0,0,0,
288,30,57,0.3726944444444444,600.0,12.0,0.2,171.0,0,0,
289,40,57,0.3980625,600.0,20.0,0.25,128.0,0,0,
290,5,58,0.10166666666666667,600.0,0.0,0.0,113.0,0,0,
291,10,58,0.13983333333333334,600.0,0.0,0.0,129.0,0,0,
292,20,58,0.20816666666666667,600.0,0.0,0.0,251.0,0,0,
293,30,58,0.3763333333333333,600.0,8.0,0.1333333333333333,164.0,0,0,
294,40,58,0.45789583333333334,600.0,20.0,0.25,138.0,0,0,
295,5,59,0.06466666666666668,600.0,0.0,0.0,106.0,0,0,
296,10,59,0.08616666666666667,600.0,0.0,0.0,104.0,0,0,
297,20,59,0.21233333333333335,600.0,2.0,0.05,384.0,0,0,
298,30,59,0.42963888888888885,600.0,16.0,0.2666666666666666,232.0,0,0,
299,40,59,0.5129166666666667,600.0,30.0,0.375,153.0,0,0,
300,5,60,0.114,600.0,0.0,0.0,126.0,0,0,
301,10,60,0.17291666666666666,600.0,0.0,0.0,196.0,0,0,
302,20,60,0.22991666666666666,600.0,0.0,0.0,381.0,0,0,
303,30,60,0.35505555555555557,600.0,12.0,0.2,169.0,0,0,
304,40,60,0.4489166666666667,600.0,24.0,0.3,131.0,0,0,
305,5,61,0.11600000000000002,600.0,0.0,0.0,119.0,0,0,
306,10,61,0.14525000000000002,600.0,0.0,0.0,194.0,0,0,
307,20,61,0.23945833333333336,600.0,1.0,0.025,367.0,0,0,
308,30,61,0.394,600.0,17.0,0.2833333333333333,183.0,0,0,
309,40,61,0.5006041666666667,600.0,32.0,0.4,190.0,0,0,
310,5,62,0.14266666666666666,600.0,0.0,0.0,96.0,0,0,
311,10,62,0.16608333333333333,600.0,0.0,0.0,170.0,0,0,
312,20,62,0.26045833333333335,600.0,2.0,0.05,263.0,0,0,
313,30,62,0.41844444444444445,600.0,11.0,0.1833333333333333,266.0,0,0,
314,40,62,0.551875,600.0,32.0,0.4,183.0,0,0,
315,5,63,0.10416666666666667,600.0,0.0,0.0,125.0,0,0,
316,10,63,0.10683333333333332,600.0,0.0,0.0,113.0,0,0,
317,20,63,0.28204166666666663,600.0,2.0,0.05,429.0,0,0,
318,30,63,0.38611111111111107,600.0,10.0,0.1666666666666666,220.0,0,0,
319,40,63,0.46410416666666665,600.0,25.0,0.3125,144.0,0,0,
320,5,64,0.147,600.0,0.0,0.0,164.0,0,0,
321,10,64,0.15166666666666667,600.0,0.0,0.0,131.0,0,0,
322,20,64,0.3932083333333333,600.0,3.0,0.075,515.0,0,0,
323,30,64,0.3670555555555555,600.0,9.0,0.15,212.0,0,0,
324,40,64,0.5275833333333334,600.0,25.0,0.3125,206.0,0,0,
325,5,65,0.09533333333333334,600.0,0.0,0.0,124.0,0,0,
326,10,65,0.15633333333333332,600.0,0.0,0.0,150.0,0,0,
327,20,65,0.2562916666666667,600.0,3.0,0.075,469.0,0,0,
328,30,65,0.33849999999999997,600.0,9.0,0.15,135.0,0,0,
329,40,65,0.4353125,600.0,23.0,0.2875,116.0,0,0,
330,5,66,0.09333333333333334,600.0,0.0,0.0,126.0,0,0,
331,10,66,0.12033333333333333,600.0,0.0,0.0,165.0,0,0,
332,20,66,0.333875,600.0,5.0,0.125,,0,0,
333,30,66,0.43927777777777777,600.0,15.0,0.25,242.0,0,0,
334,40,66,0.5075208333333333,600.0,29.0,0.3625,153.0,0,0,
335,5,67,0.08516666666666667,600.0,0.0,0.0,74.0,0,0,
336,10,67,0.1545,600.0,0.0,0.0,132.0,0,0,
337,20,67,0.25404166666666667,600.0,1.0,0.025,354.0,0,0,
338,30,67,0.35844444444444445,600.0,12.0,0.2,169.0,0,0,
339,40,67,0.43345833333333333,600.0,24.0,0.3,116.0,0,0,
340,5,68,0.1295,600.0,0.0,0.0,138.0,0,0,
341,10,68,0.1755,600.0,0.0,0.0,225.0,0,0,
342,20,68,0.2821666666666667,600.0,2.0,0.05,451.0,0,0,
343,30,68,0.46844444444444444,600.0,15.0,0.25,326.0,0,0,
344,40,68,0.56675,600.0,30.0,0.375,275.0,0,0,
345,5,69,0.1125,600.0,0.0,0.0,122.0,0,0,
346,10,69,0.17408333333333334,600.0,0.0,0.0,194.0,0,0,
347,20,69,0.21045833333333333,600.0,0.0,0.0,195.0,0,0,
348,30,69,0.3438333333333333,600.0,7.0,0.1166666666666666,166.0,0,0,
349,40,69,0.49862500000000004,600.0,28.0,0.35,136.0,0,0,
350,5,70,0.10283333333333333,600.0,0.0,0.0,93.0,0,0,
351,10,70,0.12008333333333333,600.0,0.0,0.0,105.0,0,0,
352,20,70,0.202125,600.0,1.0,0.025,277.0,0,0,
353,30,70,0.28544444444444445,600.0,6.0,0.1,163.0,0,0,
354,40,70,0.3893333333333333,600.0,22.0,0.275,99.0,0,0,
355,5,71,0.13116666666666668,600.0,0.0,0.0,142.0,0,0,
356,10,71,0.13433333333333333,600.0,0.0,0.0,158.0,0,0,
357,20,71,0.2409583333333333,600.0,0.0,0.0,259.0,0,0,
358,30,71,0.3916944444444444,600.0,8.0,0.1333333333333333,214.0,0,0,
359,40,71,0.46802083333333333,600.0,24.0,0.3,174.0,0,0,
360,5,72,0.12933333333333333,600.0,0.0,0.0,119.0,0,0,
361,10,72,0.20283333333333334,600.0,0.0,0.0,218.0,0,0,
362,20,72,0.30375,600.0,3.0,0.075,456.0,0,0,
363,30,72,0.40705555555555556,600.0,14.0,0.2333333333333333,178.0,0,0,
364,40,72,0.5433958333333334,600.0,35.0,0.4375,190.0,0,0,
365,5,73,0.13716666666666666,600.0,0.0,0.0,137.0,0,0,
366,10,73,0.15483333333333335,600.0,0.0,0.0,185.0,0,0,
367,20,73,0.23366666666666666,600.0,2.0,0.05,276.0,0,0,
368,30,73,0.32391666666666663,600.0,8.0,0.1333333333333333,156.0,0,0,
369,40,73,0.4734791666666666,600.0,26.0,0.325,132.0,0,0,
370,5,74,0.13666666666666666,600.0,0.0,0.0,121.0,0,0,
371,10,74,0.14366666666666666,600.0,0.0,0.0,160.0,0,0,
372,20,74,0.24504166666666669,600.0,1.0,0.025,419.0,0,0,
373,30,74,0.3621111111111111,600.0,8.0,0.1333333333333333,181.0,0,0,
374,40,74,0.4581666666666666,600.0,21.0,0.2625,198.0,0,0,
375,5,75,0.147,600.0,0.0,0.0,116.0,0,0,
376,10,75,0.17466666666666666,600.0,0.0,0.0,238.0,0,0,
377,20,75,0.34620833333333334,600.0,7.0,0.175,,0,0,
378,30,75,0.39252777777777775,600.0,12.0,0.2,151.0,0,0,
379,40,75,0.4632708333333333,600.0,23.0,0.2875,185.0,0,0,
380,5,76,0.10633333333333334,600.0,0.0,0.0,110.0,0,0,
381,10,76,0.11716666666666666,600.0,0.0,0.0,109.0,0,0,
382,20,76,0.2665416666666667,600.0,1.0,0.025,342.0,0,0,
383,30,76,0.4523888888888889,600.0,19.0,0.3166666666666666,248.0,0,0,
384,40,76,0.5152708333333333,600.0,32.0,0.4,164.0,0,0,
385,5,77,0.11133333333333333,600.0,0.0,0.0,102.0,0,0,
386,10,77,0.13933333333333334,600.0,0.0,0.0,127.0,0,0,
387,20,77,0.19474999999999998,600.0,0.0,0.0,222.0,0,0,
388,30,77,0.2493611111111111,600.0,4.0,0.0666666666666666,160.0,0,0,
389,40,77,0.4114583333333333,600.0,19.0,0.2375,133.0,0,0,
390,5,78,0.10416666666666667,600.0,0.0,0.0,90.0,0,0,
391,10,78,0.1694166666666667,600.0,0.0,0.0,201.0,0,0,
392,20,78,0.2886666666666666,600.0,0.0,0.0,324.0,0,0,
393,30,78,0.3045833333333333,600.0,3.0,0.05,185.0,0,0,
394,40,78,0.5261666666666667,600.0,30.0,0.375,178.0,0,0,
395,5,79,0.11033333333333334,600.0,0.0,0.0,120.0,0,0,
396,10,79,0.12233333333333335,600.0,0.0,0.0,122.0,0,0,
397,20,79,0.18620833333333334,600.0,0.0,0.0,208.0,0,0,
398,30,79,0.3816111111111111,600.0,12.0,0.2,211.0,0,0,
399,40,79,0.5118333333333334,600.0,30.0,0.375,159.0,0,0,
400,5,80,0.11966666666666666,600.0,0.0,0.0,100.0,0,0,
401,10,80,0.12908333333333333,600.0,0.0,0.0,112.0,0,0,
402,20,80,0.29241666666666666,600.0,2.0,0.05,374.0,0,0,
403,30,80,0.4405277777777778,600.0,14.0,0.2333333333333333,235.0,0,0,
404,40,80,0.53275,600.0,34.0,0.425,157.0,0,0,
405,5,81,0.11816666666666667,600.0,0.0,0.0,111.0,0,0,
406,10,81,0.1475,600.0,0.0,0.0,159.0,0,0,
407,20,81,0.2900416666666667,600.0,0.0,0.0,342.0,0,0,
408,30,81,0.43513888888888885,600.0,14.0,0.2333333333333333,244.0,0,0,
409,40,81,0.48533333333333334,600.0,28.0,0.35,159.0,0,0,
410,5,82,0.13716666666666666,600.0,0.0,0.0,131.0,0,0,
411,10,82,0.16916666666666666,600.0,0.0,0.0,203.0,0,0,
412,20,82,0.2818333333333333,600.0,4.0,0.1,587.0,0,0,
413,30,82,0.40344444444444444,600.0,14.0,0.2333333333333333,196.0,0,0,
414,40,82,0.5093541666666667,600.0,29.0,0.3625,181.0,0,0,
415,5,83,0.15066666666666667,600.0,0.0,0.0,192.0,0,0,
416,10,83,0.18333333333333332,600.0,0.0,0.0,267.0,0,0,
417,20,83,0.3765,600.0,6.0,0.15,,0,0,
418,30,83,0.4121944444444444,600.0,11.0,0.1833333333333333,191.0,0,0,
419,40,83,0.38266666666666665,600.0,18.0,0.225,131.0,0,0,
420,5,84,0.1175,600.0,0.0,0.0,102.0,0,0,
421,10,84,0.12366666666666667,600.0,0.0,0.0,115.0,0,0,
422,20,84,0.234125,600.0,0.0,0.0,268.0,0,0,
423,30,84,0.37625,600.0,12.0,0.2,196.0,0,0,
424,40,84,0.4564375,600.0,26.0,0.325,134.0,0,0,
425,5,85,0.085,600.0,0.0,0.0,106.0,0,0,
426,10,85,0.10833333333333334,600.0,0.0,0.0,140.0,0,0,
427,20,85,0.24387499999999998,600.0,1.0,0.025,262.0,0,0,
428,30,85,0.38491666666666663,600.0,12.0,0.2,190.0,0,0,
429,40,85,0.4779791666666667,600.0,25.0,0.3125,163.0,0,0,
430,5,86,0.14566666666666667,600.0,0.0,0.0,161.0,0,0,
431,10,86,0.13958333333333334,600.0,0.0,0.0,143.0,0,0,
432,20,86,0.224,600.0,2.0,0.05,202.0,0,0,
433,30,86,0.3751944444444444,600.0,12.0,0.2,180.0,0,0,
434,40,86,0.47068750000000004,600.0,26.0,0.325,132.0,0,0,
435,5,87,0.11583333333333333,600.0,0.0,0.0,114.0,0,0,
436,10,87,0.17741666666666667,600.0,0.0,0.0,207.0,0,0,
437,20,87,0.254,600.0,2.0,0.05,330.0,0,0,
438,30,87,0.41594444444444445,600.0,11.0,0.1833333333333333,231.0,0,0,
439,40,87,0.497,600.0,30.0,0.375,171.0,0,0,
440,5,88,0.0965,600.0,0.0,0.0,93.0,0,0,
441,10,88,0.18716666666666668,600.0,0.0,0.0,213.0,0,0,
442,20,88,0.24287499999999998,600.0,1.0,0.025,303.0,0,0,
443,30,88,0.36074999999999996,600.0,12.0,0.2,223.0,0,0,
444,40,88,0.4586458333333333,600.0,25.0,0.3125,146.0,0,0,
445,5,89,0.12266666666666669,600.0,0.0,0.0,98.0,0,0,
446,10,89,0.15933333333333333,600.0,0.0,0.0,142.0,0,0,
447,20,89,0.23141666666666666,600.0,1.0,0.025,324.0,0,0,
448,30,89,0.31947222222222216,600.0,9.0,0.15,151.0,0,0,
449,40,89,0.5046666666666667,600.0,28.0,0.35,159.0,0,0,
450,5,90,0.12349999999999998,600.0,0.0,0.0,89.0,0,0,
451,10,90,0.17508333333333334,600.0,0.0,0.0,160.0,0,0,
452,20,90,0.24229166666666666,600.0,1.0,0.025,362.0,0,0,
453,30,90,0.42730555555555555,600.0,17.0,0.2833333333333333,229.0,0,0,
454,40,90,0.4708333333333333,600.0,28.0,0.35,136.0,0,0,
455,5,91,0.11533333333333334,600.0,0.0,0.0,106.0,0,0,
456,10,91,0.1730833333333333,600.0,0.0,0.0,172.0,0,0,
457,20,91,0.259375,600.0,2.0,0.05,327.0,0,0,
458,30,91,0.37766666666666665,600.0,13.0,0.2166666666666666,160.0,0,0,
459,40,91,0.5722708333333334,600.0,33.0,0.4125,198.0,0,0,
460,5,92,0.09016666666666667,600.0,0.0,0.0,96.0,0,0,
461,10,92,0.12525,600.0,0.0,0.0,179.0,0,0,
462,20,92,0.24479166666666666,600.0,0.0,0.0,320.0,0,0,
463,30,92,0.44694444444444437,600.0,13.0,0.2166666666666666,323.0,0,0,
464,40,92,0.576625,600.0,37.0,0.4625,231.0,0,0,
465,5,93,0.1725,600.0,0.0,0.0,119.0,0,0,
466,10,93,0.20900000000000002,600.0,0.0,0.0,242.0,0,0,
467,20,93,0.30945833333333334,600.0,1.0,0.025,459.0,0,0,
468,30,93,0.40294444444444444,600.0,13.0,0.2166666666666666,197.0,0,0,
469,40,93,0.4703125,600.0,24.0,0.3,156.0,0,0,
470,5,94,0.108,600.0,0.0,0.0,105.0,0,0,
471,10,94,0.15708333333333332,600.0,0.0,0.0,176.0,0,0,
472,20,94,0.32508333333333334,600.0,2.0,0.05,519.0,0,0,
473,30,94,0.29494444444444445,600.0,5.0,0.0833333333333333,159.0,0,0,
474,40,94,0.4629791666666667,600.0,24.0,0.3,152.0,0,0,
475,5,95,0.09916666666666667,600.0,0.0,0.0,106.0,0,0,
476,10,95,0.15933333333333333,600.0,0.0,0.0,184.0,0,0,
477,20,95,0.27725,600.0,0.0,0.0,340.0,0,0,
478,30,95,0.4163611111111111,600.0,14.0,0.2333333333333333,177.0,0,0,
479,40,95,0.4766666666666667,600.0,26.0,0.325,126.0,0,0,
480,5,96,0.13966666666666666,600.0,0.0,0.0,140.0,0,0,
481,10,96,0.1645,600.0,0.0,0.0,200.0,0,0,
482,20,96,0.24966666666666668,600.0,0.0,0.0,380.0,0,0,
483,30,96,0.3266111111111111,600.0,7.0,0.1166666666666666,157.0,0,0,
484,40,96,0.4869791666666667,600.0,29.0,0.3625,152.0,0,0,
485,5,97,0.085,600.0,0.0,0.0,97.0,0,0,
486,10,97,0.11341666666666667,600.0,0.0,0.0,132.0,0,0,
487,20,97,0.23641666666666666,600.0,2.0,0.05,296.0,0,0,
488,30,97,0.3849722222222222,600.0,10.0,0.1666666666666666,260.0,0,0,
489,40,97,0.5303958333333334,600.0,33.0,0.4125,158.0,0,0,
490,5,98,0.07833333333333334,600.0,0.0,0.0,118.0,0,0,
491,10,98,0.12191666666666667,600.0,0.0,0.0,130.0,0,0,
492,20,98,0.14425,600.0,0.0,0.0,185.0,0,0,
493,30,98,0.2654444444444444,600.0,4.0,0.0666666666666666,94.0,0,0,
494,40,98,0.36916666666666664,600.0,16.0,0.2,100.0,0,0,
495,5,99,0.10450000000000001,600.0,0.0,0.0,82.0,0,0,
496,10,99,0.14858333333333335,600.0,0.0,0.0,146.0,0,0,
497,20,99,0.2582083333333334,600.0,1.0,0.025,312.0,0,0,
498,30,99,0.43161111111111106,600.0,15.0,0.25,208.0,0,0,
499,40,99,0.5191875,600.0,24.0,0.3,196.0,0,0,
