RunId,match,drone_sensing_radius,seed,J_delta,final_time_s,final_residual_deficit,final_normalized_deficit,time_to_90_percent_nominal_service_s,event_episodes,event_episodes_reaching_90_percent_nominal_service,mean_time_to_90_percent_nominal_service_after_event_s
0,0.0,10.0,0,0.4393888888888889,600.0,6.0,0.2,239.0,0,0,
1,0.025,10.0,0,0.4754444444444444,600.0,10.0,0.3333333333333333,237.0,0,0,
2,0.05,10.0,0,0.44822222222222224,600.0,7.0,0.2333333333333333,235.0,0,0,
3,0.1,10.0,0,0.35155555555555557,600.0,6.0,0.2,138.0,0,0,
4,0.2,10.0,0,0.4085,600.0,6.0,0.2,140.0,0,0,
5,0.0,25.0,0,0.5367777777777778,600.0,13.0,0.4333333333333333,,0,0,
6,0.025,25.0,0,0.3912777777777778,600.0,8.0,0.2666666666666666,118.0,0,0,
7,0.05,25.0,0,0.3643888888888889,600.0,7.0,0.2333333333333333,114.0,0,0,
8,0.1,25.0,0,0.3470555555555555,600.0,7.0,0.2333333333333333,109.0,0,0,
9,0.2,25.0,0,0.3511111111111111,600.0,7.0,0.2333333333333333,123.0,0,0,
10,0.0,10.0,1,0.3331111111111111,600.0,6.0,0.2,116.0,0,0,
11,0.025,10.0,1,0.3312222222222222,600.0,4.0,0.1333333333333333,93.0,0,0,
12,0.05,10.0,1,0.3169444444444444,600.0,5.0,0.1666666666666666,77.0,0,0,
13,0.1,10.0,1,0.4058888888888889,600.0,8.0,0.2666666666666666,194.0,0,0,
14,0.2,10.0,1,0.30833333333333335,600.0,5.0,0.1666666666666666,107.0,0,0,
15,0.0,25.0,1,0.3495555555555555,600.0,5.0,0.1666666666666666,152.0,0,0,
16,0.025,25.0,1,0.3573888888888889,600.0,6.0,0.2,183.0,0,0,
17,0.05,25.0,1,0.45088888888888884,600.0,6.0,0.2,364.0,0,0,
18,0.1,25.0,1,0.3665555555555555,600.0,6.0,0.2,217.0,0,0,
19,0.2,25.0,1,0.3678888888888888,600.0,8.0,0.2666666666666666,92.0,0,0,
20,0.0,10.0,2,0.4943888888888889,600.0,11.0,0.3666666666666666,359.0,0,0,
21,0.025,10.0,2,0.4673888888888889,600.0,9.0,0.3,358.0,0,0,
22,0.05,10.0,2,0.4103333333333333,600.0,8.0,0.2666666666666666,207.0,0,0,
23,0.1,10.0,2,0.373,600.0,6.0,0.2,124.0,0,0,
24,0.2,10.0,2,0.3741111111111111,600.0,6.0,0.2,156.0,0,0,
25,0.0,25.0,2,0.5231111111111111,600.0,13.0,0.4333333333333333,,0,0,
26,0.025,25.0,2,0.44883333333333336,600.0,10.0,0.3333333333333333,151.0,0,0,
27,0.05,25.0,2,0.35716666666666663,600.0,7.0,0.2333333333333333,93.0,0,0,
28,0.1,25.0,2,0.37022222222222223,600.0,6.0,0.2,160.0,0,0,
29,0.2,25.0,2,0.4423333333333333,600.0,7.0,0.2333333333333333,205.0,0,0,
30,0.0,10.0,3,0.4708333333333332,600.0,11.0,0.3666666666666666,294.0,0,0,
31,0.025,10.0,3,0.46199999999999997,600.0,10.0,0.3333333333333333,219.0,0,0,
32,0.05,10.0,3,0.4236111111111111,600.0,10.0,0.3333333333333333,202.0,0,0,
33,0.1,10.0,3,0.42877777777777776,600.0,10.0,0.3333333333333333,137.0,0,0,
34,0.2,10.0,3,0.43605555555555553,600.0,10.0,0.3333333333333333,207.0,0,0,
35,0.0,25.0,3,0.46172222222222215,600.0,10.0,0.3333333333333333,304.0,0,0,
36,0.025,25.0,3,0.4696111111111111,600.0,10.0,0.3333333333333333,214.0,0,0,
37,0.05,25.0,3,0.4748333333333333,600.0,11.0,0.3666666666666666,242.0,0,0,
38,0.1,25.0,3,0.5198333333333333,600.0,11.0,0.3666666666666666,457.0,0,0,
39,0.2,25.0,3,0.3747222222222222,600.0,9.0,0.3,98.0,0,0,
40,0.0,10.0,4,0.5223333333333333,600.0,10.0,0.3333333333333333,291.0,0,0,
41,0.025,10.0,4,0.5103888888888888,600.0,11.0,0.3666666666666666,271.0,0,0,
42,0.05,10.0,4,0.4450555555555555,600.0,8.0,0.2666666666666666,129.0,0,0,
43,0.1,10.0,4,0.5353333333333333,600.0,6.0,0.2,417.0,0,0,
44,0.2,10.0,4,0.4622222222222222,600.0,8.0,0.2666666666666666,318.0,0,0,
45,0.0,25.0,4,0.47394444444444445,600.0,10.0,0.3333333333333333,225.0,0,0,
46,0.025,25.0,4,0.6054444444444445,600.0,13.0,0.4333333333333333,,0,0,
47,0.05,25.0,4,0.5558888888888889,600.0,11.0,0.3666666666666666,547.0,0,0,
48,0.1,25.0,4,0.5451666666666666,600.0,11.0,0.3666666666666666,532.0,0,0,
49,0.2,25.0,4,0.5372222222222222,600.0,12.0,0.4,494.0,0,0,
50,0.0,10.0,5,0.4041111111111111,600.0,8.0,0.2666666666666666,143.0,0,0,
51,0.025,10.0,5,0.4202222222222222,600.0,9.0,0.3,190.0,0,0,
52,0.05,10.0,5,0.4022222222222222,600.0,8.0,0.2666666666666666,169.0,0,0,
53,0.1,10.0,5,0.3911111111111111,600.0,8.0,0.2666666666666666,103.0,0,0,
54,0.2,10.0,5,0.37605555555555553,600.0,6.0,0.2,171.0,0,0,
55,0.0,25.0,5,0.5326111111111111,600.0,11.0,0.3666666666666666,492.0,0,0,
56,0.025,25.0,5,0.46377777777777773,600.0,9.0,0.3,199.0,0,0,
57,0.05,25.0,5,0.5080555555555555,600.0,9.0,0.3,299.0,0,0,
58,0.1,25.0,5,0.45055555555555554,600.0,8.0,0.2666666666666666,242.0,0,0,
59,0.2,25.0,5,0.39916666666666667,600.0,9.0,0.3,149.0,0,0,
60,0.0,10.0,6,0.41944444444444445,600.0,7.0,0.2333333333333333,247.0,0,0,
61,0.025,10.0,6,0.37833333333333335,600.0,7.0,0.2333333333333333,228.0,0,0,
62,0.05,10.0,6,0.3824444444444444,600.0,7.0,0.2333333333333333,167.0,0,0,
63,0.1,10.0,6,0.32405555555555554,600.0,5.0,0.1666666666666666,180.0,0,0,
64,0.2,10.0,6,0.3231666666666666,600.0,4.0,0.1333333333333333,147.0,0,0,
65,0.0,25.0,6,0.3748888888888888,600.0,7.0,0.2333333333333333,217.0,0,0,
66,0.025,25.0,6,0.3825,600.0,6.0,0.2,228.0,0,0,
67,0.05,25.0,6,0.3703888888888889,600.0,5.0,0.1666666666666666,210.0,0,0,
68,0.1,25.0,6,0.3987222222222222,600.0,7.0,0.2333333333333333,194.0,0,0,
69,0.2,25.0,6,0.4304444444444444,600.0,6.0,0.2,293.0,0,0,
70,0.0,10.0,7,0.46166666666666667,600.0,10.0,0.3333333333333333,270.0,0,0,
71,0.025,10.0,7,0.4734999999999999,600.0,10.0,0.3333333333333333,308.0,0,0,
72,0.05,10.0,7,0.4843333333333334,600.0,11.0,0.3666666666666666,274.0,0,0,
73,0.1,10.0,7,0.45122222222222214,600.0,10.0,0.3333333333333333,179.0,0,0,
74,0.2,10.0,7,0.43333333333333335,600.0,10.0,0.3333333333333333,211.0,0,0,
75,0.0,25.0,7,0.4486111111111111,600.0,10.0,0.3333333333333333,221.0,0,0,
76,0.025,25.0,7,0.4943888888888889,600.0,10.0,0.3333333333333333,345.0,0,0,
77,0.05,25.0,7,0.4568888888888889,600.0,10.0,0.3333333333333333,254.0,0,0,
78,0.1,25.0,7,0.4453333333333333,600.0,10.0,0.3333333333333333,147.0,0,0,
79,0.2,25.0,7,0.5226666666666667,600.0,10.0,0.3333333333333333,381.0,0,0,
80,0.0,10.0,8,0.42,600.0,6.0,0.2,238.0,0,0,
81,0.025,10.0,8,0.4337222222222222,600.0,10.0,0.3333333333333333,186.0,0,0,
82,0.05,10.0,8,0.42433333333333334,600.0,9.0,0.3,225.0,0,0,
83,0.1,10.0,8,0.4628333333333333,600.0,10.0,0.3333333333333333,266.0,0,0,
84,0.2,10.0,8,0.4105555555555555,600.0,8.0,0.2666666666666666,239.0,0,0,
85,0.0,25.0,8,0.4126111111111111,600.0,9.0,0.3,140.0,0,0,
86,0.025,25.0,8,0.34627777777777774,600.0,6.0,0.2,104.0,0,0,
87,0.05,25.0,8,0.3500555555555555,600.0,7.0,0.2333333333333333,105.0,0,0,
88,0.1,25.0,8,0.4719444444444444,600.0,11.0,0.3666666666666666,331.0,0,0,
89,0.2,25.0,8,0.4952777777777778,600.0,9.0,0.3,456.0,0,0,
90,0.0,10.0,9,0.4581666666666666,600.0,9.0,0.3,262.0,0,0,
91,0.025,10.0,9,0.45866666666666667,600.0,9.0,0.3,314.0,0,0,
92,0.05,10.0,9,0.4006111111111111,600.0,8.0,0.2666666666666666,211.0,0,0,
93,0.1,10.0,9,0.4130555555555555,600.0,8.0,0.2666666666666666,150.0,0,0,
94,0.2,10.0,9,0.44555555555555554,600.0,8.0,0.2666666666666666,309.0,0,0,
95,0.0,25.0,9,0.41133333333333333,600.0,8.0,0.2666666666666666,208.0,0,0,
96,0.025,25.0,9,0.4512777777777778,600.0,9.0,0.3,265.0,0,0,
97,0.05,25.0,9,0.4528888888888889,600.0,8.0,0.2666666666666666,241.0,0,0,
98,0.1,25.0,9,0.33977777777777773,600.0,6.0,0.2,127.0,0,0,
99,0.2,25.0,9,0.4572222222222222,600.0,7.0,0.2333333333333333,267.0,0,0,
100,0.0,10.0,10,0.5275,600.0,11.0,0.3666666666666666,326.0,0,0,
101,0.025,10.0,10,0.5157777777777778,600.0,11.0,0.3666666666666666,383.0,0,0,
102,0.05,10.0,10,0.5002222222222222,600.0,11.0,0.3666666666666666,317.0,0,0,
103,0.1,10.0,10,0.5611111111111111,600.0,13.0,0.4333333333333333,,0,0,
104,0.2,10.0,10,0.4318888888888889,600.0,9.0,0.3,134.0,0,0,
105,0.0,25.0,10,0.5039444444444444,600.0,12.0,0.4,304.0,0,0,
106,0.025,25.0,10,0.6051111111111112,600.0,15.0,0.5,,0,0,
107,0.05,25.0,10,0.5827222222222223,600.0,14.0,0.4666666666666667,,0,0,
108,0.1,25.0,10,0.5036111111111111,600.0,12.0,0.4,326.0,0,0,
109,0.2,25.0,10,0.42188888888888887,600.0,10.0,0.3333333333333333,121.0,0,0,
110,0.0,10.0,11,0.4456111111111111,600.0,10.0,0.3333333333333333,211.0,0,0,
111,0.025,10.0,11,0.48644444444444435,600.0,10.0,0.3333333333333333,339.0,0,0,
112,0.05,10.0,11,0.4606666666666666,600.0,10.0,0.3333333333333333,250.0,0,0,
113,0.1,10.0,11,0.45349999999999996,600.0,10.0,0.3333333333333333,163.0,0,0,
114,0.2,10.0,11,0.4349444444444444,600.0,10.0,0.3333333333333333,190.0,0,0,
115,0.0,25.0,11,0.543,600.0,13.0,0.4333333333333333,,0,0,
116,0.025,25.0,11,0.5520555555555555,600.0,13.0,0.4333333333333333,,0,0,
117,0.05,25.0,11,0.5639444444444445,600.0,11.0,0.3666666666666666,560.0,0,0,
118,0.1,25.0,11,0.5635555555555556,600.0,11.0,0.3666666666666666,386.0,0,0,
119,0.2,25.0,11,0.5559444444444445,600.0,9.0,0.3,388.0,0,0,
120,0.0,10.0,12,0.2832222222222222,600.0,4.0,0.1333333333333333,145.0,0,0,
121,0.025,10.0,12,0.37266666666666665,600.0,6.0,0.2,195.0,0,0,
122,0.05,10.0,12,0.3332777777777778,600.0,6.0,0.2,177.0,0,0,
123,0.1,10.0,12,0.33194444444444443,600.0,4.0,0.1333333333333333,206.0,0,0,
124,0.2,10.0,12,0.3346111111111111,600.0,4.0,0.1333333333333333,125.0,0,0,
125,0.0,25.0,12,0.3765555555555556,600.0,7.0,0.2333333333333333,160.0,0,0,
126,0.025,25.0,12,0.3261111111111111,600.0,5.0,0.1666666666666666,156.0,0,0,
127,0.05,25.0,12,0.3583888888888888,600.0,5.0,0.1666666666666666,150.0,0,0,
128,0.1,25.0,12,0.24072222222222223,600.0,3.0,0.1,118.0,0,0,
129,0.2,25.0,12,0.4506666666666666,600.0,10.0,0.3333333333333333,257.0,0,0,
130,0.0,10.0,13,0.4630555555555555,600.0,9.0,0.3,290.0,0,0,
131,0.025,10.0,13,0.4656666666666666,600.0,9.0,0.3,326.0,0,0,
132,0.05,10.0,13,0.4552222222222222,600.0,9.0,0.3,238.0,0,0,
133,0.1,10.0,13,0.41355555555555557,600.0,9.0,0.3,182.0,0,0,
134,0.2,10.0,13,0.4881111111111111,600.0,11.0,0.3666666666666666,505.0,0,0,
135,0.0,25.0,13,0.47105555555555556,600.0,8.0,0.2666666666666666,289.0,0,0,
136,0.025,25.0,13,0.5097777777777778,600.0,11.0,0.3666666666666666,338.0,0,0,
137,0.05,25.0,13,0.45666666666666667,600.0,10.0,0.3333333333333333,247.0,0,0,
138,0.1,25.0,13,0.4417222222222222,600.0,9.0,0.3,227.0,0,0,
139,0.2,25.0,13,0.3926111111111111,600.0,8.0,0.2666666666666666,153.0,0,0,
140,0.0,10.0,14,0.5662222222222223,600.0,10.0,0.3333333333333333,477.0,0,0,
141,0.025,10.0,14,0.4951666666666667,600.0,10.0,0.3333333333333333,278.0,0,0,
142,0.05,10.0,14,0.5000555555555555,600.0,11.0,0.3666666666666666,373.0,0,0,
143,0.1,10.0,14,0.5408333333333334,600.0,12.0,0.4,577.0,0,0,
144,0.2,10.0,14,0.4599444444444444,600.0,9.0,0.3,215.0,0,0,
145,0.0,25.0,14,0.4993333333333333,600.0,10.0,0.3333333333333333,247.0,0,0,
146,0.025,25.0,14,0.5313888888888889,600.0,10.0,0.3333333333333333,320.0,0,0,
147,0.05,25.0,14,0.514,600.0,10.0,0.3333333333333333,302.0,0,0,
148,0.1,25.0,14,0.5407222222222222,600.0,11.0,0.3666666666666666,386.0,0,0,
149,0.2,25.0,14,0.46422222222222215,600.0,11.0,0.3666666666666666,285.0,0,0,
150,0.0,10.0,15,0.40855555555555556,600.0,6.0,0.2,295.0,0,0,
151,0.025,10.0,15,0.33038888888888884,600.0,3.0,0.1,156.0,0,0,
152,0.05,10.0,15,0.4371666666666667,600.0,10.0,0.3333333333333333,223.0,0,0,
153,0.1,10.0,15,0.44316666666666665,600.0,7.0,0.2333333333333333,222.0,0,0,
154,0.2,10.0,15,0.43322222222222223,600.0,7.0,0.2333333333333333,253.0,0,0,
155,0.0,25.0,15,0.5364444444444445,600.0,12.0,0.4,468.0,0,0,
156,0.025,25.0,15,0.5368333333333334,600.0,12.0,0.4,358.0,0,0,
157,0.05,25.0,15,0.48083333333333333,600.0,9.0,0.3,306.0,0,0,
158,0.1,25.0,15,0.37083333333333335,600.0,6.0,0.2,169.0,0,0,
159,0.2,25.0,15,0.4725555555555556,600.0,7.0,0.2333333333333333,274.0,0,0,
160,0.0,10.0,16,0.3906111111111111,600.0,6.0,0.2,202.0,0,0,
161,0.025,10.0,16,0.30905555555555553,600.0,5.0,0.1666666666666666,130.0,0,0,
162,0.05,10.0,16,0.3361111111111111,600.0,4.0,0.1333333333333333,207.0,0,0,
163,0.1,10.0,16,0.2896111111111111,600.0,4.0,0.1333333333333333,138.0,0,0,
164,0.2,10.0,16,0.3869444444444444,600.0,6.0,0.2,164.0,0,0,
165,0.0,25.0,16,0.33366666666666667,600.0,5.0,0.1666666666666666,146.0,0,0,
166,0.025,25.0,16,0.3903333333333333,600.0,5.0,0.1666666666666666,218.0,0,0,
167,0.05,25.0,16,0.3103888888888889,600.0,5.0,0.1666666666666666,142.0,0,0,
168,0.1,25.0,16,0.30016666666666664,600.0,4.0,0.1333333333333333,118.0,0,0,
169,0.2,25.0,16,0.3853333333333333,600.0,6.0,0.2,209.0,0,0,
170,0.0,10.0,17,0.4683333333333333,600.0,11.0,0.3666666666666666,292.0,0,0,
171,0.025,10.0,17,0.4759999999999999,600.0,11.0,0.3666666666666666,249.0,0,0,
172,0.05,10.0,17,0.4831111111111111,600.0,10.0,0.3333333333333333,355.0,0,0,
173,0.1,10.0,17,0.4676111111111111,600.0,10.0,0.3333333333333333,262.0,0,0,
174,0.2,10.0,17,0.4796666666666666,600.0,10.0,0.3333333333333333,271.0,0,0,
175,0.0,25.0,17,0.45527777777777784,600.0,10.0,0.3333333333333333,252.0,0,0,
176,0.025,25.0,17,0.4925555555555555,600.0,10.0,0.3333333333333333,364.0,0,0,
177,0.05,25.0,17,0.4282222222222222,600.0,10.0,0.3333333333333333,158.0,0,0,
178,0.1,25.0,17,0.43072222222222223,600.0,9.0,0.3,199.0,0,0,
179,0.2,25.0,17,0.40727777777777774,600.0,9.0,0.3,113.0,0,0,
180,0.0,10.0,18,0.4711666666666666,600.0,10.0,0.3333333333333333,182.0,0,0,
181,0.025,10.0,18,0.4464444444444445,600.0,8.0,0.2666666666666666,273.0,0,0,
182,0.05,10.0,18,0.5157777777777778,600.0,9.0,0.3,324.0,0,0,
183,0.1,10.0,18,0.4771111111111111,600.0,8.0,0.2666666666666666,285.0,0,0,
184,0.2,10.0,18,0.41255555555555556,600.0,9.0,0.3,187.0,0,0,
185,0.0,25.0,18,0.4984444444444444,600.0,10.0,0.3333333333333333,277.0,0,0,
186,0.025,25.0,18,0.5036666666666666,600.0,10.0,0.3333333333333333,415.0,0,0,
187,0.05,25.0,18,0.477,600.0,10.0,0.3333333333333333,345.0,0,0,
188,0.1,25.0,18,0.4947777777777778,600.0,9.0,0.3,236.0,0,0,
189,0.2,25.0,18,0.36622222222222217,600.0,8.0,0.2666666666666666,111.0,0,0,
190,0.0,10.0,19,0.40827777777777774,600.0,6.0,0.2,218.0,0,0,
191,0.025,10.0,19,0.47311111111111115,600.0,9.0,0.3,354.0,0,0,
192,0.05,10.0,19,0.46422222222222215,600.0,10.0,0.3333333333333333,219.0,0,0,
193,0.1,10.0,19,0.4725555555555555,600.0,9.0,0.3,322.0,0,0,
194,0.2,10.0,19,0.3670555555555555,600.0,6.0,0.2,167.0,0,0,
195,0.0,25.0,19,0.44316666666666665,600.0,11.0,0.3666666666666666,174.0,0,0,
196,0.025,25.0,19,0.3998333333333333,600.0,7.0,0.2333333333333333,130.0,0,0,
197,0.05,25.0,19,0.5313888888888889,600.0,13.0,0.4333333333333333,,0,0,
198,0.1,25.0,19,0.48122222222222216,600.0,8.0,0.2666666666666666,320.0,0,0,
199,0.2,25.0,19,0.465,600.0,6.0,0.2,470.0,0,0,
200,0.0,10.0,20,0.3794444444444444,600.0,8.0,0.2666666666666666,140.0,0,0,
201,0.025,10.0,20,0.4026111111111111,600.0,8.0,0.2666666666666666,145.0,0,0,
202,0.05,10.0,20,0.42227777777777775,600.0,8.0,0.2666666666666666,196.0,0,0,
203,0.1,10.0,20,0.3952222222222222,600.0,8.0,0.2666666666666666,191.0,0,0,
204,0.2,10.0,20,0.3764444444444444,600.0,8.0,0.2666666666666666,133.0,0,0,
205,0.0,25.0,20,0.4443888888888889,600.0,10.0,0.3333333333333333,217.0,0,0,
206,0.025,25.0,20,0.43077777777777776,600.0,9.0,0.3,230.0,0,0,
207,0.05,25.0,20,0.5666666666666667,600.0,12.0,0.4,515.0,0,0,
208,0.1,25.0,20,0.41927777777777775,600.0,7.0,0.2333333333333333,197.0,0,0,
209,0.2,25.0,20,0.5036111111111111,600.0,10.0,0.3333333333333333,388.0,0,0,
210,0.0,10.0,21,0.4998333333333333,600.0,9.0,0.3,397.0,0,0,
211,0.025,10.0,21,0.42883333333333334,600.0,8.0,0.2666666666666666,211.0,0,0,
212,0.05,10.0,21,0.48083333333333333,600.0,7.0,0.2333333333333333,347.0,0,0,
213,0.1,10.0,21,0.443,600.0,9.0,0.3,270.0,0,0,
214,0.2,10.0,21,0.3881666666666666,600.0,7.0,0.2333333333333333,134.0,0,0,
215,0.0,25.0,21,0.48222222222222216,600.0,9.0,0.3,262.0,0,0,
216,0.025,25.0,21,0.44399999999999995,600.0,9.0,0.3,279.0,0,0,
217,0.05,25.0,21,0.44888888888888884,600.0,8.0,0.2666666666666666,282.0,0,0,
218,0.1,25.0,21,0.44211111111111107,600.0,6.0,0.2,282.0,0,0,
219,0.2,25.0,21,0.518,600.0,9.0,0.3,439.0,0,0,
220,0.0,10.0,22,0.35155555555555557,600.0,7.0,0.2333333333333333,135.0,0,0,
221,0.025,10.0,22,0.4043333333333333,600.0,6.0,0.2,162.0,0,0,
222,0.05,10.0,22,0.3437222222222222,600.0,6.0,0.2,153.0,0,0,
223,0.1,10.0,22,0.35444444444444445,600.0,7.0,0.2333333333333333,109.0,0,0,
224,0.2,10.0,22,0.33272222222222214,600.0,5.0,0.1666666666666666,86.0,0,0,
225,0.0,25.0,22,0.4245,600.0,9.0,0.3,241.0,0,0,
226,0.025,25.0,22,0.31338888888888883,600.0,5.0,0.1666666666666666,115.0,0,0,
227,0.05,25.0,22,0.35888888888888887,600.0,6.0,0.2,224.0,0,0,
228,0.1,25.0,22,0.3259444444444444,600.0,5.0,0.1666666666666666,132.0,0,0,
229,0.2,25.0,22,0.2842222222222222,600.0,4.0,0.1333333333333333,108.0,0,0,
230,0.0,10.0,23,0.4756666666666666,600.0,8.0,0.2666666666666666,316.0,0,0,
231,0.025,10.0,23,0.43961111111111106,600.0,10.0,0.3333333333333333,202.0,0,0,
232,0.05,10.0,23,0.42316666666666664,600.0,9.0,0.3,153.0,0,0,
233,0.1,10.0,23,0.4398888888888889,600.0,9.0,0.3,226.0,0,0,
234,0.2,10.0,23,0.4225555555555556,600.0,9.0,0.3,245.0,0,0,
235,0.0,25.0,23,0.54,600.0,12.0,0.4,484.0,0,0,
236,0.025,25.0,23,0.48172222222222216,600.0,10.0,0.3333333333333333,295.0,0,0,
237,0.05,25.0,23,0.5456666666666666,600.0,13.0,0.4333333333333333,,0,0,
238,0.1,25.0,23,0.5576666666666668,600.0,12.0,0.4,571.0,0,0,
239,0.2,25.0,23,0.4930555555555555,600.0,10.0,0.3333333333333333,294.0,0,0,
240,0.0,10.0,24,0.5003333333333333,600.0,11.0,0.3666666666666666,316.0,0,0,
241,0.025,10.0,24,0.49627777777777776,600.0,11.0,0.3666666666666666,259.0,0,0,
242,0.05,10.0,24,0.3988333333333333,600.0,7.0,0.2333333333333333,206.0,0,0,
243,0.1,10.0,24,0.5073888888888889,600.0,12.0,0.4,246.0,0,0,
244,0.2,10.0,24,0.40988888888888886,600.0,5.0,0.1666666666666666,271.0,0,0,
245,0.0,25.0,24,0.4707222222222222,600.0,7.0,0.2333333333333333,317.0,0,0,
246,0.025,25.0,24,0.5051666666666667,600.0,12.0,0.4,248.0,0,0,
247,0.05,25.0,24,0.5898888888888889,600.0,12.0,0.4,484.0,0,0,
248,0.1,25.0,24,0.42561111111111105,600.0,7.0,0.2333333333333333,214.0,0,0,
249,0.2,25.0,24,0.5141666666666667,600.0,7.0,0.2333333333333333,450.0,0,0,
250,0.0,10.0,25,0.4476666666666666,600.0,10.0,0.3333333333333333,211.0,0,0,
251,0.025,10.0,25,0.4467777777777778,600.0,9.0,0.3,190.0,0,0,
252,0.05,10.0,25,0.4703888888888888,600.0,11.0,0.3666666666666666,344.0,0,0,
253,0.1,10.0,25,0.4555,600.0,9.0,0.3,226.0,0,0,
254,0.2,10.0,25,0.35433333333333333,600.0,7.0,0.2333333333333333,154.0,0,0,
255,0.0,25.0,25,0.4260555555555555,600.0,8.0,0.2666666666666666,237.0,0,0,
256,0.025,25.0,25,0.4716111111111111,600.0,10.0,0.3333333333333333,218.0,0,0,
257,0.05,25.0,25,0.352,600.0,7.0,0.2333333333333333,109.0,0,0,
258,0.1,25.0,25,0.4683888888888889,600.0,8.0,0.2666666666666666,159.0,0,0,
259,0.2,25.0,25,0.4197777777777778,600.0,10.0,0.3333333333333333,143.0,0,0,
260,0.0,10.0,26,0.5093888888888889,600.0,11.0,0.3666666666666666,375.0,0,0,
261,0.025,10.0,26,0.4642777777777778,600.0,10.0,0.3333333333333333,221.0,0,0,
262,0.05,10.0,26,0.4771111111111111,600.0,10.0,0.3333333333333333,249.0,0,0,
263,0.1,10.0,26,0.5023333333333333,600.0,9.0,0.3,299.0,0,0,
264,0.2,10.0,26,0.49094444444444446,600.0,10.0,0.3333333333333333,268.0,0,0,
265,0.0,25.0,26,0.48972222222222217,600.0,11.0,0.3666666666666666,271.0,0,0,
266,0.025,25.0,26,0.543,600.0,11.0,0.3666666666666666,431.0,0,0,
267,0.05,25.0,26,0.4417222222222222,600.0,9.0,0.3,209.0,0,0,
268,0.1,25.0,26,0.48222222222222216,600.0,8.0,0.2666666666666666,247.0,0,0,
269,0.2,25.0,26,0.5005555555555555,600.0,9.0,0.3,285.0,0,0,
270,0.0,10.0,27,0.37988888888888883,600.0,8.0,0.2666666666666666,128.0,0,0,
271,0.025,10.0,27,0.40116666666666667,600.0,9.0,0.3,170.0,0,0,
272,0.05,10.0,27,0.4048333333333333,600.0,8.0,0.2666666666666666,129.0,0,0,
273,0.1,10.0,27,0.44155555555555553,600.0,10.0,0.3333333333333333,179.0,0,0,
274,0.2,10.0,27,0.3971111111111111,600.0,8.0,0.2666666666666666,172.0,0,0,
275,0.0,25.0,27,0.3871111111111111,600.0,8.0,0.2666666666666666,156.0,0,0,
276,0.025,25.0,27,0.3961111111111111,600.0,9.0,0.3,121.0,0,0,
277,0.05,25.0,27,0.3978333333333333,600.0,9.0,0.3,153.0,0,0,
278,0.1,25.0,27,0.4268333333333333,600.0,9.0,0.3,220.0,0,0,
279,0.2,25.0,27,0.4221111111111111,600.0,10.0,0.3333333333333333,213.0,0,0,
280,0.0,10.0,28,0.4446666666666667,600.0,9.0,0.3,240.0,0,0,
281,0.025,10.0,28,0.4205,600.0,8.0,0.2666666666666666,205.0,0,0,
282,0.05,10.0,28,0.4577777777777778,600.0,9.0,0.3,267.0,0,0,
283,0.1,10.0,28,0.4603888888888889,600.0,9.0,0.3,372.0,0,0,
284,0.2,10.0,28,0.3988333333333333,600.0,9.0,0.3,179.0,0,0,
285,0.0,25.0,28,0.35927777777777775,600.0,5.0,0.1666666666666666,178.0,0,0,
286,0.025,25.0,28,0.44066666666666665,600.0,7.0,0.2333333333333333,226.0,0,0,
287,0.05,25.0,28,0.48705555555555546,600.0,8.0,0.2666666666666666,341.0,0,0,
288,0.1,25.0,28,0.4206111111111111,600.0,9.0,0.3,233.0,0,0,
289,0.2,25.0,28,0.3717222222222222,600.0,8.0,0.2666666666666666,139.0,0,0,
290,0.0,10.0,29,0.44161111111111107,600.0,8.0,0.2666666666666666,293.0,0,0,
291,0.025,10.0,29,0.4225,600.0,9.0,0.3,214.0,0,0,
292,0.05,10.0,29,0.4482777777777777,600.0,10.0,0.3333333333333333,314.0,0,0,
293,0.1,10.0,29,0.46166666666666667,600.0,10.0,0.3333333333333333,275.0,0,0,
294,0.2,10.0,29,0.3816666666666666,600.0,8.0,0.2666666666666666,169.0,0,0,
295,0.0,25.0,29,0.46188888888888885,600.0,11.0,0.3666666666666666,276.0,0,0,
296,0.025,25.0,29,0.46188888888888885,600.0,10.0,0.3333333333333333,282.0,0,0,
297,0.05,25.0,29,0.4940555555555556,600.0,11.0,0.3666666666666666,398.0,0,0,
298,0.1,25.0,29,0.5161666666666667,600.0,12.0,0.4,373.0,0,0,
299,0.2,25.0,29,0.4848333333333333,600.0,10.0,0.3333333333333333,321.0,0,0,
300,0.0,10.0,30,0.4049444444444444,600.0,8.0,0.2666666666666666,168.0,0,0,
301,0.025,10.0,30,0.3807777777777777,600.0,8.0,0.2666666666666666,179.0,0,0,
302,0.05,10.0,30,0.3638333333333333,600.0,8.0,0.2666666666666666,137.0,0,0,
303,0.1,10.0,30,0.38216666666666665,600.0,8.0,0.2666666666666666,207.0,0,0,
304,0.2,10.0,30,0.37899999999999995,600.0,8.0,0.2666666666666666,173.0,0,0,
305,0.0,25.0,30,0.47644444444444445,600.0,12.0,0.4,290.0,0,0,
306,0.025,25.0,30,0.5198888888888888,600.0,13.0,0.4333333333333333,,0,0,
307,0.05,25.0,30,0.6156666666666666,600.0,17.0,0.5666666666666667,,0,0,
308,0.1,25.0,30,0.5948888888888889,600.0,15.0,0.5,,0,0,
309,0.2,25.0,30,0.49161111111111105,600.0,9.0,0.3,349.0,0,0,
310,0.0,10.0,31,0.4655,600.0,10.0,0.3333333333333333,223.0,0,0,
311,0.025,10.0,31,0.4497222222222222,600.0,9.0,0.3,128.0,0,0,
312,0.05,10.0,31,0.4520555555555556,600.0,8.0,0.2666666666666666,236.0,0,0,
313,0.1,10.0,31,0.45038888888888884,600.0,8.0,0.2666666666666666,294.0,0,0,
314,0.2,10.0,31,0.45616666666666666,600.0,8.0,0.2666666666666666,242.0,0,0,
315,0.0,25.0,31,0.4915555555555556,600.0,9.0,0.3,325.0,0,0,
316,0.025,25.0,31,0.4653333333333333,600.0,10.0,0.3333333333333333,260.0,0,0,
317,0.05,25.0,31,0.5295,600.0,9.0,0.3,341.0,0,0,
318,0.1,25.0,31,0.4865555555555556,600.0,8.0,0.2666666666666666,246.0,0,0,
319,0.2,25.0,31,0.5492222222222222,600.0,7.0,0.2333333333333333,476.0,0,0,
320,0.0,10.0,32,0.3933888888888889,600.0,9.0,0.3,129.0,0,0,
321,0.025,10.0,32,0.4295,600.0,10.0,0.3333333333333333,208.0,0,0,
322,0.05,10.0,32,0.38055555555555554,600.0,8.0,0.2666666666666666,147.0,0,0,
323,0.1,10.0,32,0.42705555555555547,600.0,8.0,0.2666666666666666,236.0,0,0,
324,0.2,10.0,32,0.409,600.0,8.0,0.2666666666666666,225.0,0,0,
325,0.0,25.0,32,0.40844444444444444,600.0,8.0,0.2666666666666666,144.0,0,0,
326,0.025,25.0,32,0.4065,600.0,8.0,0.2666666666666666,153.0,0,0,
327,0.05,25.0,32,0.4195,600.0,10.0,0.3333333333333333,117.0,0,0,
328,0.1,25.0,32,0.3662222222222222,600.0,8.0,0.2666666666666666,112.0,0,0,
329,0.2,25.0,32,0.3678333333333333,600.0,7.0,0.2333333333333333,88.0,0,0,
330,0.0,10.0,33,0.5088888888888888,600.0,10.0,0.3333333333333333,462.0,0,0,
331,0.025,10.0,33,0.4809999999999999,600.0,8.0,0.2666666666666666,390.0,0,0,
332,0.05,10.0,33,0.5113888888888889,600.0,9.0,0.3,351.0,0,0,
333,0.1,10.0,33,0.4331111111111111,600.0,9.0,0.3,201.0,0,0,
334,0.2,10.0,33,0.4544444444444445,600.0,9.0,0.3,241.0,0,0,
335,0.0,25.0,33,0.4956111111111111,600.0,10.0,0.3333333333333333,404.0,0,0,
336,0.025,25.0,33,0.5163888888888889,600.0,12.0,0.4,308.0,0,0,
337,0.05,25.0,33,0.4743333333333333,600.0,9.0,0.3,263.0,0,0,
338,0.1,25.0,33,0.5058333333333334,600.0,10.0,0.3333333333333333,377.0,0,0,
339,0.2,25.0,33,0.3950555555555555,600.0,8.0,0.2666666666666666,192.0,0,0,
340,0.0,10.0,34,0.39538888888888885,600.0,8.0,0.2666666666666666,155.0,0,0,
341,0.025,10.0,34,0.42177777777777775,600.0,8.0,0.2666666666666666,158.0,0,0,
342,0.05,10.0,34,0.38149999999999995,600.0,7.0,0.2333333333333333,162.0,0,0,
343,0.1,10.0,34,0.44916666666666666,600.0,8.0,0.2666666666666666,216.0,0,0,
344,0.2,10.0,34,0.4601666666666666,600.0,8.0,0.2666666666666666,322.0,0,0,
345,0.0,25.0,34,0.42005555555555557,600.0,9.0,0.3,132.0,0,0,
346,0.025,25.0,34,0.4548333333333333,600.0,8.0,0.2666666666666666,234.0,0,0,
347,0.05,25.0,34,0.4196111111111111,600.0,8.0,0.2666666666666666,199.0,0,0,
348,0.1,25.0,34,0.49344444444444446,600.0,9.0,0.3,387.0,0,0,
349,0.2,25.0,34,0.4520555555555556,600.0,8.0,0.2666666666666666,268.0,0,0,
350,0.0,10.0,35,0.4562777777777777,600.0,9.0,0.3,196.0,0,0,
351,0.025,10.0,35,0.4702222222222222,600.0,11.0,0.3666666666666666,278.0,0,0,
352,0.05,10.0,35,0.4542777777777778,600.0,9.0,0.3,240.0,0,0,
353,0.1,10.0,35,0.45261111111111113,600.0,8.0,0.2666666666666666,280.0,0,0,
354,0.2,10.0,35,0.4326666666666667,600.0,8.0,0.2666666666666666,217.0,0,0,
355,0.0,25.0,35,0.4340555555555556,600.0,8.0,0.2666666666666666,212.0,0,0,
356,0.025,25.0,35,0.4592777777777778,600.0,10.0,0.3333333333333333,220.0,0,0,
357,0.05,25.0,35,0.4046666666666666,600.0,8.0,0.2666666666666666,176.0,0,0,
358,0.1,25.0,35,0.48411111111111105,600.0,10.0,0.3333333333333333,362.0,0,0,
359,0.2,25.0,35,0.5588888888888889,600.0,11.0,0.3666666666666666,598.0,0,0,
360,0.0,10.0,36,0.4165,600.0,8.0,0.2666666666666666,218.0,0,0,
361,0.025,10.0,36,0.4130555555555555,600.0,9.0,0.3,124.0,0,0,
362,0.05,10.0,36,0.45166666666666666,600.0,10.0,0.3333333333333333,244.0,0,0,
363,0.1,10.0,36,0.46127777777777773,600.0,10.0,0.3333333333333333,281.0,0,0,
364,0.2,10.0,36,0.41172222222222216,600.0,10.0,0.3333333333333333,151.0,0,0,
365,0.0,25.0,36,0.3952777777777778,600.0,8.0,0.2666666666666666,119.0,0,0,
366,0.025,25.0,36,0.3709444444444444,600.0,8.0,0.2666666666666666,105.0,0,0,
367,0.05,25.0,36,0.4272777777777777,600.0,10.0,0.3333333333333333,104.0,0,0,
368,0.1,25.0,36,0.4573888888888889,600.0,9.0,0.3,381.0,0,0,
369,0.2,25.0,36,0.37255555555555553,600.0,8.0,0.2666666666666666,176.0,0,0,
370,0.0,10.0,37,0.43855555555555553,600.0,10.0,0.3333333333333333,186.0,0,0,
371,0.025,10.0,37,0.4398333333333333,600.0,10.0,0.3333333333333333,207.0,0,0,
372,0.05,10.0,37,0.4431111111111111,600.0,8.0,0.2666666666666666,195.0,0,0,
373,0.1,10.0,37,0.42288888888888887,600.0,10.0,0.3333333333333333,197.0,0,0,
374,0.2,10.0,37,0.3936111111111111,600.0,8.0,0.2666666666666666,141.0,0,0,
375,0.0,25.0,37,0.46294444444444444,600.0,10.0,0.3333333333333333,263.0,0,0,
376,0.025,25.0,37,0.43416666666666665,600.0,8.0,0.2666666666666666,249.0,0,0,
377,0.05,25.0,37,0.39988888888888885,600.0,8.0,0.2666666666666666,167.0,0,0,
378,0.1,25.0,37,0.3752222222222222,600.0,8.0,0.2666666666666666,120.0,0,0,
379,0.2,25.0,37,0.3823333333333333,600.0,8.0,0.2666666666666666,129.0,0,0,
380,0.0,10.0,38,0.46983333333333327,600.0,9.0,0.3,273.0,0,0,
381,0.025,10.0,38,0.40344444444444444,600.0,7.0,0.2333333333333333,200.0,0,0,
382,0.05,10.0,38,0.3472222222222222,600.0,7.0,0.2333333333333333,134.0,0,0,
383,0.1,10.0,38,0.37888888888888883,600.0,7.0,0.2333333333333333,120.0,0,0,
384,0.2,10.0,38,0.3933333333333333,600.0,8.0,0.2666666666666666,194.0,0,0,
385,0.0,25.0,38,0.5001666666666666,600.0,10.0,0.3333333333333333,295.0,0,0,
386,0.025,25.0,38,0.5573888888888889,600.0,14.0,0.4666666666666667,,0,0,
387,0.05,25.0,38,0.5171666666666667,600.0,11.0,0.3666666666666666,354.0,0,0,
388,0.1,25.0,38,0.48800000000000004,600.0,9.0,0.3,288.0,0,0,
389,0.2,25.0,38,0.3581111111111111,600.0,8.0,0.2666666666666666,90.0,0,0,
390,0.0,10.0,39,0.3968333333333333,600.0,7.0,0.2333333333333333,174.0,0,0,
391,0.025,10.0,39,0.3768888888888889,600.0,7.0,0.2333333333333333,155.0,0,0,
392,0.05,10.0,39,0.4152222222222222,600.0,7.0,0.2333333333333333,188.0,0,0,
393,0.1,10.0,39,0.39294444444444443,600.0,6.0,0.2,198.0,0,0,
394,0.2,10.0,39,0.46377777777777773,600.0,7.0,0.2333333333333333,303.0,0,0,
395,0.0,25.0,39,0.3391111111111111,600.0,7.0,0.2333333333333333,118.0,0,0,
396,0.025,25.0,39,0.4715,600.0,10.0,0.3333333333333333,306.0,0,0,
397,0.05,25.0,39,0.46144444444444443,600.0,9.0,0.3,179.0,0,0,
398,0.1,25.0,39,0.3832777777777777,600.0,7.0,0.2333333333333333,147.0,0,0,
399,0.2,25.0,39,0.41183333333333333,600.0,8.0,0.2666666666666666,213.0,0,0,
400,0.0,10.0,40,0.4827222222222222,600.0,12.0,0.4,286.0,0,0,
401,0.025,10.0,40,0.4773333333333333,600.0,10.0,0.3333333333333333,285.0,0,0,
402,0.05,10.0,40,0.414,600.0,9.0,0.3,203.0,0,0,
403,0.1,10.0,40,0.48583333333333334,600.0,10.0,0.3333333333333333,393.0,0,0,
404,0.2,10.0,40,0.46388888888888885,600.0,10.0,0.3333333333333333,246.0,0,0,
405,0.0,25.0,40,0.45177777777777767,600.0,11.0,0.3666666666666666,141.0,0,0,
406,0.025,25.0,40,0.44322222222222224,600.0,10.0,0.3333333333333333,139.0,0,0,
407,0.05,25.0,40,0.45572222222222225,600.0,10.0,0.3333333333333333,266.0,0,0,
408,0.1,25.0,40,0.46105555555555555,600.0,11.0,0.3666666666666666,133.0,0,0,
409,0.2,25.0,40,0.47783333333333333,600.0,10.0,0.3333333333333333,267.0,0,0,
410,0.0,10.0,41,0.404,600.0,6.0,0.2,197.0,0,0,
411,0.025,10.0,41,0.3662222222222222,600.0,6.0,0.2,159.0,0,0,
412,0.05,10.0,41,0.39822222222222226,600.0,6.0,0.2,183.0,0,0,
413,0.1,10.0,41,0.31677777777777777,600.0,5.0,0.1666666666666666,121.0,0,0,
414,0.2,10.0,41,0.3396111111111111,600.0,4.0,0.1333333333333333,131.0,0,0,
415,0.0,25.0,41,0.37516666666666665,600.0,5.0,0.1666666666666666,158.0,0,0,
416,0.025,25.0,41,0.37094444444444447,600.0,7.0,0.2333333333333333,187.0,0,0,
417,0.05,25.0,41,0.35216666666666663,600.0,5.0,0.1666666666666666,135.0,0,0,
418,0.1,25.0,41,0.4942222222222222,600.0,8.0,0.2666666666666666,401.0,0,0,
419,0.2,25.0,41,0.36777777777777776,600.0,7.0,0.2333333333333333,125.0,0,0,
420,0.0,10.0,42,0.5393333333333333,600.0,12.0,0.4,475.0,0,0,
421,0.025,10.0,42,0.46277777777777773,600.0,9.0,0.3,248.0,0,0,
422,0.05,10.0,42,0.48050000000000004,600.0,10.0,0.3333333333333333,317.0,0,0,
423,0.1,10.0,42,0.4683888888888889,600.0,8.0,0.2666666666666666,274.0,0,0,
424,0.2,10.0,42,0.4924444444444444,600.0,11.0,0.3666666666666666,300.0,0,0,
425,0.0,25.0,42,0.4895,600.0,11.0,0.3666666666666666,269.0,0,0,
426,0.025,25.0,42,0.5549444444444444,600.0,12.0,0.4,497.0,0,0,
427,0.05,25.0,42,0.44666666666666666,600.0,10.0,0.3333333333333333,257.0,0,0,
428,0.1,25.0,42,0.5848888888888889,600.0,15.0,0.5,,0,0,
429,0.2,25.0,42,0.4306111111111111,600.0,10.0,0.3333333333333333,154.0,0,0,
430,0.0,10.0,43,0.456111111111111,600.0,11.0,0.3666666666666666,159.0,0,0,
431,0.025,10.0,43,0.455,600.0,10.0,0.3333333333333333,215.0,0,0,
432,0.05,10.0,43,0.4281111111111111,600.0,10.0,0.3333333333333333,167.0,0,0,
433,0.1,10.0,43,0.4377777777777778,600.0,10.0,0.3333333333333333,185.0,0,0,
434,0.2,10.0,43,0.4302777777777778,600.0,10.0,0.3333333333333333,164.0,0,0,
435,0.0,25.0,43,0.49616666666666664,600.0,12.0,0.4,296.0,0,0,
436,0.025,25.0,43,0.47816666666666663,600.0,10.0,0.3333333333333333,330.0,0,0,
437,0.05,25.0,43,0.48783333333333334,600.0,10.0,0.3333333333333333,326.0,0,0,
438,0.1,25.0,43,0.43350000000000005,600.0,10.0,0.3333333333333333,118.0,0,0,
439,0.2,25.0,43,0.5007222222222222,600.0,12.0,0.4,221.0,0,0,
440,0.0,10.0,44,0.38111111111111107,600.0,8.0,0.2666666666666666,135.0,0,0,
441,0.025,10.0,44,0.3481111111111111,600.0,7.0,0.2333333333333333,117.0,0,0,
442,0.05,10.0,44,0.41283333333333333,600.0,7.0,0.2333333333333333,218.0,0,0,
443,0.1,10.0,44,0.43977777777777777,600.0,8.0,0.2666666666666666,223.0,0,0,
444,0.2,10.0,44,0.37877777777777777,600.0,8.0,0.2666666666666666,157.0,0,0,
445,0.0,25.0,44,0.42922222222222217,600.0,9.0,0.3,148.0,0,0,
446,0.025,25.0,44,0.5623888888888889,600.0,11.0,0.3666666666666666,497.0,0,0,
447,0.05,25.0,44,0.34155555555555556,600.0,6.0,0.2,123.0,0,0,
448,0.1,25.0,44,0.3948333333333333,600.0,6.0,0.2,211.0,0,0,
449,0.2,25.0,44,0.35877777777777775,600.0,6.0,0.2,141.0,0,0,
450,0.0,10.0,45,0.38138888888888883,600.0,7.0,0.2333333333333333,137.0,0,0,
451,0.025,10.0,45,0.3956666666666666,600.0,6.0,0.2,165.0,0,0,
452,0.05,10.0,45,0.37499999999999994,600.0,7.0,0.2333333333333333,111.0,0,0,
453,0.1,10.0,45,0.4066111111111111,600.0,6.0,0.2,163.0,0,0,
454,0.2,10.0,45,0.3913333333333333,600.0,8.0,0.2666666666666666,134.0,0,0,
455,0.0,25.0,45,0.46877777777777774,600.0,9.0,0.3,249.0,0,0,
456,0.025,25.0,45,0.46683333333333327,600.0,8.0,0.2666666666666666,207.0,0,0,
457,0.05,25.0,45,0.4198333333333333,600.0,6.0,0.2,237.0,0,0,
458,0.1,25.0,45,0.34349999999999997,600.0,4.0,0.1333333333333333,141.0,0,0,
459,0.2,25.0,45,0.37983333333333336,600.0,6.0,0.2,223.0,0,0,
460,0.0,10.0,46,0.41322222222222216,600.0,9.0,0.3,160.0,0,0,
461,0.025,10.0,46,0.44022222222222224,600.0,10.0,0.3333333333333333,203.0,0,0,
462,0.05,10.0,46,0.42011111111111105,600.0,8.0,0.2666666666666666,239.0,0,0,
463,0.1,10.0,46,0.4097222222222222,600.0,8.0,0.2666666666666666,263.0,0,0,
464,0.2,10.0,46,0.2731111111111111,600.0,5.0,0.1666666666666666,94.0,0,0,
465,0.0,25.0,46,0.4148333333333333,600.0,9.0,0.3,188.0,0,0,
466,0.025,25.0,46,0.4395,600.0,10.0,0.3333333333333333,207.0,0,0,
467,0.05,25.0,46,0.40149999999999997,600.0,8.0,0.2666666666666666,177.0,0,0,
468,0.1,25.0,46,0.3904444444444444,600.0,7.0,0.2333333333333333,215.0,0,0,
469,0.2,25.0,46,0.4973333333333333,600.0,9.0,0.3,339.0,0,0,
470,0.0,10.0,47,0.413,600.0,6.0,0.2,206.0,0,0,
471,0.025,10.0,47,0.48188888888888887,600.0,9.0,0.3,250.0,0,0,
472,0.05,10.0,47,0.37472222222222223,600.0,5.0,0.1666666666666666,117.0,0,0,
473,0.1,10.0,47,0.41977777777777775,600.0,8.0,0.2666666666666666,184.0,0,0,
474,0.2,10.0,47,0.4272777777777778,600.0,9.0,0.3,172.0,0,0,
475,0.0,25.0,47,0.5099444444444444,600.0,10.0,0.3333333333333333,404.0,0,0,
476,0.025,25.0,47,0.47838888888888886,600.0,9.0,0.3,317.0,0,0,
477,0.05,25.0,47,0.461111111111111,600.0,7.0,0.2333333333333333,303.0,0,0,
478,0.1,25.0,47,0.455,600.0,8.0,0.2666666666666666,231.0,0,0,
479,0.2,25.0,47,0.40838888888888886,600.0,8.0,0.2666666666666666,173.0,0,0,
480,0.0,10.0,48,0.4326666666666666,600.0,8.0,0.2666666666666666,218.0,0,0,
481,0.025,10.0,48,0.4508333333333333,600.0,9.0,0.3,224.0,0,0,
482,0.05,10.0,48,0.44949999999999996,600.0,8.0,0.2666666666666666,255.0,0,0,
483,0.1,10.0,48,0.3709444444444444,600.0,8.0,0.2666666666666666,147.0,0,0,
484,0.2,10.0,48,0.4525,600.0,8.0,0.2666666666666666,314.0,0,0,
485,0.0,25.0,48,0.4619444444444445,600.0,10.0,0.3333333333333333,336.0,0,0,
486,0.025,25.0,48,0.45038888888888884,600.0,10.0,0.3333333333333333,162.0,0,0,
487,0.05,25.0,48,0.5019444444444445,600.0,11.0,0.3666666666666666,332.0,0,0,
488,0.1,25.0,48,0.4998333333333333,600.0,10.0,0.3333333333333333,339.0,0,0,
489,0.2,25.0,48,0.36,600.0,7.0,0.2333333333333333,101.0,0,0,
490,0.0,10.0,49,0.3795,600.0,5.0,0.1666666666666666,149.0,0,0,
491,0.025,10.0,49,0.3782222222222222,600.0,7.0,0.2333333333333333,155.0,0,0,
492,0.05,10.0,49,0.3525,600.0,6.0,0.2,127.0,0,0,
493,0.1,10.0,49,0.4417222222222222,600.0,8.0,0.2666666666666666,235.0,0,0,
494,0.2,10.0,49,0.35011111111111104,600.0,5.0,0.1666666666666666,137.0,0,0,
495,0.0,25.0,49,0.4501666666666666,600.0,8.0,0.2666666666666666,233.0,0,0,
496,0.025,25.0,49,0.33638888888888885,600.0,5.0,0.1666666666666666,124.0,0,0,
497,0.05,25.0,49,0.40088888888888885,600.0,5.0,0.1666666666666666,259.0,0,0,
498,0.1,25.0,49,0.3132222222222222,600.0,5.0,0.1666666666666666,131.0,0,0,
499,0.2,25.0,49,0.32466666666666666,600.0,4.0,0.1333333333333333,143.0,0,0,
500,0.0,10.0,50,0.36816666666666664,600.0,7.0,0.2333333333333333,184.0,0,0,
501,0.025,10.0,50,0.3648888888888889,600.0,6.0,0.2,133.0,0,0,
502,0.05,10.0,50,0.3501111111111111,600.0,7.0,0.2333333333333333,140.0,0,0,
503,0.1,10.0,50,0.3492777777777778,600.0,7.0,0.2333333333333333,162.0,0,0,
504,0.2,10.0,50,0.3738333333333333,600.0,7.0,0.2333333333333333,142.0,0,0,
505,0.0,25.0,50,0.34538888888888886,600.0,6.0,0.2,149.0,0,0,
506,0.025,25.0,50,0.3466111111111111,600.0,7.0,0.2333333333333333,142.0,0,0,
507,0.05,25.0,50,0.46366666666666667,600.0,9.0,0.3,320.0,0,0,
508,0.1,25.0,50,0.5169444444444444,600.0,12.0,0.4,496.0,0,0,
509,0.2,25.0,50,0.3531111111111111,600.0,7.0,0.2333333333333333,80.0,0,0,
510,0.0,10.0,51,0.4815,600.0,10.0,0.3333333333333333,329.0,0,0,
511,0.025,10.0,51,0.46688888888888885,600.0,10.0,0.3333333333333333,225.0,0,0,
512,0.05,10.0,51,0.46699999999999997,600.0,10.0,0.3333333333333333,209.0,0,0,
513,0.1,10.0,51,0.4655555555555555,600.0,10.0,0.3333333333333333,239.0,0,0,
514,0.2,10.0,51,0.4293333333333333,600.0,10.0,0.3333333333333333,161.0,0,0,
515,0.0,25.0,51,0.5942222222222222,600.0,15.0,0.5,,0,0,
516,0.025,25.0,51,0.5317222222222223,600.0,12.0,0.4,416.0,0,0,
517,0.05,25.0,51,0.5087777777777778,600.0,11.0,0.3666666666666666,348.0,0,0,
518,0.1,25.0,51,0.49172222222222217,600.0,10.0,0.3333333333333333,238.0,0,0,
519,0.2,25.0,51,0.4708333333333333,600.0,10.0,0.3333333333333333,279.0,0,0,
520,0.0,10.0,52,0.5184444444444445,600.0,12.0,0.4,424.0,0,0,
521,0.025,10.0,52,0.4453333333333333,600.0,10.0,0.3333333333333333,149.0,0,0,
522,0.05,10.0,52,0.48222222222222216,600.0,11.0,0.3666666666666666,269.0,0,0,
523,0.1,10.0,52,0.48883333333333334,600.0,10.0,0.3333333333333333,345.0,0,0,
524,0.2,10.0,52,0.44416666666666665,600.0,10.0,0.3333333333333333,230.0,0,0,
525,0.0,25.0,52,0.5442777777777777,600.0,14.0,0.4666666666666667,,0,0,
526,0.025,25.0,52,0.5237777777777778,600.0,13.0,0.4333333333333333,,0,0,
527,0.05,25.0,52,0.4496666666666666,600.0,10.0,0.3333333333333333,156.0,0,0,
528,0.1,25.0,52,0.4653888888888888,600.0,11.0,0.3666666666666666,237.0,0,0,
529,0.2,25.0,52,0.4522222222222222,600.0,10.0,0.3333333333333333,230.0,0,0,
530,0.0,10.0,53,0.35816666666666663,600.0,7.0,0.2333333333333333,113.0,0,0,
531,0.025,10.0,53,0.41855555555555557,600.0,9.0,0.3,255.0,0,0,
532,0.05,10.0,53,0.3947777777777777,600.0,9.0,0.3,184.0,0,0,
533,0.1,10.0,53,0.33016666666666666,600.0,6.0,0.2,138.0,0,0,
534,0.2,10.0,53,0.3329444444444445,600.0,6.0,0.2,133.0,0,0,
535,0.0,25.0,53,0.3680555555555555,600.0,6.0,0.2,178.0,0,0,
536,0.025,25.0,53,0.33849999999999997,600.0,6.0,0.2,162.0,0,0,
537,0.05,25.0,53,0.35088888888888886,600.0,6.0,0.2,190.0,0,0,
538,0.1,25.0,53,0.3351111111111111,600.0,6.0,0.2,147.0,0,0,
539,0.2,25.0,53,0.3184444444444444,600.0,6.0,0.2,87.0,0,0,
540,0.0,10.0,54,0.4295,600.0,9.0,0.3,230.0,0,0,
541,0.025,10.0,54,0.43505555555555553,600.0,11.0,0.3666666666666666,157.0,0,0,
542,0.05,10.0,54,0.44127777777777777,600.0,9.0,0.3,239.0,0,0,
543,0.1,10.0,54,0.4148333333333333,600.0,9.0,0.3,209.0,0,0,
544,0.2,10.0,54,0.4250555555555556,600.0,10.0,0.3333333333333333,138.0,0,0,
545,0.0,25.0,54,0.4573888888888889,600.0,9.0,0.3,348.0,0,0,
546,0.025,25.0,54,0.4165555555555555,600.0,10.0,0.3333333333333333,130.0,0,0,
547,0.05,25.0,54,0.37827777777777777,600.0,7.0,0.2333333333333333,199.0,0,0,
548,0.1,25.0,54,0.46399999999999997,600.0,10.0,0.3333333333333333,242.0,0,0,
549,0.2,25.0,54,0.4509444444444444,600.0,11.0,0.3666666666666666,283.0,0,0,
550,0.0,10.0,55,0.37477777777777777,600.0,8.0,0.2666666666666666,194.0,0,0,
551,0.025,10.0,55,0.4467222222222222,600.0,9.0,0.3,350.0,0,0,
552,0.05,10.0,55,0.43394444444444447,600.0,9.0,0.3,215.0,0,0,
553,0.1,10.0,55,0.372,600.0,8.0,0.2666666666666666,142.0,0,0,
554,0.2,10.0,55,0.37583333333333335,600.0,9.0,0.3,154.0,0,0,
555,0.0,25.0,55,0.4901666666666667,600.0,12.0,0.4,431.0,0,0,
556,0.025,25.0,55,0.38466666666666666,600.0,9.0,0.3,148.0,0,0,
557,0.05,25.0,55,0.4130555555555555,600.0,10.0,0.3333333333333333,165.0,0,0,
558,0.1,25.0,55,0.4102222222222222,600.0,10.0,0.3333333333333333,152.0,0,0,
559,0.2,25.0,55,0.4135,600.0,9.0,0.3,259.0,0,0,
560,0.0,10.0,56,0.40627777777777774,600.0,6.0,0.2,246.0,0,0,
561,0.025,10.0,56,0.38555555555555554,600.0,6.0,0.2,174.0,0,0,
562,0.05,10.0,56,0.3937222222222222,600.0,8.0,0.2666666666666666,141.0,0,0,
563,0.1,10.0,56,0.42488888888888887,600.0,8.0,0.2666666666666666,204.0,0,0,
564,0.2,10.0,56,0.4598888888888889,600.0,7.0,0.2333333333333333,291.0,0,0,
565,0.0,25.0,56,0.4646666666666666,600.0,10.0,0.3333333333333333,232.0,0,0,
566,0.025,25.0,56,0.5291111111111111,600.0,11.0,0.3666666666666666,417.0,0,0,
567,0.05,25.0,56,0.47372222222222216,600.0,10.0,0.3333333333333333,241.0,0,0,
568,0.1,25.0,56,0.4682222222222222,600.0,8.0,0.2666666666666666,220.0,0,0,
569,0.2,25.0,56,0.42033333333333334,600.0,9.0,0.3,161.0,0,0,
570,0.0,10.0,57,0.49866666666666665,600.0,12.0,0.4,378.0,0,0,
571,0.025,10.0,57,0.48155555555555546,600.0,11.0,0.3666666666666666,300.0,0,0,
572,0.05,10.0,57,0.4542222222222222,600.0,9.0,0.3,221.0,0,0,
573,0.1,10.0,57,0.38361111111111107,600.0,8.0,0.2666666666666666,149.0,0,0,
574,0.2,10.0,57,0.42694444444444446,600.0,10.0,0.3333333333333333,148.0,0,0,
575,0.0,25.0,57,0.4773888888888889,600.0,10.0,0.3333333333333333,240.0,0,0,
576,0.025,25.0,57,0.46122222222222214,600.0,11.0,0.3666666666666666,202.0,0,0,
577,0.05,25.0,57,0.3890555555555555,600.0,8.0,0.2666666666666666,172.0,0,0,
578,0.1,25.0,57,0.47205555555555556,600.0,12.0,0.4,205.0,0,0,
579,0.2,25.0,57,0.4450555555555555,600.0,9.0,0.3,209.0,0,0,
580,0.0,10.0,58,0.47622222222222216,600.0,11.0,0.3666666666666666,300.0,0,0,
581,0.025,10.0,58,0.4499444444444444,600.0,10.0,0.3333333333333333,272.0,0,0,
582,0.05,10.0,58,0.4287222222222222,600.0,10.0,0.3333333333333333,170.0,0,0,
583,0.1,10.0,58,0.4627222222222222,600.0,10.0,0.3333333333333333,324.0,0,0,
584,0.2,10.0,58,0.44416666666666665,600.0,9.0,0.3,245.0,0,0,
585,0.0,25.0,58,0.4598888888888889,600.0,9.0,0.3,264.0,0,0,
586,0.025,25.0,58,0.44888888888888884,600.0,10.0,0.3333333333333333,247.0,0,0,
587,0.05,25.0,58,0.45072222222222225,600.0,10.0,0.3333333333333333,261.0,0,0,
588,0.1,25.0,58,0.4569444444444444,600.0,10.0,0.3333333333333333,269.0,0,0,
589,0.2,25.0,58,0.4370555555555556,600.0,10.0,0.3333333333333333,174.0,0,0,
590,0.0,10.0,59,0.35627777777777775,600.0,6.0,0.2,116.0,0,0,
591,0.025,10.0,59,0.3548333333333333,600.0,7.0,0.2333333333333333,147.0,0,0,
592,0.05,10.0,59,0.3238888888888889,600.0,6.0,0.2,112.0,0,0,
593,0.1,10.0,59,0.34833333333333333,600.0,7.0,0.2333333333333333,182.0,0,0,
594,0.2,10.0,59,0.32994444444444443,600.0,6.0,0.2,164.0,0,0,
595,0.0,25.0,59,0.3716111111111111,600.0,7.0,0.2333333333333333,209.0,0,0,
596,0.025,25.0,59,0.3366111111111111,600.0,5.0,0.1666666666666666,195.0,0,0,
597,0.05,25.0,59,0.3811111111111111,600.0,7.0,0.2333333333333333,208.0,0,0,
598,0.1,25.0,59,0.31466666666666665,600.0,5.0,0.1666666666666666,189.0,0,0,
599,0.2,25.0,59,0.37483333333333335,600.0,6.0,0.2,249.0,0,0,
600,0.0,10.0,60,0.4692777777777778,600.0,9.0,0.3,355.0,0,0,
601,0.025,10.0,60,0.5224444444444444,600.0,12.0,0.4,573.0,0,0,
602,0.05,10.0,60,0.46705555555555556,600.0,10.0,0.3333333333333333,255.0,0,0,
603,0.1,10.0,60,0.43566666666666665,600.0,10.0,0.3333333333333333,214.0,0,0,
604,0.2,10.0,60,0.4288888888888889,600.0,9.0,0.3,189.0,0,0,
605,0.0,25.0,60,0.4628888888888888,600.0,8.0,0.2666666666666666,254.0,0,0,
606,0.025,25.0,60,0.4323333333333333,600.0,8.0,0.2666666666666666,251.0,0,0,
607,0.05,25.0,60,0.46644444444444444,600.0,12.0,0.4,145.0,0,0,
608,0.1,25.0,60,0.4300555555555555,600.0,9.0,0.3,197.0,0,0,
609,0.2,25.0,60,0.445,600.0,7.0,0.2333333333333333,103.0,0,0,
610,0.0,10.0,61,0.5171111111111111,600.0,12.0,0.4,510.0,0,0,
611,0.025,10.0,61,0.4190555555555555,600.0,10.0,0.3333333333333333,128.0,0,0,
612,0.05,10.0,61,0.4492222222222222,600.0,11.0,0.3666666666666666,174.0,0,0,
613,0.1,10.0,61,0.4425,600.0,9.0,0.3,187.0,0,0,
614,0.2,10.0,61,0.4998888888888889,600.0,11.0,0.3666666666666666,423.0,0,0,
615,0.0,25.0,61,0.435,600.0,9.0,0.3,346.0,0,0,
616,0.025,25.0,61,0.46422222222222215,600.0,8.0,0.2666666666666666,385.0,0,0,
617,0.05,25.0,61,0.4373888888888889,600.0,8.0,0.2666666666666666,264.0,0,0,
618,0.1,25.0,61,0.4797777777777778,600.0,11.0,0.3666666666666666,276.0,0,0,
619,0.2,25.0,61,0.45644444444444443,600.0,7.0,0.2333333333333333,323.0,0,0,
620,0.0,10.0,62,0.5082777777777777,600.0,11.0,0.3666666666666666,467.0,0,0,
621,0.025,10.0,62,0.4082222222222222,600.0,8.0,0.2666666666666666,203.0,0,0,
622,0.05,10.0,62,0.4177222222222222,600.0,8.0,0.2666666666666666,217.0,0,0,
623,0.1,10.0,62,0.4122222222222222,600.0,5.0,0.1666666666666666,175.0,0,0,
624,0.2,10.0,62,0.42199999999999993,600.0,8.0,0.2666666666666666,139.0,0,0,
625,0.0,25.0,62,0.3890555555555555,600.0,7.0,0.2333333333333333,186.0,0,0,
626,0.025,25.0,62,0.4328333333333333,600.0,7.0,0.2333333333333333,269.0,0,0,
627,0.05,25.0,62,0.33561111111111114,600.0,6.0,0.2,101.0,0,0,
628,0.1,25.0,62,0.44183333333333336,600.0,9.0,0.3,292.0,0,0,
629,0.2,25.0,62,0.37411111111111106,600.0,4.0,0.1333333333333333,222.0,0,0,
630,0.0,10.0,63,0.4101111111111111,600.0,9.0,0.3,181.0,0,0,
631,0.025,10.0,63,0.3967222222222222,600.0,7.0,0.2333333333333333,150.0,0,0,
632,0.05,10.0,63,0.35877777777777775,600.0,6.0,0.2,188.0,0,0,
633,0.1,10.0,63,0.426,600.0,8.0,0.2666666666666666,239.0,0,0,
634,0.2,10.0,63,0.3447222222222222,600.0,6.0,0.2,114.0,0,0,
635,0.0,25.0,63,0.4046666666666666,600.0,9.0,0.3,120.0,0,0,
636,0.025,25.0,63,0.5695,600.0,15.0,0.5,,0,0,
637,0.05,25.0,63,0.46627777777777774,600.0,8.0,0.2666666666666666,307.0,0,0,
638,0.1,25.0,63,0.39849999999999997,600.0,8.0,0.2666666666666666,147.0,0,0,
639,0.2,25.0,63,0.4328888888888888,600.0,8.0,0.2666666666666666,177.0,0,0,
640,0.0,10.0,64,0.4412222222222221,600.0,8.0,0.2666666666666666,210.0,0,0,
641,0.025,10.0,64,0.4706666666666666,600.0,6.0,0.2,309.0,0,0,
642,0.05,10.0,64,0.5057777777777778,600.0,9.0,0.3,362.0,0,0,
643,0.1,10.0,64,0.4403333333333333,600.0,7.0,0.2333333333333333,262.0,0,0,
644,0.2,10.0,64,0.5635555555555556,600.0,11.0,0.3666666666666666,558.0,0,0,
645,0.0,25.0,64,0.5541111111111111,600.0,13.0,0.4333333333333333,,0,0,
646,0.025,25.0,64,0.5404444444444444,600.0,10.0,0.3333333333333333,429.0,0,0,
647,0.05,25.0,64,0.4184444444444444,600.0,7.0,0.2333333333333333,189.0,0,0,
648,0.1,25.0,64,0.47172222222222226,600.0,10.0,0.3333333333333333,140.0,0,0,
649,0.2,25.0,64,0.5179444444444444,600.0,11.0,0.3666666666666666,296.0,0,0,
650,0.0,10.0,65,0.46627777777777774,600.0,10.0,0.3333333333333333,228.0,0,0,
651,0.025,10.0,65,0.4427222222222222,600.0,9.0,0.3,219.0,0,0,
652,0.05,10.0,65,0.47361111111111115,600.0,9.0,0.3,364.0,0,0,
653,0.1,10.0,65,0.4046666666666666,600.0,8.0,0.2666666666666666,176.0,0,0,
654,0.2,10.0,65,0.47894444444444434,600.0,11.0,0.3666666666666666,242.0,0,0,
655,0.0,25.0,65,0.5414444444444445,600.0,12.0,0.4,447.0,0,0,
656,0.025,25.0,65,0.44566666666666666,600.0,9.0,0.3,262.0,0,0,
657,0.05,25.0,65,0.4953888888888888,600.0,10.0,0.3333333333333333,291.0,0,0,
658,0.1,25.0,65,0.48861111111111116,600.0,9.0,0.3,192.0,0,0,
659,0.2,25.0,65,0.3822222222222222,600.0,9.0,0.3,98.0,0,0,
660,0.0,10.0,66,0.39299999999999996,600.0,8.0,0.2666666666666666,189.0,0,0,
661,0.025,10.0,66,0.40544444444444444,600.0,8.0,0.2666666666666666,161.0,0,0,
662,0.05,10.0,66,0.3983888888888889,600.0,8.0,0.2666666666666666,109.0,0,0,
663,0.1,10.0,66,0.4368333333333333,600.0,8.0,0.2666666666666666,245.0,0,0,
664,0.2,10.0,66,0.44944444444444437,600.0,10.0,0.3333333333333333,213.0,0,0,
665,0.0,25.0,66,0.4182777777777778,600.0,9.0,0.3,203.0,0,0,
666,0.025,25.0,66,0.41083333333333333,600.0,9.0,0.3,214.0,0,0,
667,0.05,25.0,66,0.4326666666666666,600.0,9.0,0.3,241.0,0,0,
668,0.1,25.0,66,0.39899999999999997,600.0,10.0,0.3333333333333333,107.0,0,0,
669,0.2,25.0,66,0.36449999999999994,600.0,8.0,0.2666666666666666,96.0,0,0,
670,0.0,10.0,67,0.35572222222222216,600.0,7.0,0.2333333333333333,72.0,0,0,
671,0.025,10.0,67,0.34138888888888885,600.0,6.0,0.2,155.0,0,0,
672,0.05,10.0,67,0.3497222222222222,600.0,6.0,0.2,122.0,0,0,
673,0.1,10.0,67,0.4016111111111111,600.0,7.0,0.2333333333333333,254.0,0,0,
674,0.2,10.0,67,0.3231666666666666,600.0,6.0,0.2,86.0,0,0,
675,0.0,25.0,67,0.4271111111111111,600.0,9.0,0.3,139.0,0,0,
676,0.025,25.0,67,0.4928333333333333,600.0,10.0,0.3333333333333333,438.0,0,0,
677,0.05,25.0,67,0.5385,600.0,10.0,0.3333333333333333,420.0,0,0,
678,0.1,25.0,67,0.4734999999999999,600.0,8.0,0.2666666666666666,339.0,0,0,
679,0.2,25.0,67,0.4925,600.0,8.0,0.2666666666666666,294.0,0,0,
680,0.0,10.0,68,0.4943333333333333,600.0,10.0,0.3333333333333333,276.0,0,0,
681,0.025,10.0,68,0.4229444444444444,600.0,8.0,0.2666666666666666,220.0,0,0,
682,0.05,10.0,68,0.4653888888888889,600.0,9.0,0.3,206.0,0,0,
683,0.1,10.0,68,0.4305,600.0,8.0,0.2666666666666666,219.0,0,0,
684,0.2,10.0,68,0.42066666666666663,600.0,8.0,0.2666666666666666,228.0,0,0,
685,0.0,25.0,68,0.47333333333333333,600.0,9.0,0.3,321.0,0,0,
686,0.025,25.0,68,0.5378888888888889,600.0,11.0,0.3666666666666666,417.0,0,0,
687,0.05,25.0,68,0.5523333333333333,600.0,12.0,0.4,510.0,0,0,
688,0.1,25.0,68,0.4651111111111111,600.0,10.0,0.3333333333333333,196.0,0,0,
689,0.2,25.0,68,0.4400555555555555,600.0,10.0,0.3333333333333333,281.0,0,0,
690,0.0,10.0,69,0.45399999999999996,600.0,10.0,0.3333333333333333,194.0,0,0,
691,0.025,10.0,69,0.5311666666666667,600.0,8.0,0.2666666666666666,383.0,0,0,
692,0.05,10.0,69,0.4874444444444444,600.0,10.0,0.3333333333333333,307.0,0,0,
693,0.1,10.0,69,0.4061666666666666,600.0,7.0,0.2333333333333333,190.0,0,0,
694,0.2,10.0,69,0.4290555555555556,600.0,6.0,0.2,226.0,0,0,
695,0.0,25.0,69,0.4683888888888889,600.0,10.0,0.3333333333333333,230.0,0,0,
696,0.025,25.0,69,0.5212777777777777,600.0,11.0,0.3666666666666666,529.0,0,0,
697,0.05,25.0,69,0.5049444444444445,600.0,10.0,0.3333333333333333,331.0,0,0,
698,0.1,25.0,69,0.3882777777777777,600.0,5.0,0.1666666666666666,236.0,0,0,
699,0.2,25.0,69,0.33877777777777773,600.0,5.0,0.1666666666666666,135.0,0,0,
700,0.0,10.0,70,0.3436111111111111,600.0,7.0,0.2333333333333333,85.0,0,0,
701,0.025,10.0,70,0.3662222222222222,600.0,8.0,0.2666666666666666,99.0,0,0,
702,0.05,10.0,70,0.4202222222222222,600.0,9.0,0.3,211.0,0,0,
703,0.1,10.0,70,0.4081111111111111,600.0,9.0,0.3,104.0,0,0,
704,0.2,10.0,70,0.3973333333333333,600.0,9.0,0.3,112.0,0,0,
705,0.0,25.0,70,0.3837222222222222,600.0,7.0,0.2333333333333333,174.0,0,0,
706,0.025,25.0,70,0.36977777777777776,600.0,7.0,0.2333333333333333,179.0,0,0,
707,0.05,25.0,70,0.34327777777777774,600.0,7.0,0.2333333333333333,90.0,0,0,
708,0.1,25.0,70,0.3660555555555555,600.0,8.0,0.2666666666666666,99.0,0,0,
709,0.2,25.0,70,0.37672222222222224,600.0,9.0,0.3,111.0,0,0,
710,0.0,10.0,71,0.45605555555555555,600.0,9.0,0.3,240.0,0,0,
711,0.025,10.0,71,0.4422222222222222,600.0,8.0,0.2666666666666666,229.0,0,0,
712,0.05,10.0,71,0.4368333333333333,600.0,8.0,0.2666666666666666,281.0,0,0,
713,0.1,10.0,71,0.48472222222222217,600.0,9.0,0.3,386.0,0,0,
714,0.2,10.0,71,0.44166666666666665,600.0,8.0,0.2666666666666666,284.0,0,0,
715,0.0,25.0,71,0.5215555555555556,600.0,11.0,0.3666666666666666,391.0,0,0,
716,0.025,25.0,71,0.4953888888888888,600.0,13.0,0.4333333333333333,,0,0,
717,0.05,25.0,71,0.4816666666666667,600.0,9.0,0.3,355.0,0,0,
718,0.1,25.0,71,0.4673888888888889,600.0,10.0,0.3333333333333333,190.0,0,0,
719,0.2,25.0,71,0.46638888888888885,600.0,10.0,0.3333333333333333,327.0,0,0,
720,0.0,10.0,72,0.5036111111111111,600.0,11.0,0.3666666666666666,324.0,0,0,
721,0.025,10.0,72,0.4282222222222222,600.0,8.0,0.2666666666666666,215.0,0,0,
722,0.05,10.0,72,0.4675555555555555,600.0,10.0,0.3333333333333333,188.0,0,0,
723,0.1,10.0,72,0.4537777777777778,600.0,9.0,0.3,175.0,0,0,
724,0.2,10.0,72,0.4195,600.0,9.0,0.3,216.0,0,0,
725,0.0,25.0,72,0.579,600.0,12.0,0.4,538.0,0,0,
726,0.025,25.0,72,0.4746111111111111,600.0,9.0,0.3,295.0,0,0,
727,0.05,25.0,72,0.5114444444444445,600.0,9.0,0.3,451.0,0,0,
728,0.1,25.0,72,0.5090555555555556,600.0,12.0,0.4,303.0,0,0,
729,0.2,25.0,72,0.4523888888888889,600.0,10.0,0.3333333333333333,183.0,0,0,
730,0.0,10.0,73,0.3688888888888889,600.0,7.0,0.2333333333333333,176.0,0,0,
731,0.025,10.0,73,0.4454444444444444,600.0,10.0,0.3333333333333333,236.0,0,0,
732,0.05,10.0,73,0.3978333333333333,600.0,8.0,0.2666666666666666,185.0,0,0,
733,0.1,10.0,73,0.4426111111111111,600.0,9.0,0.3,243.0,0,0,
734,0.2,10.0,73,0.44661111111111107,600.0,9.0,0.3,263.0,0,0,
735,0.0,25.0,73,0.41688888888888886,600.0,8.0,0.2666666666666666,215.0,0,0,
736,0.025,25.0,73,0.39938888888888885,600.0,8.0,0.2666666666666666,163.0,0,0,
737,0.05,25.0,73,0.3882777777777777,600.0,7.0,0.2333333333333333,165.0,0,0,
738,0.1,25.0,73,0.40277777777777773,600.0,6.0,0.2,242.0,0,0,
739,0.2,25.0,73,0.4653888888888889,600.0,7.0,0.2333333333333333,374.0,0,0,
740,0.0,10.0,74,0.4277222222222222,600.0,9.0,0.3,167.0,0,0,
741,0.025,10.0,74,0.3789444444444444,600.0,8.0,0.2666666666666666,189.0,0,0,
742,0.05,10.0,74,0.4131111111111111,600.0,9.0,0.3,136.0,0,0,
743,0.1,10.0,74,0.4425555555555555,600.0,10.0,0.3333333333333333,239.0,0,0,
744,0.2,10.0,74,0.3401111111111111,600.0,7.0,0.2333333333333333,95.0,0,0,
745,0.0,25.0,74,0.4769444444444444,600.0,11.0,0.3666666666666666,228.0,0,0,
746,0.025,25.0,74,0.44872222222222224,600.0,9.0,0.3,259.0,0,0,
747,0.05,25.0,74,0.4056111111111111,600.0,8.0,0.2666666666666666,165.0,0,0,
748,0.1,25.0,74,0.37694444444444436,600.0,8.0,0.2666666666666666,139.0,0,0,
749,0.2,25.0,74,0.4628333333333333,600.0,10.0,0.3333333333333333,283.0,0,0,
750,0.0,10.0,75,0.4647777777777778,600.0,10.0,0.3333333333333333,308.0,0,0,
751,0.025,10.0,75,0.4048888888888889,600.0,9.0,0.3,154.0,0,0,
752,0.05,10.0,75,0.4018333333333333,600.0,8.0,0.2666666666666666,186.0,0,0,
753,0.1,10.0,75,0.4474444444444444,600.0,10.0,0.3333333333333333,217.0,0,0,
754,0.2,10.0,75,0.4678888888888889,600.0,10.0,0.3333333333333333,310.0,0,0,
755,0.0,25.0,75,0.47583333333333333,600.0,11.0,0.3666666666666666,313.0,0,0,
756,0.025,25.0,75,0.42827777777777776,600.0,9.0,0.3,131.0,0,0,
757,0.05,25.0,75,0.4601666666666666,600.0,10.0,0.3333333333333333,242.0,0,0,
758,0.1,25.0,75,0.48894444444444446,600.0,10.0,0.3333333333333333,384.0,0,0,
759,0.2,25.0,75,0.4145555555555555,600.0,7.0,0.2333333333333333,219.0,0,0,
760,0.0,10.0,76,0.4509444444444444,600.0,10.0,0.3333333333333333,199.0,0,0,
761,0.025,10.0,76,0.4742777777777778,600.0,10.0,0.3333333333333333,286.0,0,0,
762,0.05,10.0,76,0.4293888888888889,600.0,9.0,0.3,257.0,0,0,
763,0.1,10.0,76,0.4452222222222222,600.0,10.0,0.3333333333333333,248.0,0,0,
764,0.2,10.0,76,0.45261111111111113,600.0,9.0,0.3,357.0,0,0,
765,0.0,25.0,76,0.4512777777777778,600.0,10.0,0.3333333333333333,230.0,0,0,
766,0.025,25.0,76,0.45599999999999996,600.0,10.0,0.3333333333333333,242.0,0,0,
767,0.05,25.0,76,0.4848333333333333,600.0,10.0,0.3333333333333333,347.0,0,0,
768,0.1,25.0,76,0.39066666666666666,600.0,9.0,0.3,118.0,0,0,
769,0.2,25.0,76,0.37094444444444447,600.0,9.0,0.3,100.0,0,0,
770,0.0,10.0,77,0.36466666666666664,600.0,6.0,0.2,161.0,0,0,
771,0.025,10.0,77,0.3011666666666666,600.0,5.0,0.1666666666666666,114.0,0,0,
772,0.05,10.0,77,0.33149999999999996,600.0,6.0,0.2,116.0,0,0,
773,0.1,10.0,77,0.3023888888888889,600.0,5.0,0.1666666666666666,107.0,0,0,
774,0.2,10.0,77,0.33344444444444443,600.0,6.0,0.2,138.0,0,0,
775,0.0,25.0,77,0.4081111111111111,600.0,5.0,0.1666666666666666,283.0,0,0,
776,0.025,25.0,77,0.39466666666666667,600.0,8.0,0.2666666666666666,179.0,0,0,
777,0.05,25.0,77,0.37177777777777776,600.0,6.0,0.2,170.0,0,0,
778,0.1,25.0,77,0.322,600.0,5.0,0.1666666666666666,97.0,0,0,
779,0.2,25.0,77,0.33288888888888885,600.0,5.0,0.1666666666666666,147.0,0,0,
780,0.0,10.0,78,0.3922777777777777,600.0,7.0,0.2333333333333333,143.0,0,0,
781,0.025,10.0,78,0.4816666666666667,600.0,9.0,0.3,304.0,0,0,
782,0.05,10.0,78,0.4041111111111111,600.0,6.0,0.2,173.0,0,0,
783,0.1,10.0,78,0.45588888888888884,600.0,8.0,0.2666666666666666,272.0,0,0,
784,0.2,10.0,78,0.49455555555555547,600.0,8.0,0.2666666666666666,333.0,0,0,
785,0.0,25.0,78,0.46338888888888885,600.0,9.0,0.3,253.0,0,0,
786,0.025,25.0,78,0.5405555555555556,600.0,12.0,0.4,406.0,0,0,
787,0.05,25.0,78,0.5647777777777778,600.0,12.0,0.4,535.0,0,0,
788,0.1,25.0,78,0.6261111111111112,600.0,13.0,0.4333333333333333,,0,0,
789,0.2,25.0,78,0.39411111111111113,600.0,7.0,0.2333333333333333,259.0,0,0,
790,0.0,10.0,79,0.3714444444444444,600.0,5.0,0.1666666666666666,210.0,0,0,
791,0.025,10.0,79,0.4200555555555555,600.0,9.0,0.3,196.0,0,0,
792,0.05,10.0,79,0.39866666666666667,600.0,6.0,0.2,183.0,0,0,
793,0.1,10.0,79,0.37616666666666665,600.0,7.0,0.2333333333333333,202.0,0,0,
794,0.2,10.0,79,0.4240555555555556,600.0,6.0,0.2,234.0,0,0,
795,0.0,25.0,79,0.4628333333333333,600.0,12.0,0.4,283.0,0,0,
796,0.025,25.0,79,0.4527222222222222,600.0,7.0,0.2333333333333333,446.0,0,0,
797,0.05,25.0,79,0.5534444444444444,600.0,15.0,0.5,,0,0,
798,0.1,25.0,79,0.6117777777777778,600.0,16.0,0.5333333333333333,,0,0,
799,0.2,25.0,79,0.3372222222222222,600.0,5.0,0.1666666666666666,156.0,0,0,
800,0.0,10.0,80,0.4448333333333333,600.0,6.0,0.2,266.0,0,0,
801,0.025,10.0,80,0.4908888888888888,600.0,9.0,0.3,311.0,0,0,
802,0.05,10.0,80,0.3695,600.0,5.0,0.1666666666666666,185.0,0,0,
803,0.1,10.0,80,0.4221666666666667,600.0,6.0,0.2,231.0,0,0,
804,0.2,10.0,80,0.46672222222222215,600.0,8.0,0.2666666666666666,300.0,0,0,
805,0.0,25.0,80,0.5123333333333333,600.0,9.0,0.3,408.0,0,0,
806,0.025,25.0,80,0.39644444444444443,600.0,8.0,0.2666666666666666,146.0,0,0,
807,0.05,25.0,80,0.4471666666666667,600.0,7.0,0.2333333333333333,324.0,0,0,
808,0.1,25.0,80,0.3852222222222222,600.0,8.0,0.2666666666666666,139.0,0,0,
809,0.2,25.0,80,0.4619444444444444,600.0,8.0,0.2666666666666666,352.0,0,0,
810,0.0,10.0,81,0.4575,600.0,9.0,0.3,208.0,0,0,
811,0.025,10.0,81,0.4682222222222222,600.0,9.0,0.3,248.0,0,0,
812,0.05,10.0,81,0.4368888888888889,600.0,7.0,0.2333333333333333,305.0,0,0,
813,0.1,10.0,81,0.4407777777777777,600.0,7.0,0.2333333333333333,230.0,0,0,
814,0.2,10.0,81,0.3967222222222222,600.0,6.0,0.2,221.0,0,0,
815,0.0,25.0,81,0.5906111111111111,600.0,15.0,0.5,,0,0,
816,0.025,25.0,81,0.4899444444444444,600.0,10.0,0.3333333333333333,269.0,0,0,
817,0.05,25.0,81,0.46561111111111114,600.0,10.0,0.3333333333333333,271.0,0,0,
818,0.1,25.0,81,0.4626666666666666,600.0,9.0,0.3,305.0,0,0,
819,0.2,25.0,81,0.40694444444444444,600.0,6.0,0.2,243.0,0,0,
820,0.0,10.0,82,0.44911111111111107,600.0,10.0,0.3333333333333333,215.0,0,0,
821,0.025,10.0,82,0.4956111111111111,600.0,10.0,0.3333333333333333,400.0,0,0,
822,0.05,10.0,82,0.4527222222222222,600.0,10.0,0.3333333333333333,204.0,0,0,
823,0.1,10.0,82,0.4771111111111111,600.0,10.0,0.3333333333333333,211.0,0,0,
824,0.2,10.0,82,0.4727222222222222,600.0,10.0,0.3333333333333333,329.0,0,0,
825,0.0,25.0,82,0.47361111111111104,600.0,10.0,0.3333333333333333,236.0,0,0,
826,0.025,25.0,82,0.4479444444444444,600.0,10.0,0.3333333333333333,127.0,0,0,
827,0.05,25.0,82,0.44155555555555553,600.0,10.0,0.3333333333333333,204.0,0,0,
828,0.1,25.0,82,0.4528333333333333,600.0,11.0,0.3666666666666666,158.0,0,0,
829,0.2,25.0,82,0.4683333333333333,600.0,10.0,0.3333333333333333,257.0,0,0,
830,0.0,10.0,83,0.48394444444444434,600.0,11.0,0.3666666666666666,251.0,0,0,
831,0.025,10.0,83,0.4706666666666666,600.0,11.0,0.3666666666666666,179.0,0,0,
832,0.05,10.0,83,0.5012222222222222,600.0,11.0,0.3666666666666666,365.0,0,0,
833,0.1,10.0,83,0.4955,600.0,11.0,0.3666666666666666,236.0,0,0,
834,0.2,10.0,83,0.5166666666666667,600.0,12.0,0.4,517.0,0,0,
835,0.0,25.0,83,0.6358888888888888,600.0,17.0,0.5666666666666667,,0,0,
836,0.025,25.0,83,0.4347777777777777,600.0,10.0,0.3333333333333333,118.0,0,0,
837,0.05,25.0,83,0.4279444444444444,600.0,10.0,0.3333333333333333,105.0,0,0,
838,0.1,25.0,83,0.4571111111111111,600.0,9.0,0.3,315.0,0,0,
839,0.2,25.0,83,0.5022777777777778,600.0,12.0,0.4,281.0,0,0,
840,0.0,10.0,84,0.3119444444444444,600.0,3.0,0.1,189.0,0,0,
841,0.025,10.0,84,0.3274444444444444,600.0,4.0,0.1333333333333333,171.0,0,0,
842,0.05,10.0,84,0.29877777777777775,600.0,5.0,0.1666666666666666,102.0,0,0,
843,0.1,10.0,84,0.31305555555555553,600.0,3.0,0.1,152.0,0,0,
844,0.2,10.0,84,0.22444444444444442,600.0,2.0,0.0666666666666666,91.0,0,0,
845,0.0,25.0,84,0.3053333333333333,600.0,4.0,0.1333333333333333,152.0,0,0,
846,0.025,25.0,84,0.29922222222222217,600.0,2.0,0.0666666666666666,86.0,0,0,
847,0.05,25.0,84,0.38638888888888884,600.0,7.0,0.2333333333333333,188.0,0,0,
848,0.1,25.0,84,0.3753888888888889,600.0,1.0,0.0333333333333333,185.0,0,0,
849,0.2,25.0,84,0.31838888888888883,600.0,2.0,0.0666666666666666,100.0,0,0,
850,0.0,10.0,85,0.4096111111111111,600.0,8.0,0.2666666666666666,231.0,0,0,
851,0.025,10.0,85,0.34444444444444444,600.0,6.0,0.2,189.0,0,0,
852,0.05,10.0,85,0.3877777777777778,600.0,6.0,0.2,193.0,0,0,
853,0.1,10.0,85,0.43,600.0,9.0,0.3,240.0,0,0,
854,0.2,10.0,85,0.30266666666666664,600.0,6.0,0.2,109.0,0,0,
855,0.0,25.0,85,0.44144444444444436,600.0,11.0,0.3666666666666666,264.0,0,0,
856,0.025,25.0,85,0.6325555555555555,600.0,18.0,0.6,,0,0,
857,0.05,25.0,85,0.6094444444444443,600.0,16.0,0.5333333333333333,,0,0,
858,0.1,25.0,85,0.40827777777777774,600.0,8.0,0.2666666666666666,139.0,0,0,
859,0.2,25.0,85,0.35377777777777775,600.0,8.0,0.2666666666666666,104.0,0,0,
860,0.0,10.0,86,0.39194444444444443,600.0,7.0,0.2333333333333333,166.0,0,0,
861,0.025,10.0,86,0.36283333333333334,600.0,7.0,0.2333333333333333,120.0,0,0,
862,0.05,10.0,86,0.40788888888888886,600.0,7.0,0.2333333333333333,202.0,0,0,
863,0.1,10.0,86,0.3501666666666667,600.0,6.0,0.2,143.0,0,0,
864,0.2,10.0,86,0.3338333333333333,600.0,5.0,0.1666666666666666,155.0,0,0,
865,0.0,25.0,86,0.5321111111111111,600.0,12.0,0.4,310.0,0,0,
866,0.025,25.0,86,0.5583888888888888,600.0,12.0,0.4,374.0,0,0,
867,0.05,25.0,86,0.41088888888888886,600.0,7.0,0.2333333333333333,222.0,0,0,
868,0.1,25.0,86,0.4131111111111111,600.0,7.0,0.2333333333333333,212.0,0,0,
869,0.2,25.0,86,0.4290555555555556,600.0,8.0,0.2666666666666666,172.0,0,0,
870,0.0,10.0,87,0.42066666666666663,600.0,9.0,0.3,177.0,0,0,
871,0.025,10.0,87,0.48866666666666664,600.0,10.0,0.3333333333333333,291.0,0,0,
872,0.05,10.0,87,0.4012222222222222,600.0,8.0,0.2666666666666666,201.0,0,0,
873,0.1,10.0,87,0.4370555555555555,600.0,10.0,0.3333333333333333,199.0,0,0,
874,0.2,10.0,87,0.40088888888888885,600.0,7.0,0.2333333333333333,222.0,0,0,
875,0.0,25.0,87,0.5025,600.0,10.0,0.3333333333333333,332.0,0,0,
876,0.025,25.0,87,0.4598333333333333,600.0,11.0,0.3666666666666666,183.0,0,0,
877,0.05,25.0,87,0.41355555555555557,600.0,6.0,0.2,323.0,0,0,
878,0.1,25.0,87,0.37705555555555553,600.0,7.0,0.2333333333333333,206.0,0,0,
879,0.2,25.0,87,0.3976111111111111,600.0,8.0,0.2666666666666666,156.0,0,0,
880,0.0,10.0,88,0.472,600.0,11.0,0.3666666666666666,295.0,0,0,
881,0.025,10.0,88,0.3911111111111111,600.0,8.0,0.2666666666666666,173.0,0,0,
882,0.05,10.0,88,0.4632222222222222,600.0,9.0,0.3,320.0,0,0,
883,0.1,10.0,88,0.5142777777777777,600.0,10.0,0.3333333333333333,333.0,0,0,
884,0.2,10.0,88,0.4883888888888888,600.0,10.0,0.3333333333333333,365.0,0,0,
885,0.0,25.0,88,0.48677777777777775,600.0,12.0,0.4,544.0,0,0,
886,0.025,25.0,88,0.5119444444444444,600.0,11.0,0.3666666666666666,402.0,0,0,
887,0.05,25.0,88,0.3828333333333333,600.0,8.0,0.2666666666666666,102.0,0,0,
888,0.1,25.0,88,0.4293333333333333,600.0,8.0,0.2666666666666666,169.0,0,0,
889,0.2,25.0,88,0.5698333333333333,600.0,11.0,0.3666666666666666,578.0,0,0,
890,0.0,10.0,89,0.38855555555555554,600.0,6.0,0.2,173.0,0,0,
891,0.025,10.0,89,0.46627777777777774,600.0,9.0,0.3,238.0,0,0,
892,0.05,10.0,89,0.4075,600.0,8.0,0.2666666666666666,198.0,0,0,
893,0.1,10.0,89,0.4367222222222222,600.0,8.0,0.2666666666666666,263.0,0,0,
894,0.2,10.0,89,0.3462777777777778,600.0,6.0,0.2,173.0,0,0,
895,0.0,25.0,89,0.4213333333333333,600.0,7.0,0.2333333333333333,251.0,0,0,
896,0.025,25.0,89,0.43572222222222223,600.0,7.0,0.2333333333333333,290.0,0,0,
897,0.05,25.0,89,0.47905555555555557,600.0,8.0,0.2666666666666666,313.0,0,0,
898,0.1,25.0,89,0.4857222222222222,600.0,6.0,0.2,309.0,0,0,
899,0.2,25.0,89,0.4248333333333333,600.0,7.0,0.2333333333333333,278.0,0,0,
900,0.0,10.0,90,0.46138888888888885,600.0,10.0,0.3333333333333333,231.0,0,0,
901,0.025,10.0,90,0.4671111111111111,600.0,11.0,0.3666666666666666,306.0,0,0,
902,0.05,10.0,90,0.43772222222222223,600.0,10.0,0.3333333333333333,226.0,0,0,
903,0.1,10.0,90,0.4351666666666666,600.0,10.0,0.3333333333333333,251.0,0,0,
904,0.2,10.0,90,0.4504444444444444,600.0,10.0,0.3333333333333333,266.0,0,0,
905,0.0,25.0,90,0.46338888888888885,600.0,10.0,0.3333333333333333,268.0,0,0,
906,0.025,25.0,90,0.45683333333333326,600.0,10.0,0.3333333333333333,218.0,0,0,
907,0.05,25.0,90,0.42849999999999994,600.0,10.0,0.3333333333333333,183.0,0,0,
908,0.1,25.0,90,0.4263888888888889,600.0,10.0,0.3333333333333333,114.0,0,0,
909,0.2,25.0,90,0.42183333333333334,600.0,10.0,0.3333333333333333,127.0,0,0,
910,0.0,10.0,91,0.49066666666666664,600.0,9.0,0.3,391.0,0,0,
911,0.025,10.0,91,0.4496111111111111,600.0,9.0,0.3,251.0,0,0,
912,0.05,10.0,91,0.4756666666666666,600.0,9.0,0.3,283.0,0,0,
913,0.1,10.0,91,0.4553333333333333,600.0,9.0,0.3,246.0,0,0,
914,0.2,10.0,91,0.4895,600.0,8.0,0.2666666666666666,290.0,0,0,
915,0.0,25.0,91,0.4453333333333333,600.0,9.0,0.3,222.0,0,0,
916,0.025,25.0,91,0.5911666666666666,600.0,14.0,0.4666666666666667,,0,0,
917,0.05,25.0,91,0.5425,600.0,9.0,0.3,320.0,0,0,
918,0.1,25.0,91,0.5581666666666666,600.0,12.0,0.4,343.0,0,0,
919,0.2,25.0,91,0.5604999999999999,600.0,11.0,0.3666666666666666,470.0,0,0,
920,0.0,10.0,92,0.4055555555555555,600.0,7.0,0.2333333333333333,209.0,0,0,
921,0.025,10.0,92,0.33744444444444444,600.0,6.0,0.2,116.0,0,0,
922,0.05,10.0,92,0.41733333333333333,600.0,7.0,0.2333333333333333,216.0,0,0,
923,0.1,10.0,92,0.3987222222222222,600.0,6.0,0.2,246.0,0,0,
924,0.2,10.0,92,0.4175555555555555,600.0,8.0,0.2666666666666666,288.0,0,0,
925,0.0,25.0,92,0.5054444444444445,600.0,9.0,0.3,405.0,0,0,
926,0.025,25.0,92,0.4746666666666667,600.0,11.0,0.3666666666666666,266.0,0,0,
927,0.05,25.0,92,0.44622222222222224,600.0,9.0,0.3,252.0,0,0,
928,0.1,25.0,92,0.38605555555555554,600.0,8.0,0.2666666666666666,101.0,0,0,
929,0.2,25.0,92,0.36261111111111105,600.0,5.0,0.1666666666666666,183.0,0,0,
930,0.0,10.0,93,0.4296666666666667,600.0,8.0,0.2666666666666666,198.0,0,0,
931,0.025,10.0,93,0.40972222222222227,600.0,9.0,0.3,124.0,0,0,
932,0.05,10.0,93,0.46544444444444444,600.0,10.0,0.3333333333333333,273.0,0,0,
933,0.1,10.0,93,0.46655555555555556,600.0,10.0,0.3333333333333333,270.0,0,0,
934,0.2,10.0,93,0.4379444444444444,600.0,9.0,0.3,231.0,0,0,
935,0.0,25.0,93,0.4721111111111111,600.0,10.0,0.3333333333333333,239.0,0,0,
936,0.025,25.0,93,0.4699444444444444,600.0,10.0,0.3333333333333333,272.0,0,0,
937,0.05,25.0,93,0.5280555555555555,600.0,10.0,0.3333333333333333,363.0,0,0,
938,0.1,25.0,93,0.479,600.0,9.0,0.3,360.0,0,0,
939,0.2,25.0,93,0.485,600.0,10.0,0.3333333333333333,382.0,0,0,
940,0.0,10.0,94,0.4898333333333333,600.0,9.0,0.3,353.0,0,0,
941,0.025,10.0,94,0.4403333333333333,600.0,8.0,0.2666666666666666,161.0,0,0,
942,0.05,10.0,94,0.4453333333333333,600.0,8.0,0.2666666666666666,245.0,0,0,
943,0.1,10.0,94,0.4592222222222222,600.0,9.0,0.3,207.0,0,0,
944,0.2,10.0,94,0.35538888888888887,600.0,7.0,0.2333333333333333,144.0,0,0,
945,0.0,25.0,94,0.37705555555555553,600.0,6.0,0.2,168.0,0,0,
946,0.025,25.0,94,0.5070555555555555,600.0,10.0,0.3333333333333333,455.0,0,0,
947,0.05,25.0,94,0.4571111111111111,600.0,7.0,0.2333333333333333,301.0,0,0,
948,0.1,25.0,94,0.5086666666666666,600.0,10.0,0.3333333333333333,300.0,0,0,
949,0.2,25.0,94,0.45649999999999996,600.0,9.0,0.3,287.0,0,0,
950,0.0,10.0,95,0.46877777777777774,600.0,11.0,0.3666666666666666,266.0,0,0,
951,0.025,10.0,95,0.4332777777777777,600.0,9.0,0.3,221.0,0,0,
952,0.05,10.0,95,0.460611111111111,600.0,10.0,0.3333333333333333,207.0,0,0,
953,0.1,10.0,95,0.3940555555555555,600.0,8.0,0.2666666666666666,178.0,0,0,
954,0.2,10.0,95,0.3602222222222222,600.0,8.0,0.2666666666666666,83.0,0,0,
955,0.0,25.0,95,0.5355,600.0,14.0,0.4666666666666667,,0,0,
956,0.025,25.0,95,0.46116666666666667,600.0,11.0,0.3666666666666666,214.0,0,0,
957,0.05,25.0,95,0.4498333333333333,600.0,10.0,0.3333333333333333,241.0,0,0,
958,0.1,25.0,95,0.44822222222222224,600.0,10.0,0.3333333333333333,145.0,0,0,
959,0.2,25.0,95,0.39794444444444443,600.0,7.0,0.2333333333333333,131.0,0,0,
960,0.0,10.0,96,0.4130555555555555,600.0,5.0,0.1666666666666666,306.0,0,0,
961,0.025,10.0,96,0.3824444444444444,600.0,8.0,0.2666666666666666,125.0,0,0,
962,0.05,10.0,96,0.37716666666666665,600.0,6.0,0.2,180.0,0,0,
963,0.1,10.0,96,0.39344444444444443,600.0,6.0,0.2,217.0,0,0,
964,0.2,10.0,96,0.4148333333333333,600.0,5.0,0.1666666666666666,278.0,0,0,
965,0.0,25.0,96,0.47955555555555557,600.0,8.0,0.2666666666666666,479.0,0,0,
966,0.025,25.0,96,0.31955555555555554,600.0,6.0,0.2,100.0,0,0,
967,0.05,25.0,96,0.4140555555555555,600.0,5.0,0.1666666666666666,264.0,0,0,
968,0.1,25.0,96,0.38222222222222224,600.0,6.0,0.2,247.0,0,0,
969,0.2,25.0,96,0.45349999999999996,600.0,10.0,0.3333333333333333,247.0,0,0,
970,0.0,10.0,97,0.3133888888888889,600.0,6.0,0.2,112.0,0,0,
971,0.025,10.0,97,0.3373333333333333,600.0,7.0,0.2333333333333333,157.0,0,0,
972,0.05,10.0,97,0.3732222222222222,600.0,7.0,0.2333333333333333,119.0,0,0,
973,0.1,10.0,97,0.3868888888888889,600.0,9.0,0.3,155.0,0,0,
974,0.2,10.0,97,0.40377777777777774,600.0,8.0,0.2666666666666666,316.0,0,0,
975,0.0,25.0,97,0.41333333333333333,600.0,7.0,0.2333333333333333,231.0,0,0,
976,0.025,25.0,97,0.4511111111111111,600.0,9.0,0.3,384.0,0,0,
977,0.05,25.0,97,0.41788888888888887,600.0,8.0,0.2666666666666666,183.0,0,0,
978,0.1,25.0,97,0.4353888888888888,600.0,8.0,0.2666666666666666,364.0,0,0,
979,0.2,25.0,97,0.4015555555555555,600.0,8.0,0.2666666666666666,267.0,0,0,
980,0.0,10.0,98,0.24649999999999997,600.0,1.0,0.0333333333333333,100.0,0,0,
981,0.025,10.0,98,0.25455555555555553,600.0,2.0,0.0666666666666666,82.0,0,0,
982,0.05,10.0,98,0.30994444444444447,600.0,4.0,0.1333333333333333,143.0,0,0,
983,0.1,10.0,98,0.20483333333333328,600.0,1.0,0.0333333333333333,75.0,0,0,
984,0.2,10.0,98,0.2636111111111111,600.0,3.0,0.1,119.0,0,0,
985,0.0,25.0,98,0.40455555555555556,600.0,7.0,0.2333333333333333,236.0,0,0,
986,0.025,25.0,98,0.477,600.0,11.0,0.3666666666666666,280.0,0,0,
987,0.05,25.0,98,0.43816666666666665,600.0,4.0,0.1333333333333333,313.0,0,0,
988,0.1,25.0,98,0.3172222222222222,600.0,4.0,0.1333333333333333,136.0,0,0,
989,0.2,25.0,98,0.3068888888888889,600.0,6.0,0.2,82.0,0,0,
990,0.0,10.0,99,0.3764444444444444,600.0,5.0,0.1666666666666666,164.0,0,0,
991,0.025,10.0,99,0.4041111111111111,600.0,7.0,0.2333333333333333,247.0,0,0,
992,0.05,10.0,99,0.3935,600.0,5.0,0.1666666666666666,126.0,0,0,
993,0.1,10.0,99,0.46188888888888885,600.0,7.0,0.2333333333333333,244.0,0,0,
994,0.2,10.0,99,0.4868333333333333,600.0,8.0,0.2666666666666666,282.0,0,0,
995,0.0,25.0,99,0.44361111111111107,600.0,6.0,0.2,223.0,0,0,
996,0.025,25.0,99,0.46955555555555556,600.0,10.0,0.3333333333333333,262.0,0,0,
997,0.05,25.0,99,0.358,600.0,6.0,0.2,142.0,0,0,
998,0.1,25.0,99,0.17822222222222217,600.0,1.0,0.0333333333333333,97.0,0,0,
999,0.2,25.0,99,0.22577777777777774,600.0,2.0,0.0666666666666666,102.0,0,0,
