RunId,priority_range_width,seed,J_delta,final_time_s,final_residual_deficit,final_normalized_deficit,time_to_90_percent_nominal_service_s,event_episodes,event_episodes_reaching_90_percent_nominal_service,mean_time_to_90_percent_nominal_service_after_event_s
0,0,0,0.2733333333333333,600.0,1.0,0.05,300.0,0,0,
1,0,1,0.335,600.0,2.0,0.1,571.0,0,0,
2,0,2,0.24808333333333332,600.0,2.0,0.1,254.0,0,0,
3,0,3,0.39616666666666667,600.0,3.0,0.15,,0,0,
4,0,4,0.33516666666666667,600.0,1.0,0.05,495.0,0,0,
5,0,5,0.30483333333333335,600.0,2.0,0.1,365.0,0,0,
6,0,6,0.20841666666666667,600.0,1.0,0.05,200.0,0,0,
7,0,7,0.27516666666666667,600.0,2.0,0.1,289.0,0,0,
8,0,8,0.19483333333333333,600.0,0.0,0.0,268.0,0,0,
9,0,9,0.23741666666666664,600.0,0.0,0.0,345.0,0,0,
10,0,10,0.3765833333333333,600.0,5.0,0.25,,0,0,
11,0,11,0.2786666666666667,600.0,2.0,0.1,411.0,0,0,
12,0,12,0.212,600.0,0.0,0.0,246.0,0,0,
13,0,13,0.2543333333333333,600.0,1.0,0.05,290.0,0,0,
14,0,14,0.19391666666666665,600.0,1.0,0.05,201.0,0,0,
15,0,15,0.26666666666666666,600.0,2.0,0.1,339.0,0,0,
16,0,16,0.33233333333333337,600.0,3.0,0.15,,0,0,
17,0,17,0.30241666666666667,600.0,2.0,0.1,539.0,0,0,
18,0,18,0.31525000000000003,600.0,2.0,0.1,465.0,0,0,
19,0,19,0.2818333333333333,600.0,3.0,0.15,,0,0,
20,0,20,0.2966666666666667,600.0,1.0,0.05,493.0,0,0,
21,0,21,0.21958333333333332,600.0,1.0,0.05,230.0,0,0,
22,0,22,0.22933333333333333,600.0,1.0,0.05,233.0,0,0,
23,0,23,0.35325,600.0,3.0,0.15,,0,0,
24,0,24,0.301,600.0,2.0,0.1,551.0,0,0,
25,0,25,0.2831666666666667,600.0,0.0,0.0,319.0,0,0,
26,0,26,0.2019166666666667,600.0,1.0,0.05,191.0,0,0,
27,0,27,0.2634166666666667,600.0,1.0,0.05,354.0,0,0,
28,0,28,0.32116666666666666,600.0,3.0,0.15,,0,0,
29,0,29,0.3486666666666666,600.0,3.0,0.15,,0,0,
30,0,30,0.24883333333333335,600.0,0.0,0.0,459.0,0,0,
31,0,31,0.31566666666666665,600.0,4.0,0.2,,0,0,
32,0,32,0.24783333333333332,600.0,1.0,0.05,315.0,0,0,
33,0,33,0.285,600.0,1.0,0.05,404.0,0,0,
34,0,34,0.22324999999999998,600.0,2.0,0.1,228.0,0,0,
35,0,35,0.2843333333333333,600.0,1.0,0.05,360.0,0,0,
36,0,36,0.23483333333333334,600.0,1.0,0.05,284.0,0,0,
37,0,37,0.35683333333333334,600.0,4.0,0.2,,0,0,
38,0,38,0.25991666666666663,600.0,1.0,0.05,380.0,0,0,
39,0,39,0.22633333333333336,600.0,0.0,0.0,187.0,0,0,
40,0,40,0.3053333333333333,600.0,3.0,0.15,,0,0,
41,0,41,0.22958333333333333,600.0,1.0,0.05,293.0,0,0,
42,0,42,0.3235,600.0,0.0,0.0,550.0,0,0,
43,0,43,0.22866666666666666,600.0,2.0,0.1,308.0,0,0,
44,0,44,0.22574999999999998,600.0,1.0,0.05,329.0,0,0,
45,0,45,0.29475,600.0,1.0,0.05,443.0,0,0,
46,0,46,0.25658333333333333,600.0,1.0,0.05,280.0,0,0,
47,0,47,0.27808333333333335,600.0,3.0,0.15,,0,0,
48,0,48,0.19558333333333333,600.0,0.0,0.0,236.0,0,0,
49,0,49,0.2875,600.0,0.0,0.0,289.0,0,0,
50,0,50,0.2539166666666667,600.0,1.0,0.05,355.0,0,0,
51,0,51,0.22300000000000003,600.0,0.0,0.0,291.0,0,0,
52,0,52,0.28925,600.0,1.0,0.05,348.0,0,0,
53,0,53,0.26658333333333334,600.0,2.0,0.1,387.0,0,0,
54,0,54,0.2315833333333333,600.0,1.0,0.05,219.0,0,0,
55,0,55,0.27199999999999996,600.0,1.0,0.05,329.0,0,0,
56,0,56,0.2385,600.0,0.0,0.0,485.0,0,0,
57,0,57,0.20733333333333334,600.0,1.0,0.05,196.0,0,0,
58,0,58,0.2511666666666667,600.0,1.0,0.05,213.0,0,0,
59,0,59,0.2353333333333333,600.0,1.0,0.05,266.0,0,0,
60,0,60,0.25225,600.0,2.0,0.1,414.0,0,0,
61,0,61,0.30633333333333335,600.0,2.0,0.1,496.0,0,0,
62,0,62,0.24975,600.0,1.0,0.05,284.0,0,0,
63,0,63,0.36425,600.0,4.0,0.2,,0,0,
64,0,64,0.24558333333333332,600.0,2.0,0.1,403.0,0,0,
65,0,65,0.2903333333333334,600.0,1.0,0.05,296.0,0,0,
66,0,66,0.30141666666666667,600.0,2.0,0.1,404.0,0,0,
67,0,67,0.3015,600.0,2.0,0.1,478.0,0,0,
68,0,68,0.21741666666666665,600.0,0.0,0.0,284.0,0,0,
69,0,69,0.26983333333333337,600.0,1.0,0.05,458.0,0,0,
70,0,70,0.26625,600.0,1.0,0.05,327.0,0,0,
71,0,71,0.21908333333333332,600.0,1.0,0.05,335.0,0,0,
72,0,72,0.26391666666666663,600.0,2.0,0.1,582.0,0,0,
73,0,73,0.278,600.0,2.0,0.1,254.0,0,0,
74,0,74,0.20975,600.0,0.0,0.0,292.0,0,0,
75,0,75,0.31866666666666665,600.0,2.0,0.1,504.0,0,0,
76,0,76,0.23224999999999998,600.0,0.0,0.0,342.0,0,0,
77,0,77,0.3365,600.0,2.0,0.1,537.0,0,0,
78,0,78,0.32549999999999996,600.0,3.0,0.15,,0,0,
79,0,79,0.31825000000000003,600.0,3.0,0.15,,0,0,
80,0,80,0.27133333333333337,600.0,2.0,0.1,286.0,0,0,
81,0,81,0.25808333333333333,600.0,2.0,0.1,446.0,0,0,
82,0,82,0.279,600.0,2.0,0.1,550.0,0,0,
83,0,83,0.29191666666666666,600.0,3.0,0.15,,0,0,
84,0,84,0.32708333333333334,600.0,1.0,0.05,502.0,0,0,
85,0,85,0.32891666666666663,600.0,3.0,0.15,,0,0,
86,0,86,0.21891666666666665,600.0,1.0,0.05,268.0,0,0,
87,0,87,0.27958333333333335,600.0,2.0,0.1,302.0,0,0,
88,0,88,0.3235,600.0,4.0,0.2,,0,0,
89,0,89,0.25233333333333335,600.0,2.0,0.1,582.0,0,0,
90,0,90,0.20158333333333334,600.0,1.0,0.05,214.0,0,0,
91,0,91,0.3186666666666667,600.0,3.0,0.15,,0,0,
92,0,92,0.3219166666666667,600.0,3.0,0.15,,0,0,
93,0,93,0.254,600.0,3.0,0.15,,0,0,
94,0,94,0.297,600.0,2.0,0.1,524.0,0,0,
95,0,95,0.31725,600.0,2.0,0.1,541.0,0,0,
96,0,96,0.2995,600.0,2.0,0.1,288.0,0,0,
97,0,97,0.33758333333333335,600.0,2.0,0.1,509.0,0,0,
98,0,98,0.285,600.0,2.0,0.1,406.0,0,0,
99,0,99,0.21225,600.0,1.0,0.05,366.0,0,0,
100,2,0,0.150625,600.0,0.0,0.0,216.0,0,0,
101,2,1,0.25277777777777777,600.0,1.0,0.0476190476190476,279.0,0,0,
102,2,2,0.2595614035087719,600.0,1.0,0.0526315789473684,465.0,0,0,
103,2,3,0.38140350877192974,600.0,2.0,0.1052631578947368,,0,0,
104,2,4,0.28388888888888886,600.0,4.0,0.1666666666666666,107.0,0,0,
105,2,5,0.27133333333333337,600.0,0.0,0.0,332.0,0,0,
106,2,6,0.23285714285714282,600.0,1.0,0.0476190476190476,266.0,0,0,
107,2,7,0.3175694444444444,600.0,4.0,0.1666666666666666,214.0,0,0,
108,2,8,0.1961111111111111,600.0,0.0,0.0,218.0,0,0,
109,2,9,0.2769166666666667,600.0,1.0,0.05,356.0,0,0,
110,2,10,0.24391666666666667,600.0,2.0,0.1,309.0,0,0,
111,2,11,0.3529545454545454,600.0,3.0,0.1363636363636363,462.0,0,0,
112,2,12,0.23999999999999996,600.0,1.0,0.0526315789473684,522.0,0,0,
113,2,13,0.3297101449275362,600.0,4.0,0.1739130434782608,415.0,0,0,
114,2,14,0.32233333333333336,600.0,2.0,0.1,554.0,0,0,
115,2,15,0.29191666666666666,600.0,0.0,0.0,429.0,0,0,
116,2,16,0.2518253968253968,600.0,2.0,0.0952380952380952,230.0,0,0,
117,2,17,0.21675438596491223,600.0,0.0,0.0,272.0,0,0,
118,2,18,0.2909166666666667,600.0,0.0,0.0,370.0,0,0,
119,2,19,0.2396825396825396,600.0,1.0,0.0476190476190476,142.0,0,0,
120,2,20,0.2623148148148148,600.0,1.0,0.0555555555555555,302.0,0,0,
121,2,21,0.32174603174603167,600.0,3.0,0.1428571428571428,443.0,0,0,
122,2,22,0.26425925925925925,600.0,0.0,0.0,460.0,0,0,
123,2,23,0.1735185185185185,600.0,0.0,0.0,267.0,0,0,
124,2,24,0.27388888888888885,600.0,2.0,0.0952380952380952,309.0,0,0,
125,2,25,0.2261111111111111,600.0,0.0,0.0,374.0,0,0,
126,2,26,0.2507407407407407,600.0,1.0,0.0555555555555555,345.0,0,0,
127,2,27,0.3080555555555555,600.0,2.0,0.1111111111111111,,0,0,
128,2,28,0.425,600.0,7.0,0.3043478260869565,,0,0,
129,2,29,0.20271929824561402,600.0,0.0,0.0,193.0,0,0,
130,2,30,0.2885,600.0,2.0,0.1,458.0,0,0,
131,2,31,0.25947368421052625,600.0,2.0,0.1052631578947368,,0,0,
132,2,32,0.21658333333333332,600.0,1.0,0.05,260.0,0,0,
133,2,33,0.34587301587301583,600.0,4.0,0.1904761904761904,,0,0,
134,2,34,0.18970588235294117,600.0,0.0,0.0,233.0,0,0,
135,2,35,0.3292424242424242,600.0,5.0,0.2272727272727272,,0,0,
136,2,36,0.2837121212121212,600.0,2.0,0.0909090909090909,275.0,0,0,
137,2,37,0.3209649122807017,600.0,4.0,0.2105263157894736,,0,0,
138,2,38,0.2926315789473684,600.0,0.0,0.0,491.0,0,0,
139,2,39,0.24555555555555553,600.0,1.0,0.0555555555555555,377.0,0,0,
140,2,40,0.274,600.0,3.0,0.15,,0,0,
141,2,41,0.2701587301587301,600.0,2.0,0.0952380952380952,254.0,0,0,
142,2,42,0.29141666666666666,600.0,1.0,0.05,509.0,0,0,
143,2,43,0.24039215686274507,600.0,2.0,0.1176470588235294,,0,0,
144,2,44,0.2919298245614035,600.0,2.0,0.1052631578947368,,0,0,
145,2,45,0.4204347826086956,600.0,5.0,0.217391304347826,538.0,0,0,
146,2,46,0.2501041666666667,600.0,0.0,0.0,385.0,0,0,
147,2,47,0.3340833333333333,600.0,3.0,0.15,,0,0,
148,2,48,0.28141666666666665,600.0,1.0,0.05,333.0,0,0,
149,2,49,0.20133333333333334,600.0,0.0,0.0,209.0,0,0,
150,2,50,0.35946969696969694,600.0,5.0,0.2272727272727272,,0,0,
151,2,51,0.2689814814814815,600.0,0.0,0.0,400.0,0,0,
152,2,52,0.29591666666666666,600.0,1.0,0.05,534.0,0,0,
153,2,53,0.3051515151515151,600.0,3.0,0.1363636363636363,247.0,0,0,
154,2,54,0.26219298245614026,600.0,2.0,0.1052631578947368,,0,0,
155,2,55,0.2843650793650793,600.0,2.0,0.0952380952380952,364.0,0,0,
156,2,56,0.326031746031746,600.0,3.0,0.1428571428571428,433.0,0,0,
157,2,57,0.32083333333333336,600.0,4.0,0.1666666666666666,157.0,0,0,
158,2,58,0.21793650793650787,600.0,1.0,0.0476190476190476,195.0,0,0,
159,2,59,0.2541666666666666,600.0,2.0,0.0909090909090909,189.0,0,0,
160,2,60,0.27216666666666667,600.0,0.0,0.0,350.0,0,0,
161,2,61,0.30749999999999994,600.0,4.0,0.1666666666666666,158.0,0,0,
162,2,62,0.29446969696969694,600.0,3.0,0.1363636363636363,218.0,0,0,
163,2,63,0.2768939393939393,600.0,2.0,0.0909090909090909,343.0,0,0,
164,2,64,0.35787037037037034,600.0,1.0,0.0555555555555555,584.0,0,0,
165,2,65,0.3828333333333333,600.0,3.0,0.15,,0,0,
166,2,66,0.27108333333333334,600.0,1.0,0.05,470.0,0,0,
167,2,67,0.2564912280701754,600.0,1.0,0.0526315789473684,484.0,0,0,
168,2,68,0.31007575757575756,600.0,3.0,0.1363636363636363,354.0,0,0,
169,2,69,0.346159420289855,600.0,5.0,0.217391304347826,236.0,0,0,
170,2,70,0.19055555555555556,600.0,0.0,0.0,238.0,0,0,
171,2,71,0.271031746031746,600.0,2.0,0.0952380952380952,234.0,0,0,
172,2,72,0.2092156862745098,600.0,1.0,0.0588235294117647,485.0,0,0,
173,2,73,0.22596491228070167,600.0,1.0,0.0526315789473684,580.0,0,0,
174,2,74,0.3418115942028985,600.0,3.0,0.1304347826086956,362.0,0,0,
175,2,75,0.3497368421052631,600.0,2.0,0.1052631578947368,,0,0,
176,2,76,0.2869565217391304,600.0,3.0,0.1304347826086956,208.0,0,0,
177,2,77,0.28579365079365077,600.0,2.0,0.0952380952380952,403.0,0,0,
178,2,78,0.25499999999999995,600.0,3.0,0.1666666666666666,,0,0,
179,2,79,0.30341269841269836,600.0,2.0,0.0952380952380952,422.0,0,0,
180,2,80,0.28194444444444444,600.0,1.0,0.0555555555555555,454.0,0,0,
181,2,81,0.30614035087719293,600.0,2.0,0.1052631578947368,,0,0,
182,2,82,0.33969696969696966,600.0,2.0,0.0909090909090909,431.0,0,0,
183,2,83,0.3579629629629629,600.0,2.0,0.1111111111111111,,0,0,
184,2,84,0.35896825396825394,600.0,2.0,0.0952380952380952,432.0,0,0,
185,2,85,0.2512698412698412,600.0,2.0,0.0952380952380952,234.0,0,0,
186,2,86,0.18510416666666665,600.0,0.0,0.0,258.0,0,0,
187,2,87,0.2521666666666667,600.0,0.0,0.0,416.0,0,0,
188,2,88,0.3993333333333333,600.0,7.0,0.28,328.0,0,0,
189,2,89,0.3347368421052631,600.0,2.0,0.1052631578947368,,0,0,
190,2,90,0.2162037037037037,600.0,0.0,0.0,368.0,0,0,
191,2,91,0.2834090909090909,600.0,2.0,0.0909090909090909,303.0,0,0,
192,2,92,0.26775,600.0,1.0,0.05,313.0,0,0,
193,2,93,0.2329629629629629,600.0,1.0,0.0555555555555555,365.0,0,0,
194,2,94,0.3377272727272727,600.0,2.0,0.0909090909090909,390.0,0,0,
195,2,95,0.24298245614035086,600.0,0.0,0.0,418.0,0,0,
196,2,96,0.24477272727272725,600.0,2.0,0.0909090909090909,268.0,0,0,
197,2,97,0.2699122807017543,600.0,2.0,0.1052631578947368,,0,0,
198,2,98,0.34550000000000003,600.0,2.0,0.1,454.0,0,0,
199,2,99,0.27190476190476187,600.0,1.0,0.0476190476190476,387.0,0,0,
200,4,0,0.15964285714285711,600.0,0.0,0.0,239.0,0,0,
201,4,1,0.2745238095238095,600.0,2.0,0.0952380952380952,365.0,0,0,
202,4,2,0.23280701754385963,600.0,0.0,0.0,303.0,0,0,
203,4,3,0.3112280701754385,600.0,0.0,0.0,556.0,0,0,
204,4,4,0.3791071428571428,600.0,8.0,0.2857142857142857,152.0,0,0,
205,4,5,0.3823809523809524,600.0,2.0,0.0952380952380952,503.0,0,0,
206,4,6,0.24698412698412697,600.0,1.0,0.0476190476190476,209.0,0,0,
207,4,7,0.37006410256410255,600.0,6.0,0.2307692307692307,214.0,0,0,
208,4,8,0.3907894736842105,600.0,1.0,0.0526315789473684,590.0,0,0,
209,4,9,0.3579365079365079,600.0,3.0,0.1428571428571428,545.0,0,0,
210,4,10,0.2604761904761904,600.0,2.0,0.0952380952380952,341.0,0,0,
211,4,11,0.361159420289855,600.0,4.0,0.1739130434782608,310.0,0,0,
212,4,12,0.17907407407407402,600.0,1.0,0.0555555555555555,209.0,0,0,
213,4,13,0.3464743589743589,600.0,6.0,0.2307692307692307,222.0,0,0,
214,4,14,0.17796296296296296,600.0,0.0,0.0,201.0,0,0,
215,4,15,0.25125,600.0,1.0,0.05,440.0,0,0,
216,4,16,0.24277777777777776,600.0,2.0,0.0952380952380952,203.0,0,0,
217,4,17,0.236078431372549,600.0,1.0,0.0588235294117647,572.0,0,0,
218,4,18,0.31958333333333333,600.0,2.0,0.1,399.0,0,0,
219,4,19,0.28690476190476183,600.0,2.0,0.0952380952380952,365.0,0,0,
220,4,20,0.2712962962962963,600.0,0.0,0.0,375.0,0,0,
221,4,21,0.27641666666666664,600.0,2.0,0.1,361.0,0,0,
222,4,22,0.20814814814814814,600.0,0.0,0.0,327.0,0,0,
223,4,23,0.250438596491228,600.0,0.0,0.0,496.0,0,0,
224,4,24,0.27099999999999996,600.0,1.0,0.05,438.0,0,0,
225,4,25,0.23203703703703704,600.0,0.0,0.0,354.0,0,0,
226,4,26,0.2032222222222222,600.0,0.0,0.0,372.0,0,0,
227,4,27,0.30277777777777776,600.0,2.0,0.1111111111111111,,0,0,
228,4,28,0.47100000000000003,600.0,9.0,0.36,,0,0,
229,4,29,0.22074999999999997,600.0,1.0,0.05,193.0,0,0,
230,4,30,0.30131578947368415,600.0,2.0,0.1052631578947368,,0,0,
231,4,31,0.1672549019607843,600.0,0.0,0.0,246.0,0,0,
232,4,32,0.18891666666666665,600.0,0.0,0.0,260.0,0,0,
233,4,33,0.39310606060606057,600.0,4.0,0.1818181818181818,596.0,0,0,
234,4,34,0.24455555555555553,600.0,0.0,0.0,325.0,0,0,
235,4,35,0.36213333333333336,600.0,6.0,0.24,227.0,0,0,
236,4,36,0.4751449275362319,600.0,4.0,0.1739130434782608,550.0,0,0,
237,4,37,0.33849206349206346,600.0,4.0,0.1904761904761904,,0,0,
238,4,38,0.25916666666666666,600.0,0.0,0.0,428.0,0,0,
239,4,39,0.2765686274509804,600.0,1.0,0.0588235294117647,516.0,0,0,
240,4,40,0.31228070175438594,600.0,0.0,0.0,514.0,0,0,
241,4,41,0.3968253968253968,600.0,2.0,0.0952380952380952,552.0,0,0,
242,4,42,0.3301587301587301,600.0,2.0,0.0952380952380952,424.0,0,0,
243,4,43,0.17977777777777776,600.0,0.0,0.0,252.0,0,0,
244,4,44,0.3406666666666667,600.0,2.0,0.1,550.0,0,0,
245,4,45,0.4204347826086956,600.0,5.0,0.217391304347826,538.0,0,0,
246,4,46,0.221,600.0,0.0,0.0,343.0,0,0,
247,4,47,0.26947368421052625,600.0,1.0,0.0526315789473684,526.0,0,0,
248,4,48,0.25956140350877194,600.0,1.0,0.0526315789473684,456.0,0,0,
249,4,49,0.2257894736842105,600.0,0.0,0.0,473.0,0,0,
250,4,50,0.37833333333333335,600.0,5.0,0.2083333333333333,274.0,0,0,
251,4,51,0.24555555555555558,600.0,0.0,0.0,371.0,0,0,
252,4,52,0.29591666666666666,600.0,1.0,0.05,534.0,0,0,
253,4,53,0.3353623188405797,600.0,4.0,0.1739130434782608,247.0,0,0,
254,4,54,0.20052631578947366,600.0,0.0,0.0,451.0,0,0,
255,4,55,0.3168939393939394,600.0,3.0,0.1363636363636363,364.0,0,0,
256,4,56,0.26378787878787874,600.0,3.0,0.1363636363636363,219.0,0,0,
257,4,57,0.3794642857142857,600.0,8.0,0.2857142857142857,150.0,0,0,
258,4,58,0.31569444444444444,600.0,4.0,0.1666666666666666,195.0,0,0,
259,4,59,0.3522222222222222,600.0,4.0,0.1666666666666666,220.0,0,0,
260,4,60,0.26456140350877194,600.0,1.0,0.0526315789473684,382.0,0,0,
261,4,61,0.30749999999999994,600.0,4.0,0.1666666666666666,158.0,0,0,
262,4,62,0.3251449275362318,600.0,4.0,0.1739130434782608,218.0,0,0,
263,4,63,0.2958333333333333,600.0,4.0,0.1666666666666666,129.0,0,0,
264,4,64,0.23088235294117648,600.0,0.0,0.0,305.0,0,0,
265,4,65,0.3225,600.0,2.0,0.1,512.0,0,0,
266,4,66,0.26725,600.0,2.0,0.1,435.0,0,0,
267,4,67,0.2033333333333333,600.0,1.0,0.0526315789473684,194.0,0,0,
268,4,68,0.3433333333333333,600.0,4.0,0.1666666666666666,276.0,0,0,
269,4,69,0.37340277777777775,600.0,6.0,0.25,236.0,0,0,
270,4,70,0.16739583333333333,600.0,0.0,0.0,235.0,0,0,
271,4,71,0.28791666666666665,600.0,1.0,0.05,369.0,0,0,
272,4,72,0.2401111111111111,600.0,0.0,0.0,378.0,0,0,
273,4,73,0.14728070175438596,600.0,0.0,0.0,240.0,0,0,
274,4,74,0.4080434782608695,600.0,5.0,0.217391304347826,582.0,0,0,
275,4,75,0.33061403508771925,600.0,1.0,0.0526315789473684,551.0,0,0,
276,4,76,0.3234666666666667,600.0,5.0,0.2,174.0,0,0,
277,4,77,0.32094202898550717,600.0,4.0,0.1739130434782608,264.0,0,0,
278,4,78,0.2515625,600.0,0.0,0.0,442.0,0,0,
279,4,79,0.3703623188405797,600.0,5.0,0.217391304347826,531.0,0,0,
280,4,80,0.19844444444444445,600.0,0.0,0.0,301.0,0,0,
281,4,81,0.3278333333333333,600.0,1.0,0.05,351.0,0,0,
282,4,82,0.4191025641025641,600.0,6.0,0.2307692307692307,327.0,0,0,
283,4,83,0.27009803921568626,600.0,1.0,0.0588235294117647,549.0,0,0,
284,4,84,0.3884126984126983,600.0,4.0,0.1904761904761904,,0,0,
285,4,85,0.3039130434782608,600.0,3.0,0.1304347826086956,234.0,0,0,
286,4,86,0.23589743589743586,600.0,0.0,0.0,265.0,0,0,
287,4,87,0.30962962962962964,600.0,2.0,0.1111111111111111,,0,0,
288,4,88,0.4243827160493827,600.0,8.0,0.2962962962962963,247.0,0,0,
289,4,89,0.2859803921568628,600.0,0.0,0.0,369.0,0,0,
290,4,90,0.15362745098039216,600.0,0.0,0.0,134.0,0,0,
291,4,91,0.28623188405797095,600.0,3.0,0.1304347826086956,244.0,0,0,
292,4,92,0.2625438596491228,600.0,0.0,0.0,391.0,0,0,
293,4,93,0.2564912280701754,600.0,0.0,0.0,525.0,0,0,
294,4,94,0.3516666666666667,600.0,4.0,0.1739130434782608,521.0,0,0,
295,4,95,0.2942105263157895,600.0,0.0,0.0,495.0,0,0,
296,4,96,0.27201388888888883,600.0,4.0,0.1666666666666666,125.0,0,0,
297,4,97,0.2525,600.0,0.0,0.0,423.0,0,0,
298,4,98,0.432017543859649,600.0,4.0,0.2105263157894736,,0,0,
299,4,99,0.27880952380952373,600.0,1.0,0.0476190476190476,387.0,0,0,
300,6,0,0.1256060606060606,600.0,0.0,0.0,127.0,0,0,
301,6,1,0.29553030303030303,600.0,2.0,0.0909090909090909,388.0,0,0,
302,6,2,0.23921568627450981,600.0,0.0,0.0,303.0,0,0,
303,6,3,0.3916666666666666,600.0,3.0,0.1578947368421052,,0,0,
304,6,4,0.4584375,600.0,12.0,0.375,124.0,0,0,
305,6,5,0.3725,600.0,2.0,0.1,426.0,0,0,
306,6,6,0.2812121212121212,600.0,2.0,0.0909090909090909,209.0,0,0,
307,6,7,0.43522988505747123,600.0,9.0,0.3103448275862069,214.0,0,0,
308,6,8,0.3318421052631578,600.0,0.0,0.0,504.0,0,0,
309,6,9,0.37849206349206344,600.0,4.0,0.1904761904761904,,0,0,
310,6,10,0.15891666666666665,600.0,0.0,0.0,139.0,0,0,
311,6,11,0.385,600.0,6.0,0.24,329.0,0,0,
312,6,12,0.30263157894736836,600.0,1.0,0.0526315789473684,574.0,0,0,
313,6,13,0.37666666666666665,600.0,7.0,0.2692307692307692,285.0,0,0,
314,6,14,0.20274509803921567,600.0,0.0,0.0,291.0,0,0,
315,6,15,0.3575,600.0,2.0,0.1111111111111111,,0,0,
316,6,16,0.3315873015873015,600.0,2.0,0.0952380952380952,417.0,0,0,
317,6,17,0.21088235294117644,600.0,1.0,0.0588235294117647,320.0,0,0,
318,6,18,0.4400833333333333,600.0,4.0,0.2,,0,0,
319,6,19,0.3244696969696969,600.0,3.0,0.1363636363636363,420.0,0,0,
320,6,20,0.25104166666666666,600.0,0.0,0.0,424.0,0,0,
321,6,21,0.27641666666666664,600.0,2.0,0.1,361.0,0,0,
322,6,22,0.3297058823529412,600.0,1.0,0.0588235294117647,525.0,0,0,
323,6,23,0.20458333333333334,600.0,0.0,0.0,316.0,0,0,
324,6,24,0.3087301587301587,600.0,3.0,0.1428571428571428,352.0,0,0,
325,6,25,0.19233333333333333,600.0,0.0,0.0,214.0,0,0,
326,6,26,0.19192307692307692,600.0,0.0,0.0,353.0,0,0,
327,6,27,0.295,600.0,0.0,0.0,376.0,0,0,
328,6,28,0.3529012345679012,600.0,7.0,0.2592592592592592,167.0,0,0,
329,6,29,0.2525833333333333,600.0,1.0,0.05,255.0,0,0,
330,6,30,0.24491228070175433,600.0,0.0,0.0,417.0,0,0,
331,6,31,0.19135416666666666,600.0,0.0,0.0,321.0,0,0,
332,6,32,0.2675,600.0,2.0,0.1,278.0,0,0,
333,6,33,0.4194927536231884,600.0,5.0,0.217391304347826,596.0,0,0,
334,6,34,0.2551388888888889,600.0,0.0,0.0,234.0,0,0,
335,6,35,0.37019230769230765,600.0,6.0,0.2307692307692307,216.0,0,0,
336,6,36,0.4486805555555555,600.0,6.0,0.25,598.0,0,0,
337,6,37,0.2368333333333333,600.0,1.0,0.05,282.0,0,0,
338,6,38,0.26694444444444443,600.0,1.0,0.0555555555555555,402.0,0,0,
339,6,39,0.19770833333333335,600.0,0.0,0.0,350.0,0,0,
340,6,40,0.21564814814814814,600.0,0.0,0.0,230.0,0,0,
341,6,41,0.3516666666666667,600.0,4.0,0.2,,0,0,
342,6,42,0.30246031746031743,600.0,2.0,0.0952380952380952,440.0,0,0,
343,6,43,0.21930555555555556,600.0,0.0,0.0,243.0,0,0,
344,6,44,0.23617647058823527,600.0,0.0,0.0,270.0,0,0,
345,6,45,0.4597333333333334,600.0,7.0,0.28,432.0,0,0,
346,6,46,0.12757575757575756,600.0,0.0,0.0,128.0,0,0,
347,6,47,0.32017543859649117,600.0,1.0,0.0526315789473684,541.0,0,0,
348,6,48,0.3162280701754385,600.0,2.0,0.1052631578947368,,0,0,
349,6,49,0.2716666666666666,600.0,2.0,0.1052631578947368,,0,0,
350,6,50,0.39138888888888884,600.0,5.0,0.2083333333333333,316.0,0,0,
351,6,51,0.24898148148148147,600.0,0.0,0.0,333.0,0,0,
352,6,52,0.3474603174603174,600.0,4.0,0.1904761904761904,,0,0,
353,6,53,0.34159722222222216,600.0,4.0,0.1666666666666666,187.0,0,0,
354,6,54,0.24787037037037038,600.0,2.0,0.1111111111111111,,0,0,
355,6,55,0.26847826086956517,600.0,3.0,0.1304347826086956,190.0,0,0,
356,6,56,0.28623188405797095,600.0,3.0,0.1304347826086956,220.0,0,0,
357,6,57,0.4239444444444444,600.0,10.0,0.3333333333333333,207.0,0,0,
358,6,58,0.3430666666666667,600.0,5.0,0.2,195.0,0,0,
359,6,59,0.3459027777777778,600.0,4.0,0.1666666666666666,231.0,0,0,
360,6,60,0.29315789473684206,600.0,2.0,0.1052631578947368,,0,0,
361,6,61,0.4397530864197531,600.0,7.0,0.2592592592592592,317.0,0,0,
362,6,62,0.3745138888888889,600.0,5.0,0.2083333333333333,334.0,0,0,
363,6,63,0.37296296296296294,600.0,7.0,0.2592592592592592,129.0,0,0,
364,6,64,0.30666666666666664,600.0,0.0,0.0,410.0,0,0,
365,6,65,0.35128787878787876,600.0,3.0,0.1363636363636363,343.0,0,0,
366,6,66,0.26824561403508773,600.0,0.0,0.0,340.0,0,0,
367,6,67,0.21583333333333332,600.0,0.0,0.0,265.0,0,0,
368,6,68,0.3696,600.0,5.0,0.2,276.0,0,0,
369,6,69,0.4749333333333334,600.0,7.0,0.28,443.0,0,0,
370,6,70,0.18354166666666666,600.0,1.0,0.0625,347.0,0,0,
371,6,71,0.3218253968253968,600.0,2.0,0.0952380952380952,369.0,0,0,
372,6,72,0.20194444444444445,600.0,0.0,0.0,221.0,0,0,
373,6,73,0.13929824561403506,600.0,0.0,0.0,268.0,0,0,
374,6,74,0.3812,600.0,5.0,0.2,275.0,0,0,
375,6,75,0.31228070175438594,600.0,1.0,0.0526315789473684,418.0,0,0,
376,6,76,0.35474358974358966,600.0,6.0,0.2307692307692307,174.0,0,0,
377,6,77,0.3581944444444444,600.0,4.0,0.1666666666666666,391.0,0,0,
378,6,78,0.20416666666666666,600.0,0.0,0.0,348.0,0,0,
379,6,79,0.3742666666666667,600.0,6.0,0.24,301.0,0,0,
380,6,80,0.14847222222222223,600.0,0.0,0.0,164.0,0,0,
381,6,81,0.3109259259259259,600.0,0.0,0.0,441.0,0,0,
382,6,82,0.417716049382716,600.0,7.0,0.2592592592592592,234.0,0,0,
383,6,83,0.27791666666666665,600.0,0.0,0.0,427.0,0,0,
384,6,84,0.43826086956521737,600.0,6.0,0.2608695652173913,,0,0,
385,6,85,0.33291666666666664,600.0,4.0,0.1666666666666666,234.0,0,0,
386,6,86,0.19597222222222221,600.0,0.0,0.0,255.0,0,0,
387,6,87,0.23550000000000001,600.0,0.0,0.0,234.0,0,0,
388,6,88,0.4483333333333333,600.0,9.0,0.3103448275862069,247.0,0,0,
389,6,89,0.18375,600.0,0.0,0.0,177.0,0,0,
390,6,90,0.21077777777777776,600.0,0.0,0.0,234.0,0,0,
391,6,91,0.36217391304347823,600.0,5.0,0.217391304347826,486.0,0,0,
392,6,92,0.22305555555555553,600.0,1.0,0.0555555555555555,532.0,0,0,
393,6,93,0.20950980392156862,600.0,0.0,0.0,264.0,0,0,
394,6,94,0.3651282051282051,600.0,6.0,0.2307692307692307,142.0,0,0,
395,6,95,0.2459259259259259,600.0,0.0,0.0,436.0,0,0,
396,6,96,0.30113333333333336,600.0,5.0,0.2,125.0,0,0,
397,6,97,0.1707843137254902,600.0,0.0,0.0,232.0,0,0,
398,6,98,0.3662962962962963,600.0,2.0,0.1111111111111111,,0,0,
399,6,99,0.3590579710144927,600.0,4.0,0.1739130434782608,410.0,0,0,
