RunId,min_priority,seed,J_delta,final_time_s,final_residual_deficit,final_normalized_deficit,time_to_90_percent_nominal_service_s,event_episodes,event_episodes_reaching_90_percent_nominal_service,mean_time_to_90_percent_nominal_service_after_event_s
0,1,2,0.11,600.0,0.0,0.0,150.0,0,0,
1,1,5,0.10433333333333333,600.0,0.0,0.0,162.0,0,0,
2,1,8,0.11366666666666667,600.0,0.0,0.0,117.0,0,0,
3,1,0,0.12100000000000001,600.0,0.0,0.0,100.0,0,0,
4,1,9,0.14100000000000001,600.0,0.0,0.0,132.0,0,0,
5,1,14,0.19266666666666668,600.0,0.0,0.0,175.0,0,0,
6,1,10,0.16,600.0,0.0,0.0,131.0,0,0,
7,1,3,0.11099999999999999,600.0,0.0,0.0,111.0,0,0,
8,1,7,0.16266666666666668,600.0,0.0,0.0,244.0,0,0,
9,1,1,0.106,600.0,0.0,0.0,106.0,0,0,
10,1,4,0.19466666666666665,600.0,0.0,0.0,144.0,0,0,
11,1,6,0.15533333333333335,600.0,0.0,0.0,149.0,0,0,
12,1,11,0.114,600.0,0.0,0.0,176.0,0,0,
13,1,12,0.125,600.0,0.0,0.0,123.0,0,0,
14,1,13,0.25633333333333336,600.0,0.0,0.0,386.0,0,0,
15,1,15,0.126,600.0,0.0,0.0,111.0,0,0,
16,1,19,0.09866666666666667,600.0,0.0,0.0,109.0,0,0,
17,1,21,0.146,600.0,0.0,0.0,122.0,0,0,
18,1,16,0.11900000000000001,600.0,0.0,0.0,150.0,0,0,
19,1,22,0.10300000000000001,600.0,0.0,0.0,136.0,0,0,
20,1,17,0.16433333333333336,600.0,0.0,0.0,218.0,0,0,
21,1,18,0.139,600.0,0.0,0.0,137.0,0,0,
22,1,20,0.13066666666666668,600.0,0.0,0.0,125.0,0,0,
23,1,24,0.129,600.0,0.0,0.0,107.0,0,0,
24,1,23,0.10666666666666667,600.0,0.0,0.0,92.0,0,0,
25,1,27,0.11600000000000002,600.0,0.0,0.0,171.0,0,0,
26,1,28,0.125,600.0,0.0,0.0,104.0,0,0,
27,1,26,0.17900000000000002,600.0,0.0,0.0,270.0,0,0,
28,1,25,0.07233333333333333,600.0,0.0,0.0,119.0,0,0,
29,1,29,0.07166666666666667,600.0,0.0,0.0,76.0,0,0,
30,1,31,0.14366666666666666,600.0,0.0,0.0,144.0,0,0,
31,1,30,0.094,600.0,0.0,0.0,113.0,0,0,
32,1,35,0.162,600.0,0.0,0.0,187.0,0,0,
33,1,33,0.18733333333333335,600.0,0.0,0.0,279.0,0,0,
34,1,32,0.12966666666666665,600.0,0.0,0.0,126.0,0,0,
35,1,36,0.117,600.0,0.0,0.0,126.0,0,0,
36,1,38,0.21766666666666665,600.0,0.0,0.0,241.0,0,0,
37,1,37,0.11833333333333333,600.0,0.0,0.0,141.0,0,0,
38,1,34,0.11366666666666667,600.0,0.0,0.0,161.0,0,0,
39,1,41,0.12966666666666665,600.0,0.0,0.0,115.0,0,0,
40,1,39,0.11466666666666667,600.0,0.0,0.0,127.0,0,0,
41,1,43,0.108,600.0,0.0,0.0,104.0,0,0,
42,1,40,0.189,600.0,0.0,0.0,217.0,0,0,
43,1,44,0.095,600.0,0.0,0.0,107.0,0,0,
44,1,42,0.14133333333333334,600.0,0.0,0.0,176.0,0,0,
45,1,49,0.19166666666666668,600.0,0.0,0.0,227.0,0,0,
46,1,48,0.13366666666666668,600.0,0.0,0.0,93.0,0,0,
47,1,45,0.16766666666666669,600.0,0.0,0.0,202.0,0,0,
48,1,50,0.09366666666666668,600.0,0.0,0.0,112.0,0,0,
49,1,47,0.19266666666666668,600.0,0.0,0.0,317.0,0,0,
50,1,53,0.12,600.0,0.0,0.0,148.0,0,0,
51,1,51,0.14133333333333334,600.0,0.0,0.0,130.0,0,0,
52,1,46,0.195,600.0,0.0,0.0,151.0,0,0,
53,1,54,0.09533333333333334,600.0,0.0,0.0,109.0,0,0,
54,1,52,0.1406666666666667,600.0,0.0,0.0,173.0,0,0,
55,1,55,0.19633333333333336,600.0,0.0,0.0,253.0,0,0,
56,1,57,0.11733333333333335,600.0,0.0,0.0,114.0,0,0,
57,1,56,0.19666666666666666,600.0,0.0,0.0,212.0,0,0,
58,1,58,0.10033333333333334,600.0,0.0,0.0,110.0,0,0,
59,1,60,0.11966666666666666,600.0,0.0,0.0,141.0,0,0,
60,1,59,0.13266666666666668,600.0,0.0,0.0,314.0,0,0,
61,1,61,0.152,600.0,0.0,0.0,210.0,0,0,
62,1,62,0.18600000000000003,600.0,0.0,0.0,206.0,0,0,
63,1,64,0.15066666666666667,600.0,0.0,0.0,162.0,0,0,
64,1,66,0.11233333333333334,600.0,0.0,0.0,190.0,0,0,
65,1,70,0.10200000000000001,600.0,0.0,0.0,97.0,0,0,
66,1,69,0.15600000000000003,600.0,0.0,0.0,188.0,0,0,
67,1,63,0.11366666666666667,600.0,0.0,0.0,150.0,0,0,
68,1,67,0.089,600.0,0.0,0.0,91.0,0,0,
69,1,65,0.11033333333333334,600.0,0.0,0.0,138.0,0,0,
70,1,68,0.15033333333333335,600.0,0.0,0.0,159.0,0,0,
71,1,71,0.137,600.0,0.0,0.0,144.0,0,0,
72,1,72,0.12666666666666668,600.0,0.0,0.0,127.0,0,0,
73,1,76,0.13066666666666668,600.0,0.0,0.0,153.0,0,0,
74,1,77,0.11266666666666665,600.0,0.0,0.0,104.0,0,0,
75,1,75,0.18133333333333332,600.0,0.0,0.0,180.0,0,0,
76,1,80,0.17566666666666667,600.0,0.0,0.0,177.0,0,0,
77,1,73,0.14533333333333334,600.0,0.0,0.0,132.0,0,0,
78,1,81,0.14100000000000001,600.0,0.0,0.0,157.0,0,0,
79,1,82,0.154,600.0,0.0,0.0,149.0,0,0,
80,1,74,0.15666666666666668,600.0,0.0,0.0,154.0,0,0,
81,1,78,0.115,600.0,0.0,0.0,94.0,0,0,
82,1,84,0.14566666666666667,600.0,0.0,0.0,138.0,0,0,
83,1,79,0.16033333333333333,600.0,0.0,0.0,188.0,0,0,
84,1,87,0.14966666666666667,600.0,0.0,0.0,207.0,0,0,
85,1,83,0.14333333333333334,600.0,0.0,0.0,197.0,0,0,
86,1,88,0.085,600.0,0.0,0.0,88.0,0,0,
87,1,85,0.08966666666666667,600.0,0.0,0.0,105.0,0,0,
88,1,86,0.12533333333333332,600.0,0.0,0.0,133.0,0,0,
89,1,89,0.14433333333333334,600.0,0.0,0.0,125.0,0,0,
90,1,90,0.11933333333333332,600.0,0.0,0.0,99.0,0,0,
91,1,92,0.10933333333333335,600.0,0.0,0.0,123.0,0,0,
92,1,91,0.14433333333333334,600.0,0.0,0.0,209.0,0,0,
93,1,95,0.11233333333333334,600.0,0.0,0.0,114.0,0,0,
94,1,97,0.07966666666666666,600.0,0.0,0.0,87.0,0,0,
95,1,94,0.12933333333333336,600.0,0.0,0.0,148.0,0,0,
96,1,96,0.11633333333333333,600.0,0.0,0.0,110.0,0,0,
97,1,98,0.08033333333333334,600.0,0.0,0.0,119.0,0,0,
98,1,99,0.114,600.0,0.0,0.0,88.0,0,0,
99,1,93,0.18866666666666668,600.0,0.0,0.0,179.0,0,0,
100,2,3,0.18016666666666667,600.0,0.0,0.0,186.0,0,0,
101,2,4,0.285,600.0,0.0,0.0,315.0,0,0,
102,2,8,0.108,600.0,0.0,0.0,129.0,0,0,
103,2,0,0.20616666666666666,600.0,0.0,0.0,194.0,0,0,
104,2,9,0.13933333333333334,600.0,0.0,0.0,108.0,0,0,
105,2,12,0.17616666666666667,600.0,0.0,0.0,256.0,0,0,
106,2,13,0.19316666666666668,600.0,0.0,0.0,141.0,0,0,
107,2,2,0.20833333333333334,600.0,0.0,0.0,381.0,0,0,
108,2,1,0.13166666666666665,600.0,0.0,0.0,142.0,0,0,
109,2,5,0.15283333333333335,600.0,0.0,0.0,183.0,0,0,
110,2,7,0.17183333333333334,600.0,0.0,0.0,196.0,0,0,
111,2,6,0.2343333333333333,600.0,0.0,0.0,194.0,0,0,
112,2,18,0.16866666666666666,600.0,0.0,0.0,178.0,0,0,
113,2,19,0.2031666666666667,600.0,0.0,0.0,244.0,0,0,
114,2,21,0.17533333333333334,600.0,0.0,0.0,151.0,0,0,
115,2,10,0.21133333333333332,600.0,0.0,0.0,222.0,0,0,
116,2,23,0.12333333333333334,600.0,0.0,0.0,103.0,0,0,
117,2,20,0.13783333333333334,600.0,0.0,0.0,187.0,0,0,
118,2,17,0.15266666666666664,600.0,0.0,0.0,110.0,0,0,
119,2,24,0.14933333333333332,600.0,0.0,0.0,112.0,0,0,
120,2,14,0.15016666666666667,600.0,0.0,0.0,111.0,0,0,
121,2,11,0.21433333333333332,600.0,0.0,0.0,290.0,0,0,
122,2,15,0.14666666666666667,600.0,0.0,0.0,106.0,0,0,
123,2,25,0.07816666666666666,600.0,0.0,0.0,120.0,0,0,
124,2,16,0.16466666666666666,600.0,0.0,0.0,264.0,0,0,
125,2,22,0.1565,600.0,0.0,0.0,190.0,0,0,
126,2,26,0.253,600.0,0.0,0.0,373.0,0,0,
127,2,28,0.16133333333333333,600.0,0.0,0.0,143.0,0,0,
128,2,30,0.16633333333333333,600.0,0.0,0.0,219.0,0,0,
129,2,27,0.15033333333333335,600.0,0.0,0.0,155.0,0,0,
130,2,32,0.13316666666666668,600.0,0.0,0.0,126.0,0,0,
131,2,35,0.22583333333333333,600.0,0.0,0.0,330.0,0,0,
132,2,34,0.1895,600.0,0.0,0.0,281.0,0,0,
133,2,29,0.09516666666666666,600.0,0.0,0.0,97.0,0,0,
134,2,33,0.16433333333333336,600.0,0.0,0.0,154.0,0,0,
135,2,31,0.2786666666666667,600.0,0.0,0.0,380.0,0,0,
136,2,39,0.12466666666666666,600.0,0.0,0.0,120.0,0,0,
137,2,36,0.16133333333333333,600.0,0.0,0.0,185.0,0,0,
138,2,37,0.12066666666666667,600.0,0.0,0.0,169.0,0,0,
139,2,43,0.13383333333333333,600.0,0.0,0.0,112.0,0,0,
140,2,44,0.1185,600.0,0.0,0.0,174.0,0,0,
141,2,38,0.20450000000000002,600.0,0.0,0.0,218.0,0,0,
142,2,40,0.17666666666666667,600.0,0.0,0.0,153.0,0,0,
143,2,46,0.20733333333333334,600.0,0.0,0.0,212.0,0,0,
144,2,48,0.1425,600.0,0.0,0.0,92.0,0,0,
145,2,47,0.1825,600.0,0.0,0.0,188.0,0,0,
146,2,45,0.20966666666666667,600.0,0.0,0.0,196.0,0,0,
147,2,42,0.17933333333333332,600.0,0.0,0.0,216.0,0,0,
148,2,50,0.09433333333333334,600.0,0.0,0.0,111.0,0,0,
149,2,52,0.20633333333333334,600.0,0.0,0.0,190.0,0,0,
150,2,41,0.3085,600.0,0.0,0.0,304.0,0,0,
151,2,49,0.16783333333333333,600.0,0.0,0.0,167.0,0,0,
152,2,51,0.23,600.0,0.0,0.0,309.0,0,0,
153,2,53,0.15816666666666668,600.0,0.0,0.0,170.0,0,0,
154,2,54,0.14866666666666667,600.0,0.0,0.0,222.0,0,0,
155,2,55,0.15916666666666668,600.0,0.0,0.0,171.0,0,0,
156,2,56,0.29433333333333334,600.0,0.0,0.0,365.0,0,0,
157,2,59,0.07033333333333334,600.0,0.0,0.0,117.0,0,0,
158,2,60,0.13133333333333333,600.0,0.0,0.0,170.0,0,0,
159,2,57,0.12166666666666667,600.0,0.0,0.0,111.0,0,0,
160,2,61,0.17650000000000002,600.0,0.0,0.0,190.0,0,0,
161,2,64,0.17316666666666666,600.0,0.0,0.0,194.0,0,0,
162,2,65,0.17116666666666666,600.0,0.0,0.0,249.0,0,0,
163,2,58,0.12183333333333332,600.0,0.0,0.0,159.0,0,0,
164,2,67,0.1455,600.0,0.0,0.0,199.0,0,0,
165,2,63,0.23700000000000002,600.0,0.0,0.0,237.0,0,0,
166,2,62,0.22033333333333333,600.0,0.0,0.0,196.0,0,0,
167,2,66,0.09916666666666667,600.0,0.0,0.0,135.0,0,0,
168,2,71,0.19349999999999998,600.0,0.0,0.0,212.0,0,0,
169,2,72,0.16266666666666665,600.0,0.0,0.0,233.0,0,0,
170,2,73,0.16783333333333333,600.0,0.0,0.0,206.0,0,0,
171,2,69,0.1855,600.0,0.0,0.0,171.0,0,0,
172,2,74,0.20833333333333334,600.0,0.0,0.0,203.0,0,0,
173,2,70,0.13716666666666666,600.0,0.0,0.0,141.0,0,0,
174,2,68,0.17450000000000002,600.0,0.0,0.0,157.0,0,0,
175,2,76,0.19283333333333333,600.0,0.0,0.0,187.0,0,0,
176,2,77,0.11666666666666667,600.0,0.0,0.0,109.0,0,0,
177,2,75,0.19966666666666666,600.0,0.0,0.0,232.0,0,0,
178,2,78,0.1505,600.0,0.0,0.0,161.0,0,0,
179,2,80,0.208,600.0,0.0,0.0,259.0,0,0,
180,2,79,0.12349999999999998,600.0,0.0,0.0,118.0,0,0,
181,2,83,0.18466666666666667,600.0,0.0,0.0,242.0,0,0,
182,2,81,0.15566666666666668,600.0,0.0,0.0,211.0,0,0,
183,2,82,0.16149999999999998,600.0,0.0,0.0,153.0,0,0,
184,2,84,0.13416666666666666,600.0,0.0,0.0,101.0,0,0,
185,2,85,0.12866666666666668,600.0,0.0,0.0,129.0,0,0,
186,2,86,0.16683333333333333,600.0,0.0,0.0,202.0,0,0,
187,2,88,0.10816666666666667,600.0,0.0,0.0,105.0,0,0,
188,2,91,0.17616666666666667,600.0,0.0,0.0,180.0,0,0,
189,2,92,0.10633333333333334,600.0,0.0,0.0,135.0,0,0,
190,2,90,0.15783333333333333,600.0,0.0,0.0,113.0,0,0,
191,2,95,0.10683333333333332,600.0,0.0,0.0,119.0,0,0,
192,2,89,0.13866666666666666,600.0,0.0,0.0,126.0,0,0,
193,2,94,0.11483333333333334,600.0,0.0,0.0,106.0,0,0,
194,2,93,0.195,600.0,0.0,0.0,160.0,0,0,
195,2,87,0.15183333333333335,600.0,0.0,0.0,168.0,0,0,
196,2,97,0.11216666666666666,600.0,0.0,0.0,120.0,0,0,
197,2,96,0.20900000000000002,600.0,0.0,0.0,237.0,0,0,
198,2,98,0.07933333333333334,600.0,0.0,0.0,113.0,0,0,
199,2,99,0.12683333333333333,600.0,0.0,0.0,111.0,0,0,
200,4,5,0.2319166666666667,600.0,3.0,0.15,,0,0,
201,4,7,0.30183333333333334,600.0,1.0,0.05,331.0,0,0,
202,4,9,0.26625,600.0,0.0,0.0,325.0,0,0,
203,4,0,0.34291666666666665,600.0,3.0,0.15,,0,0,
204,4,10,0.3284166666666667,600.0,1.0,0.05,421.0,0,0,
205,4,1,0.2634166666666667,600.0,2.0,0.1,337.0,0,0,
206,4,11,0.18591666666666667,600.0,0.0,0.0,381.0,0,0,
207,4,2,0.19541666666666666,600.0,0.0,0.0,266.0,0,0,
208,4,12,0.3060833333333333,600.0,2.0,0.1,519.0,0,0,
209,4,4,0.33791666666666664,600.0,1.0,0.05,448.0,0,0,
210,4,6,0.3268333333333333,600.0,1.0,0.05,515.0,0,0,
211,4,8,0.3193333333333333,600.0,3.0,0.15,,0,0,
212,4,3,0.3665,600.0,1.0,0.05,543.0,0,0,
213,4,16,0.29133333333333333,600.0,2.0,0.1,463.0,0,0,
214,4,13,0.322,600.0,3.0,0.15,,0,0,
215,4,14,0.3259166666666667,600.0,3.0,0.15,,0,0,
216,4,15,0.3369166666666667,600.0,2.0,0.1,600.0,0,0,
217,4,18,0.30266666666666664,600.0,1.0,0.05,287.0,0,0,
218,4,19,0.26125,600.0,2.0,0.1,356.0,0,0,
219,4,21,0.3715833333333333,600.0,3.0,0.15,,0,0,
220,4,23,0.22599999999999998,600.0,0.0,0.0,334.0,0,0,
221,4,24,0.23566666666666666,600.0,1.0,0.05,258.0,0,0,
222,4,17,0.32016666666666665,600.0,2.0,0.1,498.0,0,0,
223,4,22,0.3053333333333333,600.0,2.0,0.1,466.0,0,0,
224,4,20,0.35425,600.0,3.0,0.15,,0,0,
225,4,26,0.4245833333333333,600.0,3.0,0.15,,0,0,
226,4,28,0.3411666666666667,600.0,2.0,0.1,506.0,0,0,
227,4,25,0.33516666666666667,600.0,1.0,0.05,567.0,0,0,
228,4,27,0.28825,600.0,3.0,0.15,,0,0,
229,4,29,0.307,600.0,2.0,0.1,498.0,0,0,
230,4,34,0.42725,600.0,2.0,0.1,569.0,0,0,
231,4,33,0.33758333333333335,600.0,4.0,0.2,,0,0,
232,4,30,0.3125,600.0,3.0,0.15,,0,0,
233,4,35,0.35866666666666663,600.0,5.0,0.25,,0,0,
234,4,36,0.2565,600.0,2.0,0.1,360.0,0,0,
235,4,32,0.327,600.0,3.0,0.15,,0,0,
236,4,31,0.41458333333333336,600.0,3.0,0.15,,0,0,
237,4,37,0.24183333333333332,600.0,1.0,0.05,459.0,0,0,
238,4,38,0.287,600.0,2.0,0.1,224.0,0,0,
239,4,42,0.32483333333333336,600.0,4.0,0.2,,0,0,
240,4,40,0.2809166666666667,600.0,2.0,0.1,241.0,0,0,
241,4,39,0.22699999999999998,600.0,0.0,0.0,284.0,0,0,
242,4,43,0.306,600.0,1.0,0.05,378.0,0,0,
243,4,45,0.329,600.0,1.0,0.05,300.0,0,0,
244,4,41,0.4269166666666666,600.0,5.0,0.25,,0,0,
245,4,46,0.32716666666666666,600.0,1.0,0.05,296.0,0,0,
246,4,44,0.224,600.0,0.0,0.0,469.0,0,0,
247,4,50,0.20416666666666666,600.0,1.0,0.05,301.0,0,0,
248,4,49,0.27958333333333335,600.0,0.0,0.0,327.0,0,0,
249,4,47,0.25666666666666665,600.0,0.0,0.0,324.0,0,0,
250,4,48,0.36108333333333337,600.0,0.0,0.0,358.0,0,0,
251,4,51,0.4760833333333333,600.0,7.0,0.35,,0,0,
252,4,55,0.3448333333333333,600.0,2.0,0.1,380.0,0,0,
253,4,52,0.23800000000000002,600.0,0.0,0.0,264.0,0,0,
254,4,53,0.3625,600.0,4.0,0.2,,0,0,
255,4,58,0.3225,600.0,2.0,0.1,581.0,0,0,
256,4,54,0.28675,600.0,2.0,0.1,472.0,0,0,
257,4,59,0.1605,600.0,1.0,0.05,264.0,0,0,
258,4,57,0.21833333333333332,600.0,2.0,0.1,172.0,0,0,
259,4,56,0.39383333333333337,600.0,1.0,0.05,452.0,0,0,
260,4,60,0.32983333333333337,600.0,3.0,0.15,,0,0,
261,4,63,0.26966666666666667,600.0,2.0,0.1,338.0,0,0,
262,4,65,0.2564166666666667,600.0,1.0,0.05,420.0,0,0,
263,4,64,0.43175,600.0,5.0,0.25,,0,0,
264,4,61,0.4048333333333333,600.0,3.0,0.15,,0,0,
265,4,62,0.32316666666666666,600.0,1.0,0.05,276.0,0,0,
266,4,68,0.22733333333333333,600.0,2.0,0.1,164.0,0,0,
267,4,67,0.31625,600.0,2.0,0.1,487.0,0,0,
268,4,66,0.22466666666666668,600.0,0.0,0.0,332.0,0,0,
269,4,71,0.26325,600.0,1.0,0.05,385.0,0,0,
270,4,73,0.3505,600.0,3.0,0.15,,0,0,
271,4,69,0.36983333333333335,600.0,2.0,0.1,571.0,0,0,
272,4,70,0.20358333333333334,600.0,1.0,0.05,224.0,0,0,
273,4,75,0.3416666666666667,600.0,2.0,0.1,553.0,0,0,
274,4,78,0.3189166666666667,600.0,3.0,0.15,,0,0,
275,4,76,0.3645,600.0,1.0,0.05,387.0,0,0,
276,4,79,0.2635,600.0,1.0,0.05,487.0,0,0,
277,4,72,0.3819166666666667,600.0,5.0,0.25,,0,0,
278,4,80,0.38233333333333336,600.0,5.0,0.25,,0,0,
279,4,74,0.30258333333333337,600.0,2.0,0.1,260.0,0,0,
280,4,82,0.265,600.0,2.0,0.1,277.0,0,0,
281,4,81,0.2574166666666666,600.0,0.0,0.0,555.0,0,0,
282,4,85,0.16008333333333333,600.0,0.0,0.0,193.0,0,0,
283,4,77,0.2255,600.0,0.0,0.0,211.0,0,0,
284,4,86,0.355,600.0,1.0,0.05,540.0,0,0,
285,4,83,0.3369166666666667,600.0,3.0,0.15,,0,0,
286,4,90,0.32641666666666663,600.0,2.0,0.1,419.0,0,0,
287,4,91,0.15283333333333335,600.0,0.0,0.0,197.0,0,0,
288,4,92,0.24449999999999997,600.0,0.0,0.0,327.0,0,0,
289,4,84,0.22483333333333333,600.0,0.0,0.0,272.0,0,0,
290,4,88,0.21441666666666667,600.0,2.0,0.1,421.0,0,0,
291,4,94,0.29275,600.0,2.0,0.1,370.0,0,0,
292,4,87,0.2744166666666667,600.0,1.0,0.05,372.0,0,0,
293,4,89,0.24691666666666667,600.0,1.0,0.05,292.0,0,0,
294,4,93,0.35491666666666666,600.0,2.0,0.1,475.0,0,0,
295,4,96,0.294,600.0,1.0,0.05,270.0,0,0,
296,4,95,0.19441666666666668,600.0,0.0,0.0,210.0,0,0,
297,4,98,0.1535,600.0,0.0,0.0,281.0,0,0,
298,4,99,0.24925000000000003,600.0,1.0,0.05,285.0,0,0,
299,4,97,0.25866666666666666,600.0,1.0,0.05,393.0,0,0,
300,6,0,0.4503333333333333,600.0,11.0,0.3666666666666666,244.0,0,0,
301,6,4,0.5381111111111111,600.0,9.0,0.3,353.0,0,0,
302,6,7,0.5072222222222222,600.0,11.0,0.3666666666666666,289.0,0,0,
303,6,9,0.45683333333333326,600.0,10.0,0.3333333333333333,200.0,0,0,
304,6,3,0.5323333333333333,600.0,10.0,0.3333333333333333,320.0,0,0,
305,6,10,0.5163333333333333,600.0,10.0,0.3333333333333333,232.0,0,0,
306,6,1,0.4387222222222222,600.0,10.0,0.3333333333333333,201.0,0,0,
307,6,5,0.40688888888888886,600.0,10.0,0.3333333333333333,149.0,0,0,
308,6,6,0.5215555555555556,600.0,11.0,0.3666666666666666,403.0,0,0,
309,6,8,0.4744444444444444,600.0,10.0,0.3333333333333333,250.0,0,0,
310,6,11,0.4091111111111111,600.0,11.0,0.3666666666666666,138.0,0,0,
311,6,2,0.4319444444444444,600.0,10.0,0.3333333333333333,260.0,0,0,
312,6,16,0.42333333333333334,600.0,10.0,0.3333333333333333,139.0,0,0,
313,6,15,0.4562777777777777,600.0,10.0,0.3333333333333333,164.0,0,0,
314,6,17,0.46027777777777773,600.0,10.0,0.3333333333333333,213.0,0,0,
315,6,13,0.47783333333333333,600.0,10.0,0.3333333333333333,192.0,0,0,
316,6,12,0.4930555555555555,600.0,10.0,0.3333333333333333,328.0,0,0,
317,6,20,0.49927777777777776,600.0,11.0,0.3666666666666666,383.0,0,0,
318,6,18,0.47311111111111115,600.0,10.0,0.3333333333333333,290.0,0,0,
319,6,21,0.5249444444444444,600.0,11.0,0.3666666666666666,293.0,0,0,
320,6,14,0.4765,600.0,10.0,0.3333333333333333,237.0,0,0,
321,6,23,0.4301111111111111,600.0,10.0,0.3333333333333333,134.0,0,0,
322,6,22,0.44355555555555554,600.0,11.0,0.3666666666666666,271.0,0,0,
323,6,19,0.45844444444444443,600.0,10.0,0.3333333333333333,220.0,0,0,
324,6,27,0.43383333333333324,600.0,10.0,0.3333333333333333,200.0,0,0,
325,6,25,0.5591111111111111,600.0,11.0,0.3666666666666666,537.0,0,0,
326,6,26,0.5367777777777778,600.0,11.0,0.3666666666666666,365.0,0,0,
327,6,24,0.41877777777777775,600.0,8.0,0.2666666666666666,196.0,0,0,
328,6,28,0.44155555555555553,600.0,9.0,0.3,174.0,0,0,
329,6,30,0.4688333333333334,600.0,10.0,0.3333333333333333,317.0,0,0,
330,6,29,0.5655555555555555,600.0,11.0,0.3666666666666666,556.0,0,0,
331,6,32,0.48361111111111105,600.0,11.0,0.3666666666666666,269.0,0,0,
332,6,34,0.5047222222222222,600.0,10.0,0.3333333333333333,260.0,0,0,
333,6,35,0.46138888888888885,600.0,11.0,0.3666666666666666,241.0,0,0,
334,6,31,0.5476111111111112,600.0,11.0,0.3666666666666666,322.0,0,0,
335,6,38,0.49149999999999994,600.0,11.0,0.3666666666666666,222.0,0,0,
336,6,37,0.4445555555555556,600.0,10.0,0.3333333333333333,212.0,0,0,
337,6,33,0.47783333333333333,600.0,10.0,0.3333333333333333,258.0,0,0,
338,6,36,0.465,600.0,10.0,0.3333333333333333,245.0,0,0,
339,6,40,0.45305555555555554,600.0,10.0,0.3333333333333333,156.0,0,0,
340,6,39,0.43288888888888893,600.0,7.0,0.2333333333333333,198.0,0,0,
341,6,44,0.4186111111111111,600.0,10.0,0.3333333333333333,267.0,0,0,
342,6,45,0.5503333333333333,600.0,11.0,0.3666666666666666,287.0,0,0,
343,6,42,0.4593888888888889,600.0,10.0,0.3333333333333333,225.0,0,0,
344,6,41,0.5312777777777777,600.0,11.0,0.3666666666666666,322.0,0,0,
345,6,43,0.4366666666666666,600.0,10.0,0.3333333333333333,128.0,0,0,
346,6,47,0.4715,600.0,11.0,0.3666666666666666,221.0,0,0,
347,6,48,0.5389444444444444,600.0,10.0,0.3333333333333333,361.0,0,0,
348,6,52,0.46794444444444444,600.0,10.0,0.3333333333333333,283.0,0,0,
349,6,49,0.38899999999999996,600.0,5.0,0.1666666666666666,177.0,0,0,
350,6,51,0.4860555555555555,600.0,10.0,0.3333333333333333,297.0,0,0,
351,6,50,0.42433333333333334,600.0,10.0,0.3333333333333333,175.0,0,0,
352,6,46,0.43661111111111106,600.0,8.0,0.2666666666666666,193.0,0,0,
353,6,53,0.4603333333333333,600.0,11.0,0.3666666666666666,274.0,0,0,
354,6,54,0.4164444444444444,600.0,10.0,0.3333333333333333,205.0,0,0,
355,6,55,0.5010555555555556,600.0,12.0,0.4,391.0,0,0,
356,6,57,0.4225555555555556,600.0,10.0,0.3333333333333333,146.0,0,0,
357,6,58,0.4527777777777777,600.0,10.0,0.3333333333333333,221.0,0,0,
358,6,56,0.5926111111111111,600.0,12.0,0.4,492.0,0,0,
359,6,59,0.3917222222222222,600.0,10.0,0.3333333333333333,59.0,0,0,
360,6,60,0.43855555555555553,600.0,10.0,0.3333333333333333,161.0,0,0,
361,6,63,0.49166666666666664,600.0,10.0,0.3333333333333333,312.0,0,0,
362,6,65,0.47372222222222227,600.0,11.0,0.3666666666666666,331.0,0,0,
363,6,62,0.5243888888888889,600.0,9.0,0.3,379.0,0,0,
364,6,61,0.5589444444444445,600.0,11.0,0.3666666666666666,477.0,0,0,
365,6,66,0.4445555555555556,600.0,8.0,0.2666666666666666,278.0,0,0,
366,6,64,0.5437222222222222,600.0,13.0,0.4333333333333333,,0,0,
367,6,67,0.533,600.0,11.0,0.3666666666666666,407.0,0,0,
368,6,68,0.4524444444444444,600.0,10.0,0.3333333333333333,190.0,0,0,
369,6,69,0.4797777777777778,600.0,10.0,0.3333333333333333,288.0,0,0,
370,6,70,0.43094444444444446,600.0,10.0,0.3333333333333333,172.0,0,0,
371,6,71,0.46855555555555556,600.0,10.0,0.3333333333333333,247.0,0,0,
372,6,73,0.4432777777777777,600.0,10.0,0.3333333333333333,179.0,0,0,
373,6,72,0.549611111111111,600.0,11.0,0.3666666666666666,409.0,0,0,
374,6,74,0.4807222222222222,600.0,10.0,0.3333333333333333,197.0,0,0,
375,6,77,0.47405555555555556,600.0,10.0,0.3333333333333333,269.0,0,0,
376,6,75,0.4784999999999999,600.0,11.0,0.3666666666666666,263.0,0,0,
377,6,82,0.44638888888888884,600.0,10.0,0.3333333333333333,178.0,0,0,
378,6,79,0.415,600.0,8.0,0.2666666666666666,166.0,0,0,
379,6,78,0.5094444444444444,600.0,11.0,0.3666666666666666,363.0,0,0,
380,6,81,0.4578888888888889,600.0,11.0,0.3666666666666666,108.0,0,0,
381,6,76,0.5151666666666667,600.0,10.0,0.3333333333333333,341.0,0,0,
382,6,80,0.4684999999999999,600.0,10.0,0.3333333333333333,248.0,0,0,
383,6,87,0.47866666666666663,600.0,10.0,0.3333333333333333,267.0,0,0,
384,6,83,0.5060555555555556,600.0,10.0,0.3333333333333333,383.0,0,0,
385,6,85,0.4366666666666666,600.0,11.0,0.3666666666666666,155.0,0,0,
386,6,84,0.3431666666666666,600.0,3.0,0.1,143.0,0,0,
387,6,88,0.4145555555555555,600.0,10.0,0.3333333333333333,114.0,0,0,
388,6,86,0.4716666666666667,600.0,10.0,0.3333333333333333,242.0,0,0,
389,6,95,0.47355555555555556,600.0,10.0,0.3333333333333333,286.0,0,0,
390,6,96,0.511611111111111,600.0,10.0,0.3333333333333333,355.0,0,0,
391,6,91,0.33344444444444443,600.0,6.0,0.2,61.0,0,0,
392,6,89,0.4773333333333333,600.0,11.0,0.3666666666666666,302.0,0,0,
393,6,93,0.6180555555555555,600.0,13.0,0.4333333333333333,,0,0,
394,6,90,0.4728333333333333,600.0,10.0,0.3333333333333333,282.0,0,0,
395,6,92,0.4647777777777778,600.0,10.0,0.3333333333333333,279.0,0,0,
396,6,97,0.49172222222222217,600.0,11.0,0.3666666666666666,342.0,0,0,
397,6,94,0.4958888888888888,600.0,11.0,0.3666666666666666,329.0,0,0,
398,6,98,0.33899999999999997,600.0,7.0,0.2333333333333333,143.0,0,0,
399,6,99,0.49894444444444447,600.0,10.0,0.3333333333333333,291.0,0,0,
400,8,1,0.590625,600.0,20.0,0.5,231.0,0,0,
401,8,5,0.532125,600.0,20.0,0.5,74.0,0,0,
402,8,4,0.627625,600.0,19.0,0.475,288.0,0,0,
403,8,0,0.5687083333333334,600.0,20.0,0.5,133.0,0,0,
404,8,12,0.569875,600.0,20.0,0.5,145.0,0,0,
405,8,11,0.5249583333333334,600.0,20.0,0.5,33.0,0,0,
406,8,3,0.6469166666666666,600.0,20.0,0.5,320.0,0,0,
407,8,8,0.6008333333333333,600.0,20.0,0.5,242.0,0,0,
408,8,2,0.5629166666666666,600.0,20.0,0.5,100.0,0,0,
409,8,6,0.6212916666666667,600.0,21.0,0.525,211.0,0,0,
410,8,7,0.6207083333333333,600.0,20.0,0.5,357.0,0,0,
411,8,10,0.6262916666666666,600.0,20.0,0.5,232.0,0,0,
412,8,9,0.592625,600.0,20.0,0.5,200.0,0,0,
413,8,13,0.608375,600.0,20.0,0.5,192.0,0,0,
414,8,15,0.61175,600.0,20.0,0.5,261.0,0,0,
415,8,14,0.6255000000000001,600.0,20.0,0.5,351.0,0,0,
416,8,17,0.6088333333333333,600.0,20.0,0.5,254.0,0,0,
417,8,16,0.5417083333333333,600.0,20.0,0.5,148.0,0,0,
418,8,21,0.6125833333333334,600.0,21.0,0.525,215.0,0,0,
419,8,19,0.5875416666666666,600.0,20.0,0.5,220.0,0,0,
420,8,22,0.578125,600.0,20.0,0.5,271.0,0,0,
421,8,24,0.565,600.0,18.0,0.45,175.0,0,0,
422,8,20,0.6106666666666666,600.0,21.0,0.525,398.0,0,0,
423,8,18,0.5929166666666666,600.0,22.0,0.55,134.0,0,0,
424,8,23,0.5725833333333333,600.0,20.0,0.5,134.0,0,0,
425,8,25,0.6609166666666667,600.0,22.0,0.55,446.0,0,0,
426,8,27,0.5753750000000001,600.0,20.0,0.5,200.0,0,0,
427,8,26,0.6390833333333333,600.0,20.0,0.5,267.0,0,0,
428,8,28,0.5459583333333333,600.0,17.0,0.425,171.0,0,0,
429,8,29,0.6752916666666667,600.0,23.0,0.575,,0,0,
430,8,30,0.6000833333333333,600.0,20.0,0.5,299.0,0,0,
431,8,31,0.6607083333333333,600.0,21.0,0.525,322.0,0,0,
432,8,32,0.599375,600.0,21.0,0.525,355.0,0,0,
433,8,34,0.6267916666666666,600.0,21.0,0.525,260.0,0,0,
434,8,33,0.608375,600.0,20.0,0.5,258.0,0,0,
435,8,35,0.586875,600.0,20.0,0.5,241.0,0,0,
436,8,36,0.5635833333333334,600.0,20.0,0.5,102.0,0,0,
437,8,37,0.5612083333333334,600.0,20.0,0.5,132.0,0,0,
438,8,39,0.5722083333333333,600.0,18.0,0.45,198.0,0,0,
439,8,38,0.5972916666666667,600.0,20.0,0.5,169.0,0,0,
440,8,40,0.607125,600.0,20.0,0.5,139.0,0,0,
441,8,42,0.5945416666666667,600.0,20.0,0.5,225.0,0,0,
442,8,41,0.6408333333333334,600.0,20.0,0.5,322.0,0,0,
443,8,44,0.5718333333333334,600.0,20.0,0.5,203.0,0,0,
444,8,43,0.5600833333333334,600.0,20.0,0.5,128.0,0,0,
445,8,46,0.5774583333333334,600.0,18.0,0.45,193.0,0,0,
446,8,45,0.6627500000000001,600.0,21.0,0.525,287.0,0,0,
447,8,52,0.6108333333333333,600.0,20.0,0.5,305.0,0,0,
448,8,47,0.6070833333333333,600.0,20.0,0.5,268.0,0,0,
449,8,55,0.6165833333333333,600.0,21.0,0.525,369.0,0,0,
450,8,49,0.548625,600.0,16.0,0.4,170.0,0,0,
451,8,50,0.5430833333333334,600.0,20.0,0.5,75.0,0,0,
452,8,53,0.5731666666666666,600.0,20.0,0.5,219.0,0,0,
453,8,51,0.5769166666666666,600.0,20.0,0.5,176.0,0,0,
454,8,48,0.6415833333333333,600.0,20.0,0.5,245.0,0,0,
455,8,54,0.5623333333333332,600.0,20.0,0.5,205.0,0,0,
456,8,56,0.6944583333333334,600.0,22.0,0.55,492.0,0,0,
457,8,57,0.5669166666666666,600.0,20.0,0.5,146.0,0,0,
458,8,58,0.5895833333333333,600.0,20.0,0.5,221.0,0,0,
459,8,59,0.542625,600.0,20.0,0.5,39.0,0,0,
460,8,60,0.5789166666666667,600.0,20.0,0.5,161.0,0,0,
461,8,61,0.6729583333333334,600.0,21.0,0.525,425.0,0,0,
462,8,62,0.6050416666666666,600.0,18.0,0.45,252.0,0,0,
463,8,68,0.5787083333333334,600.0,20.0,0.5,115.0,0,0,
464,8,67,0.6477916666666667,600.0,20.0,0.5,407.0,0,0,
465,8,66,0.56125,600.0,19.0,0.475,218.0,0,0,
466,8,63,0.6520833333333333,600.0,20.0,0.5,410.0,0,0,
467,8,69,0.63175,600.0,21.0,0.525,348.0,0,0,
468,8,65,0.598125,600.0,21.0,0.525,334.0,0,0,
469,8,64,0.6298750000000001,600.0,21.0,0.525,288.0,0,0,
470,8,70,0.55925,600.0,20.0,0.5,102.0,0,0,
471,8,71,0.5652916666666666,600.0,20.0,0.5,163.0,0,0,
472,8,73,0.5723333333333332,600.0,20.0,0.5,179.0,0,0,
473,8,76,0.6357083333333333,600.0,20.0,0.5,341.0,0,0,
474,8,75,0.5915833333333333,600.0,20.0,0.5,200.0,0,0,
475,8,74,0.6105416666666666,600.0,20.0,0.5,197.0,0,0,
476,8,79,0.5928333333333333,600.0,19.0,0.475,245.0,0,0,
477,8,81,0.54825,600.0,19.0,0.475,100.0,0,0,
478,8,80,0.582375,600.0,21.0,0.525,153.0,0,0,
479,8,82,0.5754166666666667,600.0,20.0,0.5,171.0,0,0,
480,8,77,0.5784583333333333,600.0,20.0,0.5,202.0,0,0,
481,8,72,0.6617500000000001,600.0,21.0,0.525,421.0,0,0,
482,8,87,0.5748333333333334,600.0,20.0,0.5,111.0,0,0,
483,8,84,0.48516666666666663,600.0,14.0,0.35,173.0,0,0,
484,8,83,0.6285000000000001,600.0,20.0,0.5,330.0,0,0,
485,8,89,0.6350833333333333,600.0,22.0,0.55,484.0,0,0,
486,8,93,0.6140416666666667,600.0,20.0,0.5,211.0,0,0,
487,8,85,0.5742916666666666,600.0,20.0,0.5,127.0,0,0,
488,8,94,0.573625,600.0,20.0,0.5,141.0,0,0,
489,8,90,0.5894166666666666,600.0,20.0,0.5,152.0,0,0,
490,8,95,0.5745,600.0,20.0,0.5,160.0,0,0,
491,8,92,0.60575,600.0,19.0,0.475,374.0,0,0,
492,8,86,0.5985,600.0,20.0,0.5,234.0,0,0,
493,8,88,0.5609166666666667,600.0,20.0,0.5,114.0,0,0,
494,8,97,0.5549583333333333,600.0,20.0,0.5,97.0,0,0,
495,8,78,0.6380833333333333,600.0,21.0,0.525,424.0,0,0,
496,8,98,0.50425,600.0,17.0,0.425,143.0,0,0,
497,8,99,0.6298750000000001,600.0,20.0,0.5,345.0,0,0,
498,8,96,0.631625,600.0,20.0,0.5,347.0,0,0,
499,8,91,0.462625,600.0,13.0,0.325,61.0,0,0,
