RunId,point_sensing_radius,seed,J_delta,final_time_s,final_residual_deficit,final_normalized_deficit,time_to_90_percent_nominal_service_s,event_episodes,event_episodes_reaching_90_percent_nominal_service,mean_time_to_90_percent_nominal_service_after_event_s
0,10.0,0,0.42116666666666663,600.0,10.0,0.3333333333333333,124.0,0,0,
1,15.0,0,0.41677777777777775,600.0,10.0,0.3333333333333333,148.0,0,0,
2,20.0,0,0.418,600.0,10.0,0.3333333333333333,112.0,0,0,
3,25.0,0,0.4348333333333333,600.0,10.0,0.3333333333333333,152.0,0,0,
4,10.0,1,0.39994444444444444,600.0,10.0,0.3333333333333333,86.0,0,0,
5,15.0,1,0.4081666666666666,600.0,10.0,0.3333333333333333,80.0,0,0,
6,20.0,1,0.4187222222222222,600.0,10.0,0.3333333333333333,120.0,0,0,
7,25.0,1,0.4188333333333333,600.0,10.0,0.3333333333333333,172.0,0,0,
8,10.0,2,0.3894444444444444,600.0,10.0,0.3333333333333333,83.0,0,0,
9,15.0,2,0.3891111111111111,600.0,10.0,0.3333333333333333,82.0,0,0,
10,20.0,2,0.3873333333333333,600.0,10.0,0.3333333333333333,87.0,0,0,
11,25.0,2,0.3990555555555555,600.0,10.0,0.3333333333333333,115.0,0,0,
12,10.0,3,0.4345,600.0,10.0,0.3333333333333333,185.0,0,0,
13,15.0,3,0.4502777777777777,600.0,10.0,0.3333333333333333,252.0,0,0,
14,20.0,3,0.4403333333333333,600.0,11.0,0.3666666666666666,155.0,0,0,
15,25.0,3,0.44305555555555554,600.0,10.0,0.3333333333333333,273.0,0,0,
16,10.0,4,0.4663333333333334,600.0,9.0,0.3,204.0,0,0,
17,15.0,4,0.4827777777777778,600.0,8.0,0.2666666666666666,187.0,0,0,
18,20.0,4,0.4443333333333333,600.0,8.0,0.2666666666666666,180.0,0,0,
19,25.0,4,0.39266666666666666,600.0,7.0,0.2333333333333333,144.0,0,0,
20,10.0,5,0.43444444444444436,600.0,10.0,0.3333333333333333,316.0,0,0,
21,15.0,5,0.3894444444444444,600.0,10.0,0.3333333333333333,126.0,0,0,
22,20.0,5,0.39388888888888884,600.0,10.0,0.3333333333333333,95.0,0,0,
23,25.0,5,0.38616666666666666,600.0,10.0,0.3333333333333333,118.0,0,0,
24,10.0,6,0.5001666666666668,600.0,10.0,0.3333333333333333,225.0,0,0,
25,15.0,6,0.47077777777777774,600.0,10.0,0.3333333333333333,250.0,0,0,
26,20.0,6,0.4576666666666666,600.0,10.0,0.3333333333333333,185.0,0,0,
27,25.0,6,0.5128333333333334,600.0,12.0,0.4,339.0,0,0,
28,10.0,7,0.4666111111111111,600.0,10.0,0.3333333333333333,223.0,0,0,
29,15.0,7,0.4403333333333333,600.0,10.0,0.3333333333333333,189.0,0,0,
30,20.0,7,0.4626111111111111,600.0,10.0,0.3333333333333333,198.0,0,0,
31,25.0,7,0.44372222222222213,600.0,11.0,0.3666666666666666,133.0,0,0,
32,10.0,8,0.44583333333333336,600.0,10.0,0.3333333333333333,254.0,0,0,
33,15.0,8,0.46594444444444444,600.0,10.0,0.3333333333333333,261.0,0,0,
34,20.0,8,0.42627777777777776,600.0,10.0,0.3333333333333333,177.0,0,0,
35,25.0,8,0.41255555555555556,600.0,10.0,0.3333333333333333,129.0,0,0,
36,10.0,9,0.5206666666666666,600.0,11.0,0.3666666666666666,345.0,0,0,
37,15.0,9,0.4235555555555555,600.0,10.0,0.3333333333333333,125.0,0,0,
38,20.0,9,0.4277222222222222,600.0,10.0,0.3333333333333333,143.0,0,0,
39,25.0,9,0.42894444444444446,600.0,10.0,0.3333333333333333,140.0,0,0,
40,10.0,10,0.48083333333333333,600.0,10.0,0.3333333333333333,322.0,0,0,
41,15.0,10,0.522888888888889,600.0,12.0,0.4,254.0,0,0,
42,20.0,10,0.5513333333333333,600.0,10.0,0.3333333333333333,446.0,0,0,
43,25.0,10,0.5487777777777777,600.0,12.0,0.4,538.0,0,0,
44,10.0,11,0.3906666666666666,600.0,10.0,0.3333333333333333,107.0,0,0,
45,15.0,11,0.38077777777777777,600.0,10.0,0.3333333333333333,121.0,0,0,
46,20.0,11,0.39755555555555555,600.0,10.0,0.3333333333333333,107.0,0,0,
47,25.0,11,0.3956666666666666,600.0,10.0,0.3333333333333333,107.0,0,0,
48,10.0,12,0.43177777777777776,600.0,10.0,0.3333333333333333,243.0,0,0,
49,15.0,12,0.44161111111111107,600.0,10.0,0.3333333333333333,158.0,0,0,
50,20.0,12,0.4176111111111111,600.0,10.0,0.3333333333333333,128.0,0,0,
51,25.0,12,0.4417222222222222,600.0,10.0,0.3333333333333333,165.0,0,0,
52,10.0,13,0.44944444444444437,600.0,10.0,0.3333333333333333,168.0,0,0,
53,15.0,13,0.43822222222222224,600.0,10.0,0.3333333333333333,136.0,0,0,
54,20.0,13,0.4273333333333333,600.0,10.0,0.3333333333333333,126.0,0,0,
55,25.0,13,0.4398333333333333,600.0,10.0,0.3333333333333333,149.0,0,0,
56,10.0,14,0.49933333333333335,600.0,12.0,0.4,243.0,0,0,
57,15.0,14,0.44022222222222224,600.0,10.0,0.3333333333333333,115.0,0,0,
58,20.0,14,0.4376666666666666,600.0,10.0,0.3333333333333333,121.0,0,0,
59,25.0,14,0.43427777777777776,600.0,10.0,0.3333333333333333,110.0,0,0,
60,10.0,15,0.4649444444444444,600.0,10.0,0.3333333333333333,245.0,0,0,
61,15.0,15,0.4626111111111111,600.0,10.0,0.3333333333333333,214.0,0,0,
62,20.0,15,0.4229444444444444,600.0,10.0,0.3333333333333333,121.0,0,0,
63,25.0,15,0.43316666666666664,600.0,10.0,0.3333333333333333,209.0,0,0,
64,10.0,16,0.43127777777777776,600.0,10.0,0.3333333333333333,211.0,0,0,
65,15.0,16,0.39844444444444443,600.0,10.0,0.3333333333333333,121.0,0,0,
66,20.0,16,0.4349444444444444,600.0,10.0,0.3333333333333333,209.0,0,0,
67,25.0,16,0.42338888888888887,600.0,10.0,0.3333333333333333,193.0,0,0,
68,10.0,17,0.46377777777777773,600.0,10.0,0.3333333333333333,195.0,0,0,
69,15.0,17,0.47061111111111115,600.0,11.0,0.3666666666666666,111.0,0,0,
70,20.0,17,0.46377777777777773,600.0,10.0,0.3333333333333333,191.0,0,0,
71,25.0,17,0.4576666666666666,600.0,10.0,0.3333333333333333,229.0,0,0,
72,10.0,18,0.4800555555555555,600.0,10.0,0.3333333333333333,455.0,0,0,
73,15.0,18,0.43583333333333335,600.0,10.0,0.3333333333333333,195.0,0,0,
74,20.0,18,0.4445,600.0,10.0,0.3333333333333333,227.0,0,0,
75,25.0,18,0.4642777777777778,600.0,10.0,0.3333333333333333,282.0,0,0,
76,10.0,19,0.4420555555555556,600.0,10.0,0.3333333333333333,73.0,0,0,
77,15.0,19,0.41777777777777775,600.0,10.0,0.3333333333333333,70.0,0,0,
78,20.0,19,0.3762222222222222,600.0,9.0,0.3,68.0,0,0,
79,25.0,19,0.4154444444444444,600.0,10.0,0.3333333333333333,81.0,0,0,
80,10.0,20,0.44655555555555554,600.0,10.0,0.3333333333333333,211.0,0,0,
81,15.0,20,0.43927777777777777,600.0,11.0,0.3666666666666666,170.0,0,0,
82,20.0,20,0.4482777777777777,600.0,10.0,0.3333333333333333,206.0,0,0,
83,25.0,20,0.42138888888888887,600.0,10.0,0.3333333333333333,160.0,0,0,
84,10.0,21,0.5097777777777777,600.0,10.0,0.3333333333333333,343.0,0,0,
85,15.0,21,0.4796111111111111,600.0,11.0,0.3666666666666666,183.0,0,0,
86,20.0,21,0.5231111111111111,600.0,11.0,0.3666666666666666,341.0,0,0,
87,25.0,21,0.4903888888888888,600.0,10.0,0.3333333333333333,225.0,0,0,
88,10.0,22,0.44149999999999995,600.0,9.0,0.3,292.0,0,0,
89,15.0,22,0.3712222222222222,600.0,9.0,0.3,79.0,0,0,
90,20.0,22,0.34983333333333333,600.0,9.0,0.3,77.0,0,0,
91,25.0,22,0.3592222222222222,600.0,9.0,0.3,59.0,0,0,
92,10.0,23,0.35288888888888886,600.0,8.0,0.2666666666666666,88.0,0,0,
93,15.0,23,0.4148888888888889,600.0,10.0,0.3333333333333333,90.0,0,0,
94,20.0,23,0.38138888888888883,600.0,9.0,0.3,90.0,0,0,
95,25.0,23,0.4126666666666667,600.0,10.0,0.3333333333333333,112.0,0,0,
96,10.0,24,0.4057222222222222,600.0,8.0,0.2666666666666666,143.0,0,0,
97,15.0,24,0.3514444444444444,600.0,7.0,0.2333333333333333,110.0,0,0,
98,20.0,24,0.37905555555555553,600.0,8.0,0.2666666666666666,105.0,0,0,
99,25.0,24,0.3321111111111111,600.0,6.0,0.2,98.0,0,0,
100,10.0,25,0.44372222222222213,600.0,11.0,0.3666666666666666,192.0,0,0,
101,15.0,25,0.4190555555555555,600.0,10.0,0.3333333333333333,147.0,0,0,
102,20.0,25,0.4495555555555555,600.0,11.0,0.3666666666666666,155.0,0,0,
103,25.0,25,0.45183333333333336,600.0,10.0,0.3333333333333333,134.0,0,0,
104,10.0,26,0.44461111111111107,600.0,10.0,0.3333333333333333,216.0,0,0,
105,15.0,26,0.419,600.0,10.0,0.3333333333333333,120.0,0,0,
106,20.0,26,0.38738888888888884,600.0,8.0,0.2666666666666666,172.0,0,0,
107,25.0,26,0.3944999999999999,600.0,8.0,0.2666666666666666,165.0,0,0,
108,10.0,27,0.4062777777777778,600.0,10.0,0.3333333333333333,57.0,0,0,
109,15.0,27,0.40144444444444444,600.0,10.0,0.3333333333333333,98.0,0,0,
110,20.0,27,0.3927777777777778,600.0,10.0,0.3333333333333333,97.0,0,0,
111,25.0,27,0.3853333333333333,600.0,10.0,0.3333333333333333,52.0,0,0,
112,10.0,28,0.3645555555555555,600.0,7.0,0.2333333333333333,167.0,0,0,
113,15.0,28,0.35727777777777775,600.0,7.0,0.2333333333333333,159.0,0,0,
114,20.0,28,0.3775,600.0,7.0,0.2333333333333333,188.0,0,0,
115,25.0,28,0.4905555555555555,600.0,10.0,0.3333333333333333,296.0,0,0,
116,10.0,29,0.4156111111111111,600.0,10.0,0.3333333333333333,150.0,0,0,
117,15.0,29,0.4567777777777778,600.0,10.0,0.3333333333333333,299.0,0,0,
118,20.0,29,0.40349999999999997,600.0,10.0,0.3333333333333333,163.0,0,0,
119,25.0,29,0.4525,600.0,10.0,0.3333333333333333,273.0,0,0,
120,10.0,30,0.3957222222222222,600.0,10.0,0.3333333333333333,92.0,0,0,
121,15.0,30,0.3883888888888889,600.0,10.0,0.3333333333333333,76.0,0,0,
122,20.0,30,0.3838333333333333,600.0,10.0,0.3333333333333333,90.0,0,0,
123,25.0,30,0.38733333333333336,600.0,10.0,0.3333333333333333,97.0,0,0,
124,10.0,31,0.5155000000000001,600.0,10.0,0.3333333333333333,380.0,0,0,
125,15.0,31,0.5502222222222222,600.0,13.0,0.4333333333333333,,0,0,
126,20.0,31,0.4891666666666666,600.0,11.0,0.3666666666666666,229.0,0,0,
127,25.0,31,0.48188888888888887,600.0,10.0,0.3333333333333333,247.0,0,0,
128,10.0,32,0.4725,600.0,12.0,0.4,271.0,0,0,
129,15.0,32,0.4305,600.0,10.0,0.3333333333333333,162.0,0,0,
130,20.0,32,0.40288888888888885,600.0,10.0,0.3333333333333333,100.0,0,0,
131,25.0,32,0.468,600.0,10.0,0.3333333333333333,368.0,0,0,
132,10.0,33,0.5094444444444445,600.0,11.0,0.3666666666666666,487.0,0,0,
133,15.0,33,0.45383333333333337,600.0,10.0,0.3333333333333333,172.0,0,0,
134,20.0,33,0.4856111111111111,600.0,10.0,0.3333333333333333,339.0,0,0,
135,25.0,33,0.4483333333333333,600.0,10.0,0.3333333333333333,203.0,0,0,
136,10.0,34,0.5061111111111111,600.0,10.0,0.3333333333333333,266.0,0,0,
137,15.0,34,0.46294444444444444,600.0,10.0,0.3333333333333333,216.0,0,0,
138,20.0,34,0.47088888888888886,600.0,10.0,0.3333333333333333,222.0,0,0,
139,25.0,34,0.46138888888888885,600.0,10.0,0.3333333333333333,221.0,0,0,
140,10.0,35,0.4518888888888889,600.0,10.0,0.3333333333333333,208.0,0,0,
141,15.0,35,0.4326111111111111,600.0,10.0,0.3333333333333333,229.0,0,0,
142,20.0,35,0.4338888888888889,600.0,11.0,0.3666666666666666,197.0,0,0,
143,25.0,35,0.4551111111111111,600.0,12.0,0.4,182.0,0,0,
144,10.0,36,0.4106111111111111,600.0,10.0,0.3333333333333333,109.0,0,0,
145,15.0,36,0.42694444444444446,600.0,10.0,0.3333333333333333,212.0,0,0,
146,20.0,36,0.413,600.0,10.0,0.3333333333333333,126.0,0,0,
147,25.0,36,0.41855555555555557,600.0,10.0,0.3333333333333333,211.0,0,0,
148,10.0,37,0.4397222222222222,600.0,10.0,0.3333333333333333,203.0,0,0,
149,15.0,37,0.42877777777777776,600.0,10.0,0.3333333333333333,191.0,0,0,
150,20.0,37,0.40188888888888885,600.0,10.0,0.3333333333333333,159.0,0,0,
151,25.0,37,0.4028333333333333,600.0,10.0,0.3333333333333333,161.0,0,0,
152,10.0,38,0.4543888888888889,600.0,10.0,0.3333333333333333,140.0,0,0,
153,15.0,38,0.4597222222222222,600.0,10.0,0.3333333333333333,179.0,0,0,
154,20.0,38,0.5211111111111112,600.0,10.0,0.3333333333333333,385.0,0,0,
155,25.0,38,0.48316666666666674,600.0,12.0,0.4,135.0,0,0,
156,10.0,39,0.3445555555555555,600.0,8.0,0.2666666666666666,85.0,0,0,
157,15.0,39,0.3050555555555555,600.0,7.0,0.2333333333333333,72.0,0,0,
158,20.0,39,0.30077777777777776,600.0,7.0,0.2333333333333333,76.0,0,0,
159,25.0,39,0.3182222222222222,600.0,7.0,0.2333333333333333,87.0,0,0,
160,10.0,40,0.5732222222222222,600.0,12.0,0.4,584.0,0,0,
161,15.0,40,0.5061111111111112,600.0,10.0,0.3333333333333333,260.0,0,0,
162,20.0,40,0.5944444444444443,600.0,11.0,0.3666666666666666,517.0,0,0,
163,25.0,40,0.47872222222222227,600.0,9.0,0.3,251.0,0,0,
164,10.0,41,0.4497777777777778,600.0,10.0,0.3333333333333333,179.0,0,0,
165,15.0,41,0.43788888888888894,600.0,10.0,0.3333333333333333,173.0,0,0,
166,20.0,41,0.4452222222222222,600.0,10.0,0.3333333333333333,164.0,0,0,
167,25.0,41,0.4177222222222222,600.0,10.0,0.3333333333333333,140.0,0,0,
168,10.0,42,0.4459444444444444,600.0,11.0,0.3666666666666666,160.0,0,0,
169,15.0,42,0.45616666666666666,600.0,10.0,0.3333333333333333,222.0,0,0,
170,20.0,42,0.4338888888888889,600.0,10.0,0.3333333333333333,185.0,0,0,
171,25.0,42,0.4136111111111111,600.0,10.0,0.3333333333333333,110.0,0,0,
172,10.0,43,0.46655555555555556,600.0,11.0,0.3666666666666666,293.0,0,0,
173,15.0,43,0.4294444444444444,600.0,10.0,0.3333333333333333,95.0,0,0,
174,20.0,43,0.4182222222222222,600.0,10.0,0.3333333333333333,162.0,0,0,
175,25.0,43,0.4221111111111111,600.0,10.0,0.3333333333333333,143.0,0,0,
176,10.0,44,0.34027777777777773,600.0,6.0,0.2,70.0,0,0,
177,15.0,44,0.34049999999999997,600.0,8.0,0.2666666666666666,49.0,0,0,
178,20.0,44,0.30966666666666665,600.0,6.0,0.2,49.0,0,0,
179,25.0,44,0.34049999999999997,600.0,7.0,0.2333333333333333,44.0,0,0,
180,10.0,45,0.5218333333333333,600.0,11.0,0.3666666666666666,424.0,0,0,
181,15.0,45,0.5171666666666667,600.0,10.0,0.3333333333333333,223.0,0,0,
182,20.0,45,0.49,600.0,10.0,0.3333333333333333,239.0,0,0,
183,25.0,45,0.45338888888888884,600.0,10.0,0.3333333333333333,199.0,0,0,
184,10.0,46,0.3605,600.0,5.0,0.1666666666666666,188.0,0,0,
185,15.0,46,0.3388333333333334,600.0,6.0,0.2,130.0,0,0,
186,20.0,46,0.31338888888888883,600.0,5.0,0.1666666666666666,128.0,0,0,
187,25.0,46,0.27416666666666667,600.0,3.0,0.1,120.0,0,0,
188,10.0,47,0.41999999999999993,600.0,10.0,0.3333333333333333,115.0,0,0,
189,15.0,47,0.4574444444444444,600.0,8.0,0.2666666666666666,191.0,0,0,
190,20.0,47,0.41438888888888886,600.0,7.0,0.2333333333333333,226.0,0,0,
191,25.0,47,0.4136666666666666,600.0,8.0,0.2666666666666666,198.0,0,0,
192,10.0,48,0.5105,600.0,11.0,0.3666666666666666,480.0,0,0,
193,15.0,48,0.46861111111111103,600.0,10.0,0.3333333333333333,271.0,0,0,
194,20.0,48,0.433,600.0,10.0,0.3333333333333333,98.0,0,0,
195,25.0,48,0.4306111111111111,600.0,10.0,0.3333333333333333,115.0,0,0,
196,10.0,49,0.3640555555555555,600.0,7.0,0.2333333333333333,83.0,0,0,
197,15.0,49,0.2702777777777778,600.0,4.0,0.1333333333333333,93.0,0,0,
198,20.0,49,0.335,600.0,6.0,0.2,102.0,0,0,
199,25.0,49,0.2850555555555555,600.0,5.0,0.1666666666666666,95.0,0,0,
200,10.0,50,0.4428888888888889,600.0,10.0,0.3333333333333333,213.0,0,0,
201,15.0,50,0.41533333333333333,600.0,10.0,0.3333333333333333,154.0,0,0,
202,20.0,50,0.40094444444444444,600.0,10.0,0.3333333333333333,133.0,0,0,
203,25.0,50,0.40605555555555556,600.0,10.0,0.3333333333333333,158.0,0,0,
204,10.0,51,0.4375,600.0,10.0,0.3333333333333333,136.0,0,0,
205,15.0,51,0.45011111111111113,600.0,10.0,0.3333333333333333,185.0,0,0,
206,20.0,51,0.4578888888888889,600.0,10.0,0.3333333333333333,288.0,0,0,
207,25.0,51,0.49344444444444446,600.0,10.0,0.3333333333333333,401.0,0,0,
208,10.0,52,0.4097222222222222,600.0,10.0,0.3333333333333333,102.0,0,0,
209,15.0,52,0.42611111111111105,600.0,10.0,0.3333333333333333,105.0,0,0,
210,20.0,52,0.34855555555555556,600.0,7.0,0.2333333333333333,84.0,0,0,
211,25.0,52,0.29255555555555557,600.0,5.0,0.1666666666666666,80.0,0,0,
212,10.0,53,0.37955555555555553,600.0,9.0,0.3,131.0,0,0,
213,15.0,53,0.36916666666666664,600.0,8.0,0.2666666666666666,138.0,0,0,
214,20.0,53,0.4402777777777777,600.0,7.0,0.2333333333333333,412.0,0,0,
215,25.0,53,0.28572222222222216,600.0,5.0,0.1666666666666666,100.0,0,0,
216,10.0,54,0.4925555555555555,600.0,11.0,0.3666666666666666,249.0,0,0,
217,15.0,54,0.4051666666666667,600.0,10.0,0.3333333333333333,123.0,0,0,
218,20.0,54,0.39944444444444444,600.0,10.0,0.3333333333333333,112.0,0,0,
219,25.0,54,0.40149999999999997,600.0,10.0,0.3333333333333333,118.0,0,0,
220,10.0,55,0.4451666666666666,600.0,10.0,0.3333333333333333,244.0,0,0,
221,15.0,55,0.42261111111111105,600.0,11.0,0.3666666666666666,81.0,0,0,
222,20.0,55,0.42527777777777775,600.0,11.0,0.3666666666666666,84.0,0,0,
223,25.0,55,0.4122777777777778,600.0,10.0,0.3333333333333333,93.0,0,0,
224,10.0,56,0.46422222222222215,600.0,9.0,0.3,256.0,0,0,
225,15.0,56,0.35283333333333333,600.0,6.0,0.2,130.0,0,0,
226,20.0,56,0.3212222222222222,600.0,5.0,0.1666666666666666,113.0,0,0,
227,25.0,56,0.33138888888888884,600.0,5.0,0.1666666666666666,120.0,0,0,
228,10.0,57,0.4221111111111111,600.0,10.0,0.3333333333333333,122.0,0,0,
229,15.0,57,0.43161111111111106,600.0,10.0,0.3333333333333333,212.0,0,0,
230,20.0,57,0.45055555555555554,600.0,11.0,0.3666666666666666,179.0,0,0,
231,25.0,57,0.48122222222222216,600.0,11.0,0.3666666666666666,311.0,0,0,
232,10.0,58,0.4042222222222222,600.0,7.0,0.2333333333333333,132.0,0,0,
233,15.0,58,0.3695555555555555,600.0,7.0,0.2333333333333333,102.0,0,0,
234,20.0,58,0.3246111111111111,600.0,6.0,0.2,77.0,0,0,
235,25.0,58,0.2876666666666667,600.0,6.0,0.2,67.0,0,0,
236,10.0,59,0.3697222222222222,600.0,10.0,0.3333333333333333,46.0,0,0,
237,15.0,59,0.36727777777777776,600.0,10.0,0.3333333333333333,46.0,0,0,
238,20.0,59,0.3682222222222222,600.0,10.0,0.3333333333333333,44.0,0,0,
239,25.0,59,0.3633888888888889,600.0,10.0,0.3333333333333333,35.0,0,0,
240,10.0,60,0.41755555555555557,600.0,10.0,0.3333333333333333,131.0,0,0,
241,15.0,60,0.4001111111111111,600.0,10.0,0.3333333333333333,112.0,0,0,
242,20.0,60,0.40938888888888886,600.0,10.0,0.3333333333333333,128.0,0,0,
243,25.0,60,0.4125555555555555,600.0,10.0,0.3333333333333333,80.0,0,0,
244,10.0,61,0.46905555555555545,600.0,10.0,0.3333333333333333,219.0,0,0,
245,15.0,61,0.43161111111111106,600.0,10.0,0.3333333333333333,208.0,0,0,
246,20.0,61,0.5268888888888889,600.0,10.0,0.3333333333333333,380.0,0,0,
247,25.0,61,0.46388888888888885,600.0,10.0,0.3333333333333333,278.0,0,0,
248,10.0,62,0.39894444444444443,600.0,7.0,0.2333333333333333,118.0,0,0,
249,15.0,62,0.3636111111111111,600.0,6.0,0.2,112.0,0,0,
250,20.0,62,0.37249999999999994,600.0,5.0,0.1666666666666666,202.0,0,0,
251,25.0,62,0.36249999999999993,600.0,5.0,0.1666666666666666,118.0,0,0,
252,10.0,63,0.4081666666666667,600.0,10.0,0.3333333333333333,82.0,0,0,
253,15.0,63,0.40477777777777774,600.0,10.0,0.3333333333333333,74.0,0,0,
254,20.0,63,0.44433333333333336,600.0,10.0,0.3333333333333333,180.0,0,0,
255,25.0,63,0.4303333333333333,600.0,10.0,0.3333333333333333,342.0,0,0,
256,10.0,64,0.47138888888888886,600.0,11.0,0.3666666666666666,221.0,0,0,
257,15.0,64,0.4141666666666667,600.0,9.0,0.3,169.0,0,0,
258,20.0,64,0.3471111111111111,600.0,6.0,0.2,152.0,0,0,
259,25.0,64,0.42027777777777775,600.0,10.0,0.3333333333333333,139.0,0,0,
260,10.0,65,0.4648333333333333,600.0,11.0,0.3666666666666666,201.0,0,0,
261,15.0,65,0.4348888888888889,600.0,10.0,0.3333333333333333,160.0,0,0,
262,20.0,65,0.4214444444444444,600.0,10.0,0.3333333333333333,176.0,0,0,
263,25.0,65,0.4520555555555555,600.0,11.0,0.3666666666666666,197.0,0,0,
264,10.0,66,0.3785,600.0,6.0,0.2,193.0,0,0,
265,15.0,66,0.34772222222222215,600.0,8.0,0.2666666666666666,107.0,0,0,
266,20.0,66,0.41477777777777775,600.0,9.0,0.3,270.0,0,0,
267,25.0,66,0.3543888888888888,600.0,8.0,0.2666666666666666,127.0,0,0,
268,10.0,67,0.44350000000000006,600.0,10.0,0.3333333333333333,110.0,0,0,
269,15.0,67,0.3981666666666666,600.0,10.0,0.3333333333333333,87.0,0,0,
270,20.0,67,0.4080555555555555,600.0,10.0,0.3333333333333333,210.0,0,0,
271,25.0,67,0.40900000000000003,600.0,10.0,0.3333333333333333,141.0,0,0,
272,10.0,68,0.4270555555555556,600.0,10.0,0.3333333333333333,183.0,0,0,
273,15.0,68,0.43677777777777776,600.0,10.0,0.3333333333333333,291.0,0,0,
274,20.0,68,0.41194444444444445,600.0,10.0,0.3333333333333333,107.0,0,0,
275,25.0,68,0.40544444444444444,600.0,10.0,0.3333333333333333,103.0,0,0,
276,10.0,69,0.4073333333333333,600.0,9.0,0.3,153.0,0,0,
277,15.0,69,0.4088333333333333,600.0,9.0,0.3,118.0,0,0,
278,20.0,69,0.4500555555555555,600.0,10.0,0.3333333333333333,200.0,0,0,
279,25.0,69,0.4348888888888889,600.0,9.0,0.3,179.0,0,0,
280,10.0,70,0.42094444444444445,600.0,10.0,0.3333333333333333,190.0,0,0,
281,15.0,70,0.43711111111111106,600.0,10.0,0.3333333333333333,200.0,0,0,
282,20.0,70,0.40377777777777774,600.0,10.0,0.3333333333333333,108.0,0,0,
283,25.0,70,0.41966666666666663,600.0,10.0,0.3333333333333333,186.0,0,0,
284,10.0,71,0.40294444444444444,600.0,10.0,0.3333333333333333,107.0,0,0,
285,15.0,71,0.4448888888888888,600.0,11.0,0.3666666666666666,162.0,0,0,
286,20.0,71,0.4581666666666667,600.0,12.0,0.4,112.0,0,0,
287,25.0,71,0.41938888888888887,600.0,10.0,0.3333333333333333,123.0,0,0,
288,10.0,72,0.4868333333333333,600.0,10.0,0.3333333333333333,321.0,0,0,
289,15.0,72,0.4694444444444445,600.0,10.0,0.3333333333333333,253.0,0,0,
290,20.0,72,0.44316666666666665,600.0,10.0,0.3333333333333333,115.0,0,0,
291,25.0,72,0.4235,600.0,10.0,0.3333333333333333,112.0,0,0,
292,10.0,73,0.4198888888888889,600.0,10.0,0.3333333333333333,147.0,0,0,
293,15.0,73,0.4517222222222222,600.0,10.0,0.3333333333333333,210.0,0,0,
294,20.0,73,0.46311111111111103,600.0,10.0,0.3333333333333333,318.0,0,0,
295,25.0,73,0.46622222222222215,600.0,10.0,0.3333333333333333,238.0,0,0,
296,10.0,74,0.5118888888888888,600.0,10.0,0.3333333333333333,240.0,0,0,
297,15.0,74,0.47394444444444445,600.0,10.0,0.3333333333333333,264.0,0,0,
298,20.0,74,0.5332777777777779,600.0,14.0,0.4666666666666667,,0,0,
299,25.0,74,0.4478333333333333,600.0,10.0,0.3333333333333333,110.0,0,0,
300,10.0,75,0.46077777777777773,600.0,10.0,0.3333333333333333,136.0,0,0,
301,15.0,75,0.49788888888888894,600.0,12.0,0.4,223.0,0,0,
302,20.0,75,0.4545555555555556,600.0,10.0,0.3333333333333333,182.0,0,0,
303,25.0,75,0.48188888888888887,600.0,11.0,0.3666666666666666,236.0,0,0,
304,10.0,76,0.4428333333333333,600.0,10.0,0.3333333333333333,234.0,0,0,
305,15.0,76,0.4274444444444444,600.0,11.0,0.3666666666666666,94.0,0,0,
306,20.0,76,0.42144444444444434,600.0,11.0,0.3666666666666666,94.0,0,0,
307,25.0,76,0.4121111111111111,600.0,10.0,0.3333333333333333,72.0,0,0,
308,10.0,77,0.32466666666666666,600.0,7.0,0.2333333333333333,98.0,0,0,
309,15.0,77,0.326,600.0,7.0,0.2333333333333333,137.0,0,0,
310,20.0,77,0.3020555555555555,600.0,6.0,0.2,67.0,0,0,
311,25.0,77,0.33094444444444443,600.0,6.0,0.2,71.0,0,0,
312,10.0,78,0.48438888888888887,600.0,11.0,0.3666666666666666,324.0,0,0,
313,15.0,78,0.4374444444444444,600.0,10.0,0.3333333333333333,253.0,0,0,
314,20.0,78,0.3862222222222222,600.0,8.0,0.2666666666666666,140.0,0,0,
315,25.0,78,0.4220555555555555,600.0,10.0,0.3333333333333333,206.0,0,0,
316,10.0,79,0.41133333333333333,600.0,9.0,0.3,204.0,0,0,
317,15.0,79,0.4603333333333333,600.0,10.0,0.3333333333333333,326.0,0,0,
318,20.0,79,0.37355555555555553,600.0,6.0,0.2,239.0,0,0,
319,25.0,79,0.412,600.0,8.0,0.2666666666666666,228.0,0,0,
320,10.0,80,0.4578888888888889,600.0,10.0,0.3333333333333333,226.0,0,0,
321,15.0,80,0.47600000000000003,600.0,10.0,0.3333333333333333,243.0,0,0,
322,20.0,80,0.42516666666666664,600.0,10.0,0.3333333333333333,166.0,0,0,
323,25.0,80,0.4573888888888889,600.0,12.0,0.4,90.0,0,0,
324,10.0,81,0.4573333333333333,600.0,11.0,0.3666666666666666,201.0,0,0,
325,15.0,81,0.4280555555555555,600.0,10.0,0.3333333333333333,153.0,0,0,
326,20.0,81,0.40038888888888885,600.0,10.0,0.3333333333333333,78.0,0,0,
327,25.0,81,0.43711111111111106,600.0,9.0,0.3,123.0,0,0,
328,10.0,82,0.4477222222222222,600.0,10.0,0.3333333333333333,213.0,0,0,
329,15.0,82,0.4348888888888889,600.0,10.0,0.3333333333333333,157.0,0,0,
330,20.0,82,0.46149999999999997,600.0,10.0,0.3333333333333333,295.0,0,0,
331,25.0,82,0.4221111111111111,600.0,10.0,0.3333333333333333,144.0,0,0,
332,10.0,83,0.4425,600.0,10.0,0.3333333333333333,221.0,0,0,
333,15.0,83,0.42088888888888887,600.0,10.0,0.3333333333333333,152.0,0,0,
334,20.0,83,0.424,600.0,10.0,0.3333333333333333,160.0,0,0,
335,25.0,83,0.4127222222222222,600.0,10.0,0.3333333333333333,143.0,0,0,
336,10.0,84,0.37738888888888883,600.0,7.0,0.2333333333333333,214.0,0,0,
337,15.0,84,0.44655555555555554,600.0,8.0,0.2666666666666666,199.0,0,0,
338,20.0,84,0.35727777777777775,600.0,6.0,0.2,113.0,0,0,
339,25.0,84,0.34355555555555556,600.0,4.0,0.1333333333333333,85.0,0,0,
340,10.0,85,0.4072222222222222,600.0,10.0,0.3333333333333333,151.0,0,0,
341,15.0,85,0.43538888888888894,600.0,10.0,0.3333333333333333,210.0,0,0,
342,20.0,85,0.3887222222222222,600.0,10.0,0.3333333333333333,92.0,0,0,
343,25.0,85,0.38855555555555554,600.0,10.0,0.3333333333333333,99.0,0,0,
344,10.0,86,0.4283888888888888,600.0,10.0,0.3333333333333333,108.0,0,0,
345,15.0,86,0.4330555555555555,600.0,10.0,0.3333333333333333,164.0,0,0,
346,20.0,86,0.4675555555555555,600.0,10.0,0.3333333333333333,318.0,0,0,
347,25.0,86,0.4622222222222222,600.0,10.0,0.3333333333333333,256.0,0,0,
348,10.0,87,0.4235,600.0,10.0,0.3333333333333333,93.0,0,0,
349,15.0,87,0.4230555555555555,600.0,10.0,0.3333333333333333,130.0,0,0,
350,20.0,87,0.40505555555555556,600.0,10.0,0.3333333333333333,94.0,0,0,
351,25.0,87,0.4225,600.0,10.0,0.3333333333333333,169.0,0,0,
352,10.0,88,0.386,600.0,10.0,0.3333333333333333,94.0,0,0,
353,15.0,88,0.3854444444444444,600.0,10.0,0.3333333333333333,96.0,0,0,
354,20.0,88,0.414,600.0,10.0,0.3333333333333333,160.0,0,0,
355,25.0,88,0.41027777777777774,600.0,10.0,0.3333333333333333,137.0,0,0,
356,10.0,89,0.44461111111111107,600.0,10.0,0.3333333333333333,179.0,0,0,
357,15.0,89,0.44883333333333325,600.0,10.0,0.3333333333333333,133.0,0,0,
358,20.0,89,0.43611111111111106,600.0,10.0,0.3333333333333333,130.0,0,0,
359,25.0,89,0.4180555555555555,600.0,10.0,0.3333333333333333,110.0,0,0,
360,10.0,90,0.4357777777777777,600.0,10.0,0.3333333333333333,115.0,0,0,
361,15.0,90,0.42566666666666664,600.0,10.0,0.3333333333333333,113.0,0,0,
362,20.0,90,0.4777777777777778,600.0,10.0,0.3333333333333333,337.0,0,0,
363,25.0,90,0.4347222222222222,600.0,10.0,0.3333333333333333,255.0,0,0,
364,10.0,91,0.27338888888888885,600.0,4.0,0.1333333333333333,63.0,0,0,
365,15.0,91,0.346,600.0,5.0,0.1666666666666666,71.0,0,0,
366,20.0,91,0.2922222222222222,600.0,5.0,0.1666666666666666,104.0,0,0,
367,25.0,91,0.24572222222222218,600.0,4.0,0.1333333333333333,61.0,0,0,
368,10.0,92,0.3207777777777777,600.0,5.0,0.1666666666666666,119.0,0,0,
369,15.0,92,0.37711111111111106,600.0,8.0,0.2666666666666666,124.0,0,0,
370,20.0,92,0.3828888888888889,600.0,10.0,0.3333333333333333,85.0,0,0,
371,25.0,92,0.35877777777777775,600.0,8.0,0.2666666666666666,88.0,0,0,
372,10.0,93,0.39844444444444443,600.0,7.0,0.2333333333333333,181.0,0,0,
373,15.0,93,0.3933333333333333,600.0,6.0,0.2,163.0,0,0,
374,20.0,93,0.37772222222222224,600.0,6.0,0.2,147.0,0,0,
375,25.0,93,0.33038888888888884,600.0,5.0,0.1666666666666666,131.0,0,0,
376,10.0,94,0.4298333333333333,600.0,10.0,0.3333333333333333,171.0,0,0,
377,15.0,94,0.4359444444444444,600.0,10.0,0.3333333333333333,265.0,0,0,
378,20.0,94,0.42844444444444446,600.0,10.0,0.3333333333333333,214.0,0,0,
379,25.0,94,0.46311111111111114,600.0,10.0,0.3333333333333333,335.0,0,0,
380,10.0,95,0.43349999999999994,600.0,11.0,0.3666666666666666,110.0,0,0,
381,15.0,95,0.41094444444444445,600.0,10.0,0.3333333333333333,90.0,0,0,
382,20.0,95,0.4492222222222222,600.0,10.0,0.3333333333333333,265.0,0,0,
383,25.0,95,0.4349444444444444,600.0,10.0,0.3333333333333333,195.0,0,0,
384,10.0,96,0.4606666666666666,600.0,10.0,0.3333333333333333,217.0,0,0,
385,15.0,96,0.442,600.0,10.0,0.3333333333333333,145.0,0,0,
386,20.0,96,0.4448888888888889,600.0,10.0,0.3333333333333333,174.0,0,0,
387,25.0,96,0.4201111111111111,600.0,10.0,0.3333333333333333,139.0,0,0,
388,10.0,97,0.42894444444444446,600.0,10.0,0.3333333333333333,236.0,0,0,
389,15.0,97,0.4089444444444444,600.0,10.0,0.3333333333333333,166.0,0,0,
390,20.0,97,0.41505555555555557,600.0,10.0,0.3333333333333333,143.0,0,0,
391,25.0,97,0.3857777777777778,600.0,10.0,0.3333333333333333,66.0,0,0,
392,10.0,98,0.30561111111111106,600.0,7.0,0.2333333333333333,101.0,0,0,
393,15.0,98,0.3331111111111111,600.0,7.0,0.2333333333333333,146.0,0,0,
394,20.0,98,0.3268333333333333,600.0,7.0,0.2333333333333333,81.0,0,0,
395,25.0,98,0.33688888888888885,600.0,8.0,0.2666666666666666,112.0,0,0,
396,10.0,99,0.5702222222222222,600.0,10.0,0.3333333333333333,500.0,0,0,
397,15.0,99,0.44949999999999996,600.0,8.0,0.2666666666666666,232.0,0,0,
398,20.0,99,0.33138888888888884,600.0,5.0,0.1666666666666666,140.0,0,0,
399,25.0,99,0.35566666666666663,600.0,5.0,0.1666666666666666,182.0,0,0,
