RunId,point_layout,seed,J_delta,final_time_s,final_residual_deficit,final_normalized_deficit,time_to_90_percent_nominal_service_s,event_episodes,event_episodes_reaching_90_percent_nominal_service,mean_time_to_90_percent_nominal_service_after_event_s
0,random,0,0.3015833333333333,600.0,0.0,0.0,351.0,0,0,
1,clusters,0,0.205,600.0,0.0,0.0,433.0,0,0,
2,dispersed,0,0.24550000000000002,600.0,1.0,0.05,293.0,0,0,
3,circle,0,0.16841666666666666,600.0,1.0,0.05,336.0,0,0,
4,edges,0,0.30141666666666667,600.0,3.0,0.15,,0,0,
5,central,0,0.04558333333333334,600.0,0.0,0.0,50.0,0,0,
6,random,1,0.24966666666666668,600.0,2.0,0.1,493.0,0,0,
7,clusters,1,0.3415833333333333,600.0,1.0,0.05,490.0,0,0,
8,dispersed,1,0.22025,600.0,1.0,0.05,262.0,0,0,
9,circle,1,0.14141666666666666,600.0,0.0,0.0,182.0,0,0,
10,edges,1,0.2719166666666667,600.0,2.0,0.1,350.0,0,0,
11,central,1,0.03158333333333333,600.0,0.0,0.0,41.0,0,0,
12,random,2,0.17708333333333334,600.0,0.0,0.0,169.0,0,0,
13,clusters,2,0.10258333333333333,600.0,0.0,0.0,183.0,0,0,
14,dispersed,2,0.2185,600.0,1.0,0.05,312.0,0,0,
15,circle,2,0.11891666666666666,600.0,0.0,0.0,120.0,0,0,
16,edges,2,0.2801666666666667,600.0,2.0,0.1,383.0,0,0,
17,central,2,0.02891666666666667,600.0,0.0,0.0,37.0,0,0,
18,random,3,0.14900000000000002,600.0,0.0,0.0,244.0,0,0,
19,clusters,3,0.16266666666666665,600.0,0.0,0.0,206.0,0,0,
20,dispersed,3,0.28058333333333335,600.0,2.0,0.1,393.0,0,0,
21,circle,3,0.16475,600.0,0.0,0.0,168.0,0,0,
22,edges,3,0.20383333333333334,600.0,0.0,0.0,239.0,0,0,
23,central,3,0.02525,600.0,0.0,0.0,38.0,0,0,
24,random,4,0.28633333333333333,600.0,0.0,0.0,301.0,0,0,
25,clusters,4,0.28825,600.0,0.0,0.0,361.0,0,0,
26,dispersed,4,0.23708333333333334,600.0,2.0,0.1,358.0,0,0,
27,circle,4,0.15141666666666667,600.0,1.0,0.05,167.0,0,0,
28,edges,4,0.24266666666666667,600.0,0.0,0.0,284.0,0,0,
29,central,4,0.16466666666666666,600.0,0.0,0.0,269.0,0,0,
30,random,5,0.3159166666666667,600.0,3.0,0.15,,0,0,
31,clusters,5,0.22583333333333333,600.0,0.0,0.0,373.0,0,0,
32,dispersed,5,0.33808333333333335,600.0,3.0,0.15,,0,0,
33,circle,5,0.10966666666666666,600.0,0.0,0.0,118.0,0,0,
34,edges,5,0.30291666666666667,600.0,3.0,0.15,,0,0,
35,central,5,0.11233333333333334,600.0,0.0,0.0,244.0,0,0,
36,random,6,0.3071666666666667,600.0,2.0,0.1,407.0,0,0,
37,clusters,6,0.1795,600.0,0.0,0.0,236.0,0,0,
38,dispersed,6,0.2485,600.0,1.0,0.05,412.0,0,0,
39,circle,6,0.10541666666666667,600.0,0.0,0.0,121.0,0,0,
40,edges,6,0.26666666666666666,600.0,1.0,0.05,313.0,0,0,
41,central,6,0.032916666666666664,600.0,0.0,0.0,32.0,0,0,
42,random,7,0.3611666666666667,600.0,1.0,0.05,376.0,0,0,
43,clusters,7,0.19716666666666666,600.0,0.0,0.0,318.0,0,0,
44,dispersed,7,0.237,600.0,0.0,0.0,358.0,0,0,
45,circle,7,0.16716666666666666,600.0,1.0,0.05,192.0,0,0,
46,edges,7,0.13924999999999998,600.0,0.0,0.0,121.0,0,0,
47,central,7,0.13099999999999998,600.0,0.0,0.0,248.0,0,0,
48,random,8,0.21775,600.0,2.0,0.1,317.0,0,0,
49,clusters,8,0.21725,600.0,0.0,0.0,306.0,0,0,
50,dispersed,8,0.16833333333333333,600.0,1.0,0.05,155.0,0,0,
51,circle,8,0.10666666666666667,600.0,0.0,0.0,128.0,0,0,
52,edges,8,0.2784166666666667,600.0,2.0,0.1,418.0,0,0,
53,central,8,0.03175,600.0,0.0,0.0,35.0,0,0,
54,random,9,0.24383333333333335,600.0,1.0,0.05,437.0,0,0,
55,clusters,9,0.43633333333333335,600.0,3.0,0.15,,0,0,
56,dispersed,9,0.24966666666666668,600.0,1.0,0.05,320.0,0,0,
57,circle,9,0.10558333333333333,600.0,0.0,0.0,100.0,0,0,
58,edges,9,0.2603333333333333,600.0,0.0,0.0,312.0,0,0,
59,central,9,0.07133333333333333,600.0,0.0,0.0,61.0,0,0,
60,random,10,0.29441666666666666,600.0,2.0,0.1,546.0,0,0,
61,clusters,10,0.371,600.0,0.0,0.0,370.0,0,0,
62,dispersed,10,0.23675000000000002,600.0,2.0,0.1,312.0,0,0,
63,circle,10,0.1475,600.0,1.0,0.05,195.0,0,0,
64,edges,10,0.19033333333333333,600.0,0.0,0.0,275.0,0,0,
65,central,10,0.12491666666666668,600.0,0.0,0.0,302.0,0,0,
66,random,11,0.22375,600.0,1.0,0.05,298.0,0,0,
67,clusters,11,0.08358333333333333,600.0,0.0,0.0,93.0,0,0,
68,dispersed,11,0.20875,600.0,1.0,0.05,334.0,0,0,
69,circle,11,0.17900000000000002,600.0,1.0,0.05,261.0,0,0,
70,edges,11,0.16808333333333333,600.0,0.0,0.0,278.0,0,0,
71,central,11,0.033666666666666664,600.0,0.0,0.0,46.0,0,0,
72,random,12,0.4170833333333333,600.0,3.0,0.15,,0,0,
73,clusters,12,0.19991666666666666,600.0,0.0,0.0,231.0,0,0,
74,dispersed,12,0.2633333333333333,600.0,2.0,0.1,440.0,0,0,
75,circle,12,0.11599999999999999,600.0,0.0,0.0,126.0,0,0,
76,edges,12,0.23208333333333334,600.0,1.0,0.05,284.0,0,0,
77,central,12,0.162,600.0,0.0,0.0,217.0,0,0,
78,random,13,0.24358333333333335,600.0,1.0,0.05,468.0,0,0,
79,clusters,13,0.32816666666666666,600.0,3.0,0.15,,0,0,
80,dispersed,13,0.28241666666666665,600.0,3.0,0.15,,0,0,
81,circle,13,0.15191666666666667,600.0,1.0,0.05,135.0,0,0,
82,edges,13,0.28783333333333333,600.0,0.0,0.0,432.0,0,0,
83,central,13,0.05291666666666667,600.0,0.0,0.0,65.0,0,0,
84,random,14,0.39816666666666667,600.0,5.0,0.25,,0,0,
85,clusters,14,0.4736666666666666,600.0,1.0,0.05,550.0,0,0,
86,dispersed,14,0.27075,600.0,2.0,0.1,438.0,0,0,
87,circle,14,0.11575,600.0,0.0,0.0,133.0,0,0,
88,edges,14,0.29383333333333334,600.0,2.0,0.1,336.0,0,0,
89,central,14,0.014083333333333331,600.0,0.0,0.0,22.0,0,0,
90,random,15,0.24583333333333332,600.0,0.0,0.0,279.0,0,0,
91,clusters,15,0.26966666666666667,600.0,2.0,0.1,506.0,0,0,
92,dispersed,15,0.2500833333333334,600.0,2.0,0.1,377.0,0,0,
93,circle,15,0.17733333333333334,600.0,1.0,0.05,119.0,0,0,
94,edges,15,0.21583333333333332,600.0,0.0,0.0,245.0,0,0,
95,central,15,0.03858333333333333,600.0,0.0,0.0,36.0,0,0,
96,random,16,0.2608333333333333,600.0,1.0,0.05,395.0,0,0,
97,clusters,16,0.1525,600.0,0.0,0.0,244.0,0,0,
98,dispersed,16,0.20383333333333334,600.0,1.0,0.05,292.0,0,0,
99,circle,16,0.20700000000000002,600.0,2.0,0.1,330.0,0,0,
100,edges,16,0.21616666666666665,600.0,0.0,0.0,335.0,0,0,
101,central,16,0.21275,600.0,1.0,0.05,347.0,0,0,
102,random,17,0.28650000000000003,600.0,4.0,0.2,,0,0,
103,clusters,17,0.2518333333333333,600.0,0.0,0.0,351.0,0,0,
104,dispersed,17,0.23816666666666667,600.0,0.0,0.0,307.0,0,0,
105,circle,17,0.22458333333333333,600.0,1.0,0.05,504.0,0,0,
106,edges,17,0.29525,600.0,2.0,0.1,373.0,0,0,
107,central,17,0.05533333333333334,600.0,0.0,0.0,66.0,0,0,
108,random,18,0.2319166666666667,600.0,2.0,0.1,423.0,0,0,
109,clusters,18,0.07341666666666667,600.0,0.0,0.0,87.0,0,0,
110,dispersed,18,0.17658333333333334,600.0,1.0,0.05,135.0,0,0,
111,circle,18,0.17816666666666667,600.0,0.0,0.0,303.0,0,0,
112,edges,18,0.19641666666666666,600.0,0.0,0.0,230.0,0,0,
113,central,18,0.06916666666666667,600.0,0.0,0.0,70.0,0,0,
114,random,19,0.20333333333333334,600.0,0.0,0.0,196.0,0,0,
115,clusters,19,0.2759166666666667,600.0,1.0,0.05,362.0,0,0,
116,dispersed,19,0.24949999999999997,600.0,1.0,0.05,439.0,0,0,
117,circle,19,0.22241666666666665,600.0,1.0,0.05,300.0,0,0,
118,edges,19,0.2999166666666667,600.0,1.0,0.05,399.0,0,0,
119,central,19,0.023,600.0,0.0,0.0,30.0,0,0,
120,random,20,0.30091666666666667,600.0,2.0,0.1,418.0,0,0,
121,clusters,20,0.13616666666666666,600.0,0.0,0.0,185.0,0,0,
122,dispersed,20,0.18641666666666665,600.0,1.0,0.05,199.0,0,0,
123,circle,20,0.12183333333333332,600.0,0.0,0.0,203.0,0,0,
124,edges,20,0.3055833333333333,600.0,2.0,0.1,525.0,0,0,
125,central,20,0.09075000000000001,600.0,1.0,0.05,44.0,0,0,
126,random,21,0.24483333333333335,600.0,1.0,0.05,383.0,0,0,
127,clusters,21,0.34575,600.0,1.0,0.05,560.0,0,0,
128,dispersed,21,0.3286666666666667,600.0,1.0,0.05,527.0,0,0,
129,circle,21,0.15325,600.0,1.0,0.05,167.0,0,0,
130,edges,21,0.18266666666666664,600.0,0.0,0.0,222.0,0,0,
131,central,21,0.11900000000000001,600.0,0.0,0.0,178.0,0,0,
132,random,22,0.34933333333333333,600.0,2.0,0.1,486.0,0,0,
133,clusters,22,0.09708333333333333,600.0,0.0,0.0,65.0,0,0,
134,dispersed,22,0.20383333333333334,600.0,0.0,0.0,446.0,0,0,
135,circle,22,0.17133333333333334,600.0,1.0,0.05,246.0,0,0,
136,edges,22,0.29300000000000004,600.0,3.0,0.15,,0,0,
137,central,22,0.06141666666666667,600.0,0.0,0.0,50.0,0,0,
138,random,23,0.26375,600.0,2.0,0.1,484.0,0,0,
139,clusters,23,0.21233333333333335,600.0,0.0,0.0,306.0,0,0,
140,dispersed,23,0.2006666666666667,600.0,1.0,0.05,329.0,0,0,
141,circle,23,0.19933333333333333,600.0,1.0,0.05,387.0,0,0,
142,edges,23,0.30616666666666664,600.0,2.0,0.1,345.0,0,0,
143,central,23,0.014499999999999999,600.0,0.0,0.0,22.0,0,0,
144,random,24,0.24958333333333332,600.0,1.0,0.05,291.0,0,0,
145,clusters,24,0.030666666666666665,600.0,0.0,0.0,44.0,0,0,
146,dispersed,24,0.19683333333333336,600.0,2.0,0.1,226.0,0,0,
147,circle,24,0.14758333333333332,600.0,0.0,0.0,98.0,0,0,
148,edges,24,0.163,600.0,0.0,0.0,138.0,0,0,
149,central,24,0.04733333333333334,600.0,0.0,0.0,52.0,0,0,
150,random,25,0.25991666666666663,600.0,1.0,0.05,432.0,0,0,
151,clusters,25,0.23266666666666666,600.0,0.0,0.0,350.0,0,0,
152,dispersed,25,0.20675,600.0,1.0,0.05,283.0,0,0,
153,circle,25,0.17291666666666666,600.0,0.0,0.0,334.0,0,0,
154,edges,25,0.21925000000000003,600.0,1.0,0.05,183.0,0,0,
155,central,25,0.08524999999999999,600.0,0.0,0.0,148.0,0,0,
156,random,26,0.30141666666666667,600.0,4.0,0.2,,0,0,
157,clusters,26,0.16916666666666666,600.0,0.0,0.0,251.0,0,0,
158,dispersed,26,0.19975,600.0,1.0,0.05,248.0,0,0,
159,circle,26,0.14966666666666667,600.0,1.0,0.05,66.0,0,0,
160,edges,26,0.21800000000000003,600.0,0.0,0.0,182.0,0,0,
161,central,26,0.04016666666666667,600.0,0.0,0.0,42.0,0,0,
162,random,27,0.16441666666666668,600.0,0.0,0.0,193.0,0,0,
163,clusters,27,0.17133333333333334,600.0,0.0,0.0,302.0,0,0,
164,dispersed,27,0.1755,600.0,0.0,0.0,228.0,0,0,
165,circle,27,0.11166666666666666,600.0,0.0,0.0,119.0,0,0,
166,edges,27,0.30258333333333337,600.0,3.0,0.15,,0,0,
167,central,27,0.08075,600.0,0.0,0.0,77.0,0,0,
168,random,28,0.17125,600.0,0.0,0.0,213.0,0,0,
169,clusters,28,0.20975000000000002,600.0,0.0,0.0,265.0,0,0,
170,dispersed,28,0.37675000000000003,600.0,3.0,0.15,,0,0,
171,circle,28,0.19333333333333333,600.0,1.0,0.05,266.0,0,0,
172,edges,28,0.33891666666666664,600.0,2.0,0.1,524.0,0,0,
173,central,28,0.05366666666666667,600.0,0.0,0.0,57.0,0,0,
174,random,29,0.3149166666666666,600.0,3.0,0.15,,0,0,
175,clusters,29,0.39233333333333337,600.0,2.0,0.1,525.0,0,0,
176,dispersed,29,0.21883333333333335,600.0,1.0,0.05,257.0,0,0,
177,circle,29,0.14650000000000002,600.0,0.0,0.0,225.0,0,0,
178,edges,29,0.22091666666666668,600.0,1.0,0.05,221.0,0,0,
179,central,29,0.19866666666666666,600.0,0.0,0.0,359.0,0,0,
180,random,30,0.3179166666666667,600.0,2.0,0.1,504.0,0,0,
181,clusters,30,0.20325000000000001,600.0,0.0,0.0,411.0,0,0,
182,dispersed,30,0.19291666666666665,600.0,0.0,0.0,263.0,0,0,
183,circle,30,0.21625,600.0,2.0,0.1,325.0,0,0,
184,edges,30,0.23566666666666666,600.0,1.0,0.05,244.0,0,0,
185,central,30,0.026416666666666665,600.0,0.0,0.0,37.0,0,0,
186,random,31,0.2619166666666667,600.0,2.0,0.1,430.0,0,0,
187,clusters,31,0.4040833333333333,600.0,2.0,0.1,582.0,0,0,
188,dispersed,31,0.23691666666666666,600.0,2.0,0.1,494.0,0,0,
189,circle,31,0.20174999999999998,600.0,2.0,0.1,449.0,0,0,
190,edges,31,0.337,600.0,4.0,0.2,,0,0,
191,central,31,0.10883333333333332,600.0,0.0,0.0,133.0,0,0,
192,random,32,0.26616666666666666,600.0,1.0,0.05,383.0,0,0,
193,clusters,32,0.16908333333333334,600.0,0.0,0.0,152.0,0,0,
194,dispersed,32,0.23833333333333334,600.0,1.0,0.05,387.0,0,0,
195,circle,32,0.14516666666666667,600.0,1.0,0.05,103.0,0,0,
196,edges,32,0.27758333333333335,600.0,1.0,0.05,340.0,0,0,
197,central,32,0.06108333333333333,600.0,0.0,0.0,42.0,0,0,
198,random,33,0.30591666666666667,600.0,1.0,0.05,426.0,0,0,
199,clusters,33,0.12433333333333332,600.0,0.0,0.0,218.0,0,0,
200,dispersed,33,0.3021666666666667,600.0,2.0,0.1,539.0,0,0,
201,circle,33,0.24258333333333335,600.0,3.0,0.15,,0,0,
202,edges,33,0.35925,600.0,2.0,0.1,534.0,0,0,
203,central,33,0.02283333333333333,600.0,0.0,0.0,30.0,0,0,
204,random,34,0.23583333333333334,600.0,1.0,0.05,321.0,0,0,
205,clusters,34,0.15358333333333335,600.0,0.0,0.0,167.0,0,0,
206,dispersed,34,0.3253333333333333,600.0,2.0,0.1,507.0,0,0,
207,circle,34,0.13616666666666666,600.0,1.0,0.05,125.0,0,0,
208,edges,34,0.16066666666666668,600.0,0.0,0.0,129.0,0,0,
209,central,34,0.14458333333333334,600.0,0.0,0.0,222.0,0,0,
210,random,35,0.37275,600.0,4.0,0.2,,0,0,
211,clusters,35,0.2830833333333333,600.0,2.0,0.1,397.0,0,0,
212,dispersed,35,0.23991666666666664,600.0,1.0,0.05,280.0,0,0,
213,circle,35,0.15316666666666667,600.0,1.0,0.05,210.0,0,0,
214,edges,35,0.3244166666666667,600.0,0.0,0.0,492.0,0,0,
215,central,35,0.06325,600.0,0.0,0.0,68.0,0,0,
216,random,36,0.3095833333333333,600.0,4.0,0.2,,0,0,
217,clusters,36,0.14416666666666667,600.0,0.0,0.0,221.0,0,0,
218,dispersed,36,0.3345,600.0,3.0,0.15,,0,0,
219,circle,36,0.17075,600.0,1.0,0.05,157.0,0,0,
220,edges,36,0.18758333333333332,600.0,1.0,0.05,194.0,0,0,
221,central,36,0.04525,600.0,0.0,0.0,27.0,0,0,
222,random,37,0.17591666666666667,600.0,1.0,0.05,219.0,0,0,
223,clusters,37,0.20341666666666666,600.0,0.0,0.0,243.0,0,0,
224,dispersed,37,0.22824999999999998,600.0,0.0,0.0,298.0,0,0,
225,circle,37,0.16775,600.0,1.0,0.05,228.0,0,0,
226,edges,37,0.20941666666666667,600.0,0.0,0.0,237.0,0,0,
227,central,37,0.08208333333333333,600.0,0.0,0.0,189.0,0,0,
228,random,38,0.21033333333333334,600.0,0.0,0.0,382.0,0,0,
229,clusters,38,0.315,600.0,0.0,0.0,363.0,0,0,
230,dispersed,38,0.25816666666666666,600.0,1.0,0.05,424.0,0,0,
231,circle,38,0.16191666666666668,600.0,0.0,0.0,304.0,0,0,
232,edges,38,0.31633333333333336,600.0,1.0,0.05,409.0,0,0,
233,central,38,0.036000000000000004,600.0,0.0,0.0,40.0,0,0,
234,random,39,0.26058333333333333,600.0,0.0,0.0,363.0,0,0,
235,clusters,39,0.06325,600.0,0.0,0.0,99.0,0,0,
236,dispersed,39,0.18108333333333335,600.0,1.0,0.05,201.0,0,0,
237,circle,39,0.16158333333333333,600.0,1.0,0.05,192.0,0,0,
238,edges,39,0.3590833333333333,600.0,3.0,0.15,,0,0,
239,central,39,0.04325,600.0,0.0,0.0,31.0,0,0,
240,random,40,0.26166666666666666,600.0,2.0,0.1,357.0,0,0,
241,clusters,40,0.22741666666666666,600.0,0.0,0.0,276.0,0,0,
242,dispersed,40,0.19283333333333333,600.0,1.0,0.05,287.0,0,0,
243,circle,40,0.16566666666666668,600.0,1.0,0.05,114.0,0,0,
244,edges,40,0.28875,600.0,1.0,0.05,569.0,0,0,
245,central,40,0.07416666666666667,600.0,0.0,0.0,60.0,0,0,
246,random,41,0.32408333333333333,600.0,1.0,0.05,398.0,0,0,
247,clusters,41,0.21383333333333335,600.0,0.0,0.0,345.0,0,0,
248,dispersed,41,0.3215,600.0,2.0,0.1,422.0,0,0,
249,circle,41,0.15691666666666668,600.0,0.0,0.0,239.0,0,0,
250,edges,41,0.19341666666666665,600.0,0.0,0.0,228.0,0,0,
251,central,41,0.20208333333333334,600.0,1.0,0.05,256.0,0,0,
252,random,42,0.22791666666666666,600.0,0.0,0.0,346.0,0,0,
253,clusters,42,0.07825,600.0,0.0,0.0,56.0,0,0,
254,dispersed,42,0.24691666666666667,600.0,2.0,0.1,331.0,0,0,
255,circle,42,0.20725,600.0,2.0,0.1,444.0,0,0,
256,edges,42,0.36933333333333335,600.0,3.0,0.15,,0,0,
257,central,42,0.04008333333333333,600.0,0.0,0.0,55.0,0,0,
258,random,43,0.3403333333333333,600.0,1.0,0.05,417.0,0,0,
259,clusters,43,0.17016666666666666,600.0,0.0,0.0,266.0,0,0,
260,dispersed,43,0.24300000000000002,600.0,1.0,0.05,235.0,0,0,
261,circle,43,0.19558333333333333,600.0,2.0,0.1,303.0,0,0,
262,edges,43,0.15725,600.0,0.0,0.0,102.0,0,0,
263,central,43,0.0675,600.0,0.0,0.0,51.0,0,0,
264,random,44,0.2545,600.0,1.0,0.05,356.0,0,0,
265,clusters,44,0.2821666666666667,600.0,0.0,0.0,308.0,0,0,
266,dispersed,44,0.17900000000000002,600.0,0.0,0.0,195.0,0,0,
267,circle,44,0.10974999999999999,600.0,0.0,0.0,84.0,0,0,
268,edges,44,0.23525000000000001,600.0,0.0,0.0,266.0,0,0,
269,central,44,0.10116666666666667,600.0,0.0,0.0,110.0,0,0,
270,random,45,0.49583333333333335,600.0,0.0,0.0,501.0,0,0,
271,clusters,45,0.19974999999999998,600.0,1.0,0.05,338.0,0,0,
272,dispersed,45,0.26391666666666663,600.0,2.0,0.1,362.0,0,0,
273,circle,45,0.17941666666666667,600.0,1.0,0.05,230.0,0,0,
274,edges,45,0.21241666666666667,600.0,1.0,0.05,204.0,0,0,
275,central,45,0.14816666666666667,600.0,0.0,0.0,162.0,0,0,
276,random,46,0.22325000000000003,600.0,2.0,0.1,208.0,0,0,
277,clusters,46,0.12625,600.0,0.0,0.0,105.0,0,0,
278,dispersed,46,0.20533333333333334,600.0,1.0,0.05,275.0,0,0,
279,circle,46,0.152,600.0,0.0,0.0,234.0,0,0,
280,edges,46,0.3764166666666667,600.0,1.0,0.05,474.0,0,0,
281,central,46,0.03966666666666667,600.0,0.0,0.0,42.0,0,0,
282,random,47,0.30074999999999996,600.0,3.0,0.15,,0,0,
283,clusters,47,0.16133333333333333,600.0,0.0,0.0,232.0,0,0,
284,dispersed,47,0.2609166666666667,600.0,2.0,0.1,470.0,0,0,
285,circle,47,0.16349999999999998,600.0,1.0,0.05,257.0,0,0,
286,edges,47,0.3199166666666666,600.0,3.0,0.15,,0,0,
287,central,47,0.05983333333333333,600.0,0.0,0.0,57.0,0,0,
288,random,48,0.32383333333333336,600.0,3.0,0.15,,0,0,
289,clusters,48,0.17200000000000001,600.0,0.0,0.0,223.0,0,0,
290,dispersed,48,0.2236666666666667,600.0,1.0,0.05,172.0,0,0,
291,circle,48,0.14758333333333332,600.0,1.0,0.05,110.0,0,0,
292,edges,48,0.30824999999999997,600.0,2.0,0.1,471.0,0,0,
293,central,48,0.017249999999999998,600.0,0.0,0.0,26.0,0,0,
294,random,49,0.18558333333333335,600.0,0.0,0.0,214.0,0,0,
295,clusters,49,0.16683333333333333,600.0,0.0,0.0,229.0,0,0,
296,dispersed,49,0.19508333333333333,600.0,1.0,0.05,157.0,0,0,
297,circle,49,0.11191666666666668,600.0,0.0,0.0,136.0,0,0,
298,edges,49,0.20566666666666666,600.0,0.0,0.0,313.0,0,0,
299,central,49,0.043000000000000003,600.0,0.0,0.0,54.0,0,0,
300,random,50,0.28608333333333336,600.0,0.0,0.0,447.0,0,0,
301,clusters,50,0.21775,600.0,0.0,0.0,311.0,0,0,
302,dispersed,50,0.30324999999999996,600.0,2.0,0.1,520.0,0,0,
303,circle,50,0.17600000000000002,600.0,0.0,0.0,223.0,0,0,
304,edges,50,0.38308333333333333,600.0,4.0,0.2,,0,0,
305,central,50,0.07158333333333333,600.0,0.0,0.0,52.0,0,0,
306,random,51,0.2734166666666667,600.0,2.0,0.1,442.0,0,0,
307,clusters,51,0.19066666666666668,600.0,0.0,0.0,189.0,0,0,
308,dispersed,51,0.24508333333333335,600.0,1.0,0.05,398.0,0,0,
309,circle,51,0.14791666666666667,600.0,1.0,0.05,112.0,0,0,
310,edges,51,0.3348333333333333,600.0,2.0,0.1,577.0,0,0,
311,central,51,0.07275,600.0,0.0,0.0,79.0,0,0,
312,random,52,0.3765,600.0,3.0,0.15,,0,0,
313,clusters,52,0.19441666666666668,600.0,0.0,0.0,261.0,0,0,
314,dispersed,52,0.28933333333333333,600.0,1.0,0.05,377.0,0,0,
315,circle,52,0.082,600.0,0.0,0.0,101.0,0,0,
316,edges,52,0.21733333333333335,600.0,0.0,0.0,276.0,0,0,
317,central,52,0.06141666666666667,600.0,0.0,0.0,48.0,0,0,
318,random,53,0.4365833333333333,600.0,2.0,0.1,522.0,0,0,
319,clusters,53,0.13541666666666666,600.0,0.0,0.0,138.0,0,0,
320,dispersed,53,0.23916666666666667,600.0,1.0,0.05,310.0,0,0,
321,circle,53,0.14325000000000002,600.0,1.0,0.05,105.0,0,0,
322,edges,53,0.27808333333333335,600.0,2.0,0.1,324.0,0,0,
323,central,53,0.06475,600.0,0.0,0.0,50.0,0,0,
324,random,54,0.2385,600.0,2.0,0.1,274.0,0,0,
325,clusters,54,0.3286666666666667,600.0,2.0,0.1,388.0,0,0,
326,dispersed,54,0.21558333333333332,600.0,2.0,0.1,426.0,0,0,
327,circle,54,0.17816666666666667,600.0,1.0,0.05,286.0,0,0,
328,edges,54,0.26383333333333336,600.0,1.0,0.05,344.0,0,0,
329,central,54,0.05383333333333333,600.0,0.0,0.0,61.0,0,0,
330,random,55,0.3185,600.0,3.0,0.15,,0,0,
331,clusters,55,0.33858333333333335,600.0,1.0,0.05,327.0,0,0,
332,dispersed,55,0.25175000000000003,600.0,1.0,0.05,438.0,0,0,
333,circle,55,0.15741666666666668,600.0,0.0,0.0,285.0,0,0,
334,edges,55,0.30074999999999996,600.0,1.0,0.05,386.0,0,0,
335,central,55,0.035666666666666666,600.0,0.0,0.0,42.0,0,0,
336,random,56,0.29933333333333334,600.0,2.0,0.1,527.0,0,0,
337,clusters,56,0.41150000000000003,600.0,3.0,0.15,,0,0,
338,dispersed,56,0.228,600.0,2.0,0.1,267.0,0,0,
339,circle,56,0.11333333333333333,600.0,0.0,0.0,110.0,0,0,
340,edges,56,0.2704166666666667,600.0,2.0,0.1,409.0,0,0,
341,central,56,0.11358333333333334,600.0,0.0,0.0,177.0,0,0,
342,random,57,0.3438333333333334,600.0,1.0,0.05,411.0,0,0,
343,clusters,57,0.23416666666666666,600.0,0.0,0.0,466.0,0,0,
344,dispersed,57,0.25775000000000003,600.0,2.0,0.1,340.0,0,0,
345,circle,57,0.11941666666666667,600.0,0.0,0.0,101.0,0,0,
346,edges,57,0.23941666666666667,600.0,1.0,0.05,319.0,0,0,
347,central,57,0.04075,600.0,0.0,0.0,38.0,0,0,
348,random,58,0.26449999999999996,600.0,2.0,0.1,400.0,0,0,
349,clusters,58,0.06666666666666667,600.0,0.0,0.0,51.0,0,0,
350,dispersed,58,0.21241666666666667,600.0,1.0,0.05,356.0,0,0,
351,circle,58,0.1495,600.0,1.0,0.05,117.0,0,0,
352,edges,58,0.26625,600.0,1.0,0.05,328.0,0,0,
353,central,58,0.042166666666666665,600.0,0.0,0.0,54.0,0,0,
354,random,59,0.31958333333333333,600.0,4.0,0.2,,0,0,
355,clusters,59,0.23275,600.0,0.0,0.0,355.0,0,0,
356,dispersed,59,0.21675000000000003,600.0,1.0,0.05,361.0,0,0,
357,circle,59,0.16258333333333333,600.0,0.0,0.0,263.0,0,0,
358,edges,59,0.3893333333333333,600.0,3.0,0.15,,0,0,
359,central,59,0.08183333333333334,600.0,0.0,0.0,56.0,0,0,
360,random,60,0.2825,600.0,1.0,0.05,314.0,0,0,
361,clusters,60,0.2240833333333333,600.0,1.0,0.05,320.0,0,0,
362,dispersed,60,0.2609166666666667,600.0,2.0,0.1,410.0,0,0,
363,circle,60,0.2215,600.0,0.0,0.0,427.0,0,0,
364,edges,60,0.25866666666666666,600.0,1.0,0.05,296.0,0,0,
365,central,60,0.08116666666666666,600.0,0.0,0.0,50.0,0,0,
366,random,61,0.3393333333333333,600.0,4.0,0.2,,0,0,
367,clusters,61,0.3511666666666667,600.0,2.0,0.1,537.0,0,0,
368,dispersed,61,0.2553333333333333,600.0,1.0,0.05,257.0,0,0,
369,circle,61,0.16541666666666666,600.0,1.0,0.05,240.0,0,0,
370,edges,61,0.3060833333333333,600.0,3.0,0.15,,0,0,
371,central,61,0.11600000000000002,600.0,0.0,0.0,253.0,0,0,
372,random,62,0.34291666666666665,600.0,1.0,0.05,562.0,0,0,
373,clusters,62,0.24766666666666665,600.0,0.0,0.0,295.0,0,0,
374,dispersed,62,0.21275000000000002,600.0,1.0,0.05,355.0,0,0,
375,circle,62,0.15708333333333332,600.0,0.0,0.0,228.0,0,0,
376,edges,62,0.20466666666666666,600.0,0.0,0.0,321.0,0,0,
377,central,62,0.048,600.0,0.0,0.0,58.0,0,0,
378,random,63,0.3378333333333333,600.0,2.0,0.1,479.0,0,0,
379,clusters,63,0.13408333333333333,600.0,0.0,0.0,174.0,0,0,
380,dispersed,63,0.28375,600.0,1.0,0.05,350.0,0,0,
381,circle,63,0.10775000000000001,600.0,0.0,0.0,104.0,0,0,
382,edges,63,0.22808333333333333,600.0,0.0,0.0,225.0,0,0,
383,central,63,0.0185,600.0,0.0,0.0,23.0,0,0,
384,random,64,0.14775000000000002,600.0,0.0,0.0,179.0,0,0,
385,clusters,64,0.14033333333333334,600.0,0.0,0.0,179.0,0,0,
386,dispersed,64,0.2346666666666667,600.0,1.0,0.05,338.0,0,0,
387,circle,64,0.14125,600.0,0.0,0.0,128.0,0,0,
388,edges,64,0.3445,600.0,1.0,0.05,442.0,0,0,
389,central,64,0.03766666666666667,600.0,0.0,0.0,57.0,0,0,
390,random,65,0.36916666666666664,600.0,2.0,0.1,497.0,0,0,
391,clusters,65,0.10316666666666667,600.0,0.0,0.0,149.0,0,0,
392,dispersed,65,0.18675,600.0,0.0,0.0,206.0,0,0,
393,circle,65,0.24133333333333334,600.0,2.0,0.1,488.0,0,0,
394,edges,65,0.21925000000000003,600.0,1.0,0.05,275.0,0,0,
395,central,65,0.05458333333333333,600.0,0.0,0.0,84.0,0,0,
396,random,66,0.20466666666666666,600.0,1.0,0.05,256.0,0,0,
397,clusters,66,0.19724999999999998,600.0,0.0,0.0,217.0,0,0,
398,dispersed,66,0.22208333333333333,600.0,2.0,0.1,222.0,0,0,
399,circle,66,0.15441666666666667,600.0,1.0,0.05,113.0,0,0,
400,edges,66,0.21408333333333338,600.0,1.0,0.05,228.0,0,0,
401,central,66,0.04266666666666667,600.0,0.0,0.0,52.0,0,0,
402,random,67,0.2608333333333333,600.0,2.0,0.1,267.0,0,0,
403,clusters,67,0.26383333333333336,600.0,0.0,0.0,276.0,0,0,
404,dispersed,67,0.33466666666666667,600.0,1.0,0.05,572.0,0,0,
405,circle,67,0.11633333333333333,600.0,0.0,0.0,97.0,0,0,
406,edges,67,0.21958333333333332,600.0,1.0,0.05,246.0,0,0,
407,central,67,0.06316666666666666,600.0,0.0,0.0,57.0,0,0,
408,random,68,0.2991666666666667,600.0,1.0,0.05,468.0,0,0,
409,clusters,68,0.3615,600.0,0.0,0.0,430.0,0,0,
410,dispersed,68,0.25016666666666665,600.0,3.0,0.15,,0,0,
411,circle,68,0.14841666666666667,600.0,0.0,0.0,206.0,0,0,
412,edges,68,0.29991666666666666,600.0,1.0,0.05,360.0,0,0,
413,central,68,0.12866666666666668,600.0,0.0,0.0,232.0,0,0,
414,random,69,0.27008333333333334,600.0,0.0,0.0,313.0,0,0,
415,clusters,69,0.18683333333333332,600.0,0.0,0.0,237.0,0,0,
416,dispersed,69,0.22833333333333333,600.0,1.0,0.05,278.0,0,0,
417,circle,69,0.15991666666666668,600.0,2.0,0.1,53.0,0,0,
418,edges,69,0.24458333333333335,600.0,0.0,0.0,269.0,0,0,
419,central,69,0.18716666666666668,600.0,0.0,0.0,300.0,0,0,
420,random,70,0.24949999999999997,600.0,1.0,0.05,423.0,0,0,
421,clusters,70,0.24258333333333335,600.0,1.0,0.05,357.0,0,0,
422,dispersed,70,0.19258333333333333,600.0,1.0,0.05,335.0,0,0,
423,circle,70,0.19075,600.0,1.0,0.05,293.0,0,0,
424,edges,70,0.30491666666666667,600.0,2.0,0.1,335.0,0,0,
425,central,70,0.11741666666666667,600.0,0.0,0.0,219.0,0,0,
426,random,71,0.2446666666666667,600.0,2.0,0.1,389.0,0,0,
427,clusters,71,0.0775,600.0,0.0,0.0,53.0,0,0,
428,dispersed,71,0.154,600.0,1.0,0.05,126.0,0,0,
429,circle,71,0.16541666666666666,600.0,1.0,0.05,177.0,0,0,
430,edges,71,0.25558333333333333,600.0,1.0,0.05,297.0,0,0,
431,central,71,0.08,600.0,0.0,0.0,177.0,0,0,
432,random,72,0.3418333333333333,600.0,3.0,0.15,,0,0,
433,clusters,72,0.28725,600.0,0.0,0.0,316.0,0,0,
434,dispersed,72,0.20174999999999998,600.0,1.0,0.05,194.0,0,0,
435,circle,72,0.15775,600.0,1.0,0.05,125.0,0,0,
436,edges,72,0.37016666666666664,600.0,3.0,0.15,,0,0,
437,central,72,0.03075,600.0,0.0,0.0,33.0,0,0,
438,random,73,0.216,600.0,1.0,0.05,345.0,0,0,
439,clusters,73,0.27133333333333337,600.0,0.0,0.0,374.0,0,0,
440,dispersed,73,0.2765,600.0,2.0,0.1,277.0,0,0,
441,circle,73,0.12283333333333334,600.0,0.0,0.0,104.0,0,0,
442,edges,73,0.29025,600.0,2.0,0.1,293.0,0,0,
443,central,73,0.05425000000000001,600.0,0.0,0.0,59.0,0,0,
444,random,74,0.3969166666666667,600.0,2.0,0.1,563.0,0,0,
445,clusters,74,0.19775,600.0,0.0,0.0,252.0,0,0,
446,dispersed,74,0.26866666666666666,600.0,1.0,0.05,392.0,0,0,
447,circle,74,0.20041666666666666,600.0,1.0,0.05,268.0,0,0,
448,edges,74,0.21325,600.0,1.0,0.05,178.0,0,0,
449,central,74,0.11358333333333334,600.0,0.0,0.0,62.0,0,0,
450,random,75,0.37133333333333335,600.0,4.0,0.2,,0,0,
451,clusters,75,0.127,600.0,0.0,0.0,136.0,0,0,
452,dispersed,75,0.26125,600.0,1.0,0.05,323.0,0,0,
453,circle,75,0.24041666666666667,600.0,1.0,0.05,373.0,0,0,
454,edges,75,0.21491666666666664,600.0,1.0,0.05,293.0,0,0,
455,central,75,0.07333333333333333,600.0,0.0,0.0,63.0,0,0,
456,random,76,0.3355,600.0,3.0,0.15,,0,0,
457,clusters,76,0.14466666666666667,600.0,0.0,0.0,190.0,0,0,
458,dispersed,76,0.27699999999999997,600.0,2.0,0.1,527.0,0,0,
459,circle,76,0.19483333333333333,600.0,1.0,0.05,291.0,0,0,
460,edges,76,0.23224999999999998,600.0,0.0,0.0,254.0,0,0,
461,central,76,0.057749999999999996,600.0,0.0,0.0,49.0,0,0,
462,random,77,0.254,600.0,2.0,0.1,344.0,0,0,
463,clusters,77,0.2425,600.0,0.0,0.0,257.0,0,0,
464,dispersed,77,0.2519166666666667,600.0,2.0,0.1,470.0,0,0,
465,circle,77,0.15333333333333332,600.0,1.0,0.05,123.0,0,0,
466,edges,77,0.19675,600.0,0.0,0.0,194.0,0,0,
467,central,77,0.03383333333333333,600.0,0.0,0.0,39.0,0,0,
468,random,78,0.19175,600.0,0.0,0.0,270.0,0,0,
469,clusters,78,0.28975,600.0,0.0,0.0,278.0,0,0,
470,dispersed,78,0.20783333333333334,600.0,1.0,0.05,225.0,0,0,
471,circle,78,0.147,600.0,1.0,0.05,119.0,0,0,
472,edges,78,0.19291666666666665,600.0,1.0,0.05,182.0,0,0,
473,central,78,0.04533333333333333,600.0,0.0,0.0,60.0,0,0,
474,random,79,0.2525833333333333,600.0,1.0,0.05,337.0,0,0,
475,clusters,79,0.3774166666666666,600.0,3.0,0.15,,0,0,
476,dispersed,79,0.29191666666666666,600.0,2.0,0.1,408.0,0,0,
477,circle,79,0.13433333333333333,600.0,0.0,0.0,107.0,0,0,
478,edges,79,0.3309166666666667,600.0,2.0,0.1,568.0,0,0,
479,central,79,0.03675,600.0,0.0,0.0,28.0,0,0,
480,random,80,0.26058333333333333,600.0,1.0,0.05,370.0,0,0,
481,clusters,80,0.3908333333333333,600.0,3.0,0.15,,0,0,
482,dispersed,80,0.20258333333333334,600.0,2.0,0.1,180.0,0,0,
483,circle,80,0.2055,600.0,1.0,0.05,303.0,0,0,
484,edges,80,0.2520833333333333,600.0,0.0,0.0,402.0,0,0,
485,central,80,0.08524999999999999,600.0,0.0,0.0,30.0,0,0,
486,random,81,0.26408333333333334,600.0,0.0,0.0,322.0,0,0,
487,clusters,81,0.10108333333333333,600.0,0.0,0.0,169.0,0,0,
488,dispersed,81,0.19491666666666668,600.0,1.0,0.05,301.0,0,0,
489,circle,81,0.19291666666666665,600.0,1.0,0.05,297.0,0,0,
490,edges,81,0.3461666666666666,600.0,3.0,0.15,,0,0,
491,central,81,0.027583333333333335,600.0,0.0,0.0,33.0,0,0,
492,random,82,0.2838333333333333,600.0,2.0,0.1,365.0,0,0,
493,clusters,82,0.30433333333333334,600.0,2.0,0.1,389.0,0,0,
494,dispersed,82,0.2031666666666667,600.0,1.0,0.05,273.0,0,0,
495,circle,82,0.17666666666666667,600.0,0.0,0.0,184.0,0,0,
496,edges,82,0.2518333333333333,600.0,1.0,0.05,356.0,0,0,
497,central,82,0.09908333333333334,600.0,0.0,0.0,71.0,0,0,
498,random,83,0.21275000000000002,600.0,1.0,0.05,256.0,0,0,
499,clusters,83,0.19733333333333333,600.0,0.0,0.0,275.0,0,0,
500,dispersed,83,0.1885,600.0,1.0,0.05,269.0,0,0,
501,circle,83,0.13474999999999998,600.0,0.0,0.0,123.0,0,0,
502,edges,83,0.2776666666666667,600.0,2.0,0.1,412.0,0,0,
503,central,83,0.01425,600.0,0.0,0.0,22.0,0,0,
504,random,84,0.2738333333333334,600.0,1.0,0.05,451.0,0,0,
505,clusters,84,0.18266666666666664,600.0,0.0,0.0,258.0,0,0,
506,dispersed,84,0.19158333333333333,600.0,1.0,0.05,140.0,0,0,
507,circle,84,0.20708333333333334,600.0,2.0,0.1,447.0,0,0,
508,edges,84,0.17783333333333334,600.0,0.0,0.0,219.0,0,0,
509,central,84,0.03258333333333333,600.0,0.0,0.0,36.0,0,0,
510,random,85,0.42899999999999994,600.0,3.0,0.15,,0,0,
511,clusters,85,0.192,600.0,0.0,0.0,223.0,0,0,
512,dispersed,85,0.2515,600.0,1.0,0.05,360.0,0,0,
513,circle,85,0.17308333333333334,600.0,0.0,0.0,249.0,0,0,
514,edges,85,0.32466666666666666,600.0,2.0,0.1,510.0,0,0,
515,central,85,0.11791666666666667,600.0,0.0,0.0,178.0,0,0,
516,random,86,0.20224999999999999,600.0,0.0,0.0,340.0,0,0,
517,clusters,86,0.253,600.0,0.0,0.0,354.0,0,0,
518,dispersed,86,0.18525,600.0,0.0,0.0,241.0,0,0,
519,circle,86,0.165,600.0,1.0,0.05,133.0,0,0,
520,edges,86,0.21550000000000002,600.0,0.0,0.0,241.0,0,0,
521,central,86,0.03091666666666667,600.0,0.0,0.0,34.0,0,0,
522,random,87,0.31816666666666665,600.0,3.0,0.15,,0,0,
523,clusters,87,0.14450000000000002,600.0,0.0,0.0,267.0,0,0,
524,dispersed,87,0.27216666666666667,600.0,2.0,0.1,469.0,0,0,
525,circle,87,0.12483333333333334,600.0,1.0,0.05,90.0,0,0,
526,edges,87,0.19225,600.0,0.0,0.0,238.0,0,0,
527,central,87,0.10291666666666667,600.0,0.0,0.0,190.0,0,0,
528,random,88,0.24433333333333332,600.0,1.0,0.05,381.0,0,0,
529,clusters,88,0.12858333333333333,600.0,0.0,0.0,223.0,0,0,
530,dispersed,88,0.24658333333333335,600.0,2.0,0.1,355.0,0,0,
531,circle,88,0.15875,600.0,1.0,0.05,112.0,0,0,
532,edges,88,0.181,600.0,0.0,0.0,211.0,0,0,
533,central,88,0.036166666666666666,600.0,0.0,0.0,33.0,0,0,
534,random,89,0.3165833333333333,600.0,2.0,0.1,369.0,0,0,
535,clusters,89,0.20516666666666666,600.0,0.0,0.0,183.0,0,0,
536,dispersed,89,0.21216666666666667,600.0,0.0,0.0,249.0,0,0,
537,circle,89,0.17049999999999998,600.0,0.0,0.0,223.0,0,0,
538,edges,89,0.22525,600.0,1.0,0.05,194.0,0,0,
539,central,89,0.06458333333333334,600.0,0.0,0.0,42.0,0,0,
540,random,90,0.42899999999999994,600.0,2.0,0.1,552.0,0,0,
541,clusters,90,0.13866666666666666,600.0,0.0,0.0,225.0,0,0,
542,dispersed,90,0.25875,600.0,2.0,0.1,555.0,0,0,
543,circle,90,0.16016666666666665,600.0,1.0,0.05,220.0,0,0,
544,edges,90,0.28925,600.0,1.0,0.05,444.0,0,0,
545,central,90,0.050083333333333334,600.0,0.0,0.0,54.0,0,0,
546,random,91,0.3606666666666667,600.0,5.0,0.25,,0,0,
547,clusters,91,0.11033333333333334,600.0,0.0,0.0,107.0,0,0,
548,dispersed,91,0.24541666666666667,600.0,2.0,0.1,375.0,0,0,
549,circle,91,0.11291666666666667,600.0,0.0,0.0,102.0,0,0,
550,edges,91,0.2225,600.0,0.0,0.0,265.0,0,0,
551,central,91,0.06925,600.0,0.0,0.0,57.0,0,0,
552,random,92,0.3799166666666666,600.0,0.0,0.0,466.0,0,0,
553,clusters,92,0.23224999999999998,600.0,0.0,0.0,242.0,0,0,
554,dispersed,92,0.2765,600.0,1.0,0.05,440.0,0,0,
555,circle,92,0.13683333333333333,600.0,0.0,0.0,104.0,0,0,
556,edges,92,0.23516666666666666,600.0,2.0,0.1,208.0,0,0,
557,central,92,0.18816666666666668,600.0,0.0,0.0,299.0,0,0,
558,random,93,0.317,600.0,2.0,0.1,371.0,0,0,
559,clusters,93,0.16533333333333333,600.0,0.0,0.0,315.0,0,0,
560,dispersed,93,0.21416666666666667,600.0,0.0,0.0,331.0,0,0,
561,circle,93,0.13466666666666666,600.0,0.0,0.0,195.0,0,0,
562,edges,93,0.22824999999999998,600.0,1.0,0.05,212.0,0,0,
563,central,93,0.11983333333333335,600.0,0.0,0.0,187.0,0,0,
564,random,94,0.2825,600.0,2.0,0.1,411.0,0,0,
565,clusters,94,0.14775,600.0,0.0,0.0,283.0,0,0,
566,dispersed,94,0.2359166666666667,600.0,1.0,0.05,197.0,0,0,
567,circle,94,0.092,600.0,0.0,0.0,114.0,0,0,
568,edges,94,0.215,600.0,0.0,0.0,272.0,0,0,
569,central,94,0.042916666666666665,600.0,0.0,0.0,41.0,0,0,
570,random,95,0.36116666666666664,600.0,2.0,0.1,370.0,0,0,
571,clusters,95,0.29541666666666666,600.0,0.0,0.0,218.0,0,0,
572,dispersed,95,0.18633333333333332,600.0,0.0,0.0,265.0,0,0,
573,circle,95,0.18025000000000002,600.0,1.0,0.05,319.0,0,0,
574,edges,95,0.25333333333333335,600.0,1.0,0.05,353.0,0,0,
575,central,95,0.022666666666666665,600.0,0.0,0.0,33.0,0,0,
576,random,96,0.3221666666666667,600.0,1.0,0.05,428.0,0,0,
577,clusters,96,0.15725,600.0,0.0,0.0,295.0,0,0,
578,dispersed,96,0.2336666666666667,600.0,2.0,0.1,315.0,0,0,
579,circle,96,0.17258333333333334,600.0,2.0,0.1,117.0,0,0,
580,edges,96,0.21233333333333335,600.0,1.0,0.05,211.0,0,0,
581,central,96,0.0275,600.0,0.0,0.0,42.0,0,0,
582,random,97,0.2845,600.0,1.0,0.05,416.0,0,0,
583,clusters,97,0.15,600.0,0.0,0.0,263.0,0,0,
584,dispersed,97,0.14825,600.0,1.0,0.05,137.0,0,0,
585,circle,97,0.16183333333333333,600.0,0.0,0.0,251.0,0,0,
586,edges,97,0.13958333333333334,600.0,0.0,0.0,145.0,0,0,
587,central,97,0.06924999999999999,600.0,0.0,0.0,140.0,0,0,
588,random,98,0.20658333333333334,600.0,0.0,0.0,241.0,0,0,
589,clusters,98,0.07708333333333334,600.0,0.0,0.0,64.0,0,0,
590,dispersed,98,0.2765,600.0,3.0,0.15,,0,0,
591,circle,98,0.21574999999999997,600.0,1.0,0.05,332.0,0,0,
592,edges,98,0.23933333333333331,600.0,0.0,0.0,293.0,0,0,
593,central,98,0.034333333333333334,600.0,0.0,0.0,31.0,0,0,
594,random,99,0.2859166666666667,600.0,1.0,0.05,310.0,0,0,
595,clusters,99,0.19991666666666666,600.0,0.0,0.0,305.0,0,0,
596,dispersed,99,0.18341666666666667,600.0,1.0,0.05,229.0,0,0,
597,circle,99,0.20533333333333334,600.0,1.0,0.05,309.0,0,0,
598,edges,99,0.26608333333333334,600.0,2.0,0.1,298.0,0,0,
599,central,99,0.03166666666666667,600.0,0.0,0.0,37.0,0,0,
