RunId,initial_fleet_load,drone_sensing_radius,seed,J_delta,final_time_s,final_residual_deficit,final_normalized_deficit,time_to_90_percent_nominal_service_s,event_episodes,event_episodes_reaching_90_percent_nominal_service,mean_time_to_90_percent_nominal_service_after_event_s
0,0.5,10.0,0,0.20616666666666666,600.0,0.0,0.0,194.0,0,0,
1,0.5,15.0,0,0.16066666666666668,600.0,0.0,0.0,185.0,0,0,
2,0.5,20.0,0,0.16483333333333333,600.0,0.0,0.0,182.0,0,0,
3,0.5,25.0,0,0.1615,600.0,0.0,0.0,174.0,0,0,
4,1.0,10.0,0,0.3105833333333333,600.0,1.0,0.05,359.0,0,0,
5,1.0,15.0,0,0.33925,600.0,3.0,0.15,,0,0,
6,1.0,20.0,0,0.3675833333333334,600.0,3.0,0.15,,0,0,
7,1.0,25.0,0,0.376,600.0,1.0,0.05,533.0,0,0,
8,1.5,10.0,0,0.44822222222222224,600.0,7.0,0.2333333333333333,235.0,0,0,
9,1.5,15.0,0,0.48827777777777776,600.0,9.0,0.3,372.0,0,0,
10,1.5,20.0,0,0.47138888888888886,600.0,7.0,0.2333333333333333,256.0,0,0,
11,1.5,25.0,0,0.3643888888888889,600.0,7.0,0.2333333333333333,114.0,0,0,
12,2.0,10.0,0,0.4822083333333333,600.0,16.0,0.4,117.0,0,0,
13,2.0,15.0,0,0.4866666666666667,600.0,15.0,0.375,103.0,0,0,
14,2.0,20.0,0,0.493875,600.0,14.0,0.35,123.0,0,0,
15,2.0,25.0,0,0.5408750000000001,600.0,18.0,0.45,135.0,0,0,
16,0.5,10.0,1,0.13166666666666665,600.0,0.0,0.0,142.0,0,0,
17,0.5,15.0,1,0.11016666666666666,600.0,0.0,0.0,110.0,0,0,
18,0.5,20.0,1,0.12016666666666669,600.0,0.0,0.0,114.0,0,0,
19,0.5,25.0,1,0.1095,600.0,0.0,0.0,107.0,0,0,
20,1.0,10.0,1,0.22300000000000003,600.0,1.0,0.05,306.0,0,0,
21,1.0,15.0,1,0.13766666666666666,600.0,0.0,0.0,135.0,0,0,
22,1.0,20.0,1,0.27666666666666667,600.0,3.0,0.15,,0,0,
23,1.0,25.0,1,0.30433333333333334,600.0,3.0,0.15,,0,0,
24,1.5,10.0,1,0.3169444444444444,600.0,5.0,0.1666666666666666,77.0,0,0,
25,1.5,15.0,1,0.3219444444444444,600.0,6.0,0.2,113.0,0,0,
26,1.5,20.0,1,0.3641666666666667,600.0,6.0,0.2,120.0,0,0,
27,1.5,25.0,1,0.45088888888888884,600.0,6.0,0.2,364.0,0,0,
28,2.0,10.0,1,0.4710833333333333,600.0,13.0,0.325,101.0,0,0,
29,2.0,15.0,1,0.46458333333333335,600.0,14.0,0.35,114.0,0,0,
30,2.0,20.0,1,0.5307083333333333,600.0,16.0,0.4,117.0,0,0,
31,2.0,25.0,1,0.5119166666666666,600.0,14.0,0.35,147.0,0,0,
32,0.5,10.0,2,0.20833333333333334,600.0,0.0,0.0,381.0,0,0,
33,0.5,15.0,2,0.158,600.0,0.0,0.0,219.0,0,0,
34,0.5,20.0,2,0.10516666666666667,600.0,0.0,0.0,130.0,0,0,
35,0.5,25.0,2,0.10283333333333333,600.0,0.0,0.0,121.0,0,0,
36,1.0,10.0,2,0.29525,600.0,1.0,0.05,408.0,0,0,
37,1.0,15.0,2,0.34491666666666665,600.0,3.0,0.15,,0,0,
38,1.0,20.0,2,0.4056666666666667,600.0,4.0,0.2,,0,0,
39,1.0,25.0,2,0.29775,600.0,3.0,0.15,,0,0,
40,1.5,10.0,2,0.4103333333333333,600.0,8.0,0.2666666666666666,207.0,0,0,
41,1.5,15.0,2,0.4809999999999999,600.0,10.0,0.3333333333333333,313.0,0,0,
42,1.5,20.0,2,0.3843333333333333,600.0,5.0,0.1666666666666666,207.0,0,0,
43,1.5,25.0,2,0.35716666666666663,600.0,7.0,0.2333333333333333,93.0,0,0,
44,2.0,10.0,2,0.5905,600.0,20.0,0.5,243.0,0,0,
45,2.0,15.0,2,0.5969583333333334,600.0,20.0,0.5,215.0,0,0,
46,2.0,20.0,2,0.5412916666666666,600.0,18.0,0.45,180.0,0,0,
47,2.0,25.0,2,0.6224166666666666,600.0,21.0,0.525,343.0,0,0,
48,0.5,10.0,3,0.18016666666666667,600.0,0.0,0.0,186.0,0,0,
49,0.5,15.0,3,0.15016666666666667,600.0,0.0,0.0,158.0,0,0,
50,0.5,20.0,3,0.19066666666666668,600.0,0.0,0.0,266.0,0,0,
51,0.5,25.0,3,0.173,600.0,0.0,0.0,264.0,0,0,
52,1.0,10.0,3,0.29533333333333334,600.0,2.0,0.1,482.0,0,0,
53,1.0,15.0,3,0.268,600.0,1.0,0.05,389.0,0,0,
54,1.0,20.0,3,0.34308333333333335,600.0,4.0,0.2,,0,0,
55,1.0,25.0,3,0.23741666666666664,600.0,2.0,0.1,353.0,0,0,
56,1.5,10.0,3,0.4236111111111111,600.0,10.0,0.3333333333333333,202.0,0,0,
57,1.5,15.0,3,0.44149999999999995,600.0,10.0,0.3333333333333333,196.0,0,0,
58,1.5,20.0,3,0.47172222222222215,600.0,10.0,0.3333333333333333,325.0,0,0,
59,1.5,25.0,3,0.4748333333333333,600.0,11.0,0.3666666666666666,242.0,0,0,
60,2.0,10.0,3,0.5385000000000001,600.0,19.0,0.475,115.0,0,0,
61,2.0,15.0,3,0.573375,600.0,19.0,0.475,232.0,0,0,
62,2.0,20.0,3,0.5449583333333333,600.0,18.0,0.45,219.0,0,0,
63,2.0,25.0,3,0.5685416666666666,600.0,19.0,0.475,217.0,0,0,
64,0.5,10.0,4,0.285,600.0,0.0,0.0,315.0,0,0,
65,0.5,15.0,4,0.23583333333333334,600.0,0.0,0.0,196.0,0,0,
66,0.5,20.0,4,0.2475,600.0,0.0,0.0,213.0,0,0,
67,0.5,25.0,4,0.24383333333333335,600.0,0.0,0.0,226.0,0,0,
68,1.0,10.0,4,0.2446666666666667,600.0,0.0,0.0,249.0,0,0,
69,1.0,15.0,4,0.3645833333333333,600.0,2.0,0.1,350.0,0,0,
70,1.0,20.0,4,0.2619166666666667,600.0,1.0,0.05,289.0,0,0,
71,1.0,25.0,4,0.30791666666666667,600.0,2.0,0.1,459.0,0,0,
72,1.5,10.0,4,0.4450555555555555,600.0,8.0,0.2666666666666666,129.0,0,0,
73,1.5,15.0,4,0.5295555555555554,600.0,11.0,0.3666666666666666,370.0,0,0,
74,1.5,20.0,4,0.5257777777777778,600.0,12.0,0.4,387.0,0,0,
75,1.5,25.0,4,0.5558888888888889,600.0,11.0,0.3666666666666666,547.0,0,0,
76,2.0,10.0,4,0.6225833333333334,600.0,20.0,0.5,344.0,0,0,
77,2.0,15.0,4,0.5530833333333334,600.0,17.0,0.425,184.0,0,0,
78,2.0,20.0,4,0.4818333333333334,600.0,14.0,0.35,122.0,0,0,
79,2.0,25.0,4,0.6484166666666666,600.0,19.0,0.475,327.0,0,0,
80,0.5,10.0,5,0.15283333333333335,600.0,0.0,0.0,183.0,0,0,
81,0.5,15.0,5,0.14450000000000002,600.0,0.0,0.0,185.0,0,0,
82,0.5,20.0,5,0.18016666666666667,600.0,0.0,0.0,308.0,0,0,
83,0.5,25.0,5,0.10483333333333333,600.0,0.0,0.0,155.0,0,0,
84,1.0,10.0,5,0.3365,600.0,3.0,0.15,,0,0,
85,1.0,15.0,5,0.27775,600.0,1.0,0.05,414.0,0,0,
86,1.0,20.0,5,0.38058333333333333,600.0,5.0,0.25,,0,0,
87,1.0,25.0,5,0.31375,600.0,4.0,0.2,,0,0,
88,1.5,10.0,5,0.4022222222222222,600.0,8.0,0.2666666666666666,169.0,0,0,
89,1.5,15.0,5,0.43066666666666664,600.0,8.0,0.2666666666666666,256.0,0,0,
90,1.5,20.0,5,0.39594444444444443,600.0,7.0,0.2333333333333333,229.0,0,0,
91,1.5,25.0,5,0.5080555555555555,600.0,9.0,0.3,299.0,0,0,
92,2.0,10.0,5,0.5339583333333333,600.0,18.0,0.45,122.0,0,0,
93,2.0,15.0,5,0.5214583333333334,600.0,17.0,0.425,200.0,0,0,
94,2.0,20.0,5,0.5793333333333334,600.0,16.0,0.4,205.0,0,0,
95,2.0,25.0,5,0.6678333333333333,600.0,24.0,0.6,,0,0,
96,0.5,10.0,6,0.2343333333333333,600.0,0.0,0.0,194.0,0,0,
97,0.5,15.0,6,0.19733333333333333,600.0,0.0,0.0,244.0,0,0,
98,0.5,20.0,6,0.1905,600.0,0.0,0.0,176.0,0,0,
99,0.5,25.0,6,0.3215,600.0,0.0,0.0,490.0,0,0,
100,1.0,10.0,6,0.27666666666666667,600.0,2.0,0.1,448.0,0,0,
101,1.0,15.0,6,0.24533333333333332,600.0,2.0,0.1,314.0,0,0,
102,1.0,20.0,6,0.28525,600.0,2.0,0.1,441.0,0,0,
103,1.0,25.0,6,0.21275000000000002,600.0,1.0,0.05,228.0,0,0,
104,1.5,10.0,6,0.3824444444444444,600.0,7.0,0.2333333333333333,167.0,0,0,
105,1.5,15.0,6,0.37899999999999995,600.0,6.0,0.2,248.0,0,0,
106,1.5,20.0,6,0.377,600.0,6.0,0.2,167.0,0,0,
107,1.5,25.0,6,0.3703888888888889,600.0,5.0,0.1666666666666666,210.0,0,0,
108,2.0,10.0,6,0.4557083333333333,600.0,13.0,0.325,123.0,0,0,
109,2.0,15.0,6,0.4565416666666667,600.0,14.0,0.35,113.0,0,0,
110,2.0,20.0,6,0.4743333333333334,600.0,13.0,0.325,172.0,0,0,
111,2.0,25.0,6,0.45175000000000004,600.0,13.0,0.325,197.0,0,0,
112,0.5,10.0,7,0.17183333333333334,600.0,0.0,0.0,196.0,0,0,
113,0.5,15.0,7,0.16833333333333333,600.0,0.0,0.0,189.0,0,0,
114,0.5,20.0,7,0.15633333333333332,600.0,0.0,0.0,162.0,0,0,
115,0.5,25.0,7,0.164,600.0,0.0,0.0,202.0,0,0,
116,1.0,10.0,7,0.3394166666666667,600.0,3.0,0.15,,0,0,
117,1.0,15.0,7,0.27975,600.0,2.0,0.1,336.0,0,0,
118,1.0,20.0,7,0.24400000000000002,600.0,0.0,0.0,253.0,0,0,
119,1.0,25.0,7,0.29375,600.0,1.0,0.05,496.0,0,0,
120,1.5,10.0,7,0.4843333333333334,600.0,11.0,0.3666666666666666,274.0,0,0,
121,1.5,15.0,7,0.47605555555555557,600.0,10.0,0.3333333333333333,292.0,0,0,
122,1.5,20.0,7,0.45383333333333337,600.0,10.0,0.3333333333333333,226.0,0,0,
123,1.5,25.0,7,0.4568888888888889,600.0,10.0,0.3333333333333333,254.0,0,0,
124,2.0,10.0,7,0.5629166666666666,600.0,20.0,0.5,186.0,0,0,
125,2.0,15.0,7,0.5975,600.0,21.0,0.525,380.0,0,0,
126,2.0,20.0,7,0.580625,600.0,20.0,0.5,223.0,0,0,
127,2.0,25.0,7,0.5751666666666667,600.0,20.0,0.5,200.0,0,0,
128,0.5,10.0,8,0.108,600.0,0.0,0.0,129.0,0,0,
129,0.5,15.0,8,0.15216666666666667,600.0,0.0,0.0,144.0,0,0,
130,0.5,20.0,8,0.16583333333333333,600.0,0.0,0.0,142.0,0,0,
131,0.5,25.0,8,0.224,600.0,0.0,0.0,303.0,0,0,
132,1.0,10.0,8,0.29383333333333334,600.0,2.0,0.1,509.0,0,0,
133,1.0,15.0,8,0.29633333333333334,600.0,4.0,0.2,,0,0,
134,1.0,20.0,8,0.3016666666666667,600.0,0.0,0.0,397.0,0,0,
135,1.0,25.0,8,0.30441666666666667,600.0,0.0,0.0,278.0,0,0,
136,1.5,10.0,8,0.42433333333333334,600.0,9.0,0.3,225.0,0,0,
137,1.5,15.0,8,0.41527777777777775,600.0,6.0,0.2,267.0,0,0,
138,1.5,20.0,8,0.42494444444444446,600.0,9.0,0.3,173.0,0,0,
139,1.5,25.0,8,0.3500555555555555,600.0,7.0,0.2333333333333333,105.0,0,0,
140,2.0,10.0,8,0.5275833333333334,600.0,17.0,0.425,218.0,0,0,
141,2.0,15.0,8,0.5668333333333334,600.0,19.0,0.475,200.0,0,0,
142,2.0,20.0,8,0.5174166666666666,600.0,17.0,0.425,122.0,0,0,
143,2.0,25.0,8,0.4985833333333333,600.0,18.0,0.45,67.0,0,0,
144,0.5,10.0,9,0.13933333333333334,600.0,0.0,0.0,108.0,0,0,
145,0.5,15.0,9,0.15133333333333332,600.0,0.0,0.0,137.0,0,0,
146,0.5,20.0,9,0.1605,600.0,0.0,0.0,138.0,0,0,
147,0.5,25.0,9,0.2683333333333333,600.0,0.0,0.0,410.0,0,0,
148,1.0,10.0,9,0.28441666666666665,600.0,2.0,0.1,314.0,0,0,
149,1.0,15.0,9,0.181,600.0,0.0,0.0,199.0,0,0,
150,1.0,20.0,9,0.20708333333333334,600.0,0.0,0.0,262.0,0,0,
151,1.0,25.0,9,0.2514166666666667,600.0,1.0,0.05,302.0,0,0,
152,1.5,10.0,9,0.4006111111111111,600.0,8.0,0.2666666666666666,211.0,0,0,
153,1.5,15.0,9,0.37527777777777777,600.0,7.0,0.2333333333333333,112.0,0,0,
154,1.5,20.0,9,0.37955555555555553,600.0,7.0,0.2333333333333333,159.0,0,0,
155,1.5,25.0,9,0.4528888888888889,600.0,8.0,0.2666666666666666,241.0,0,0,
156,2.0,10.0,9,0.548875,600.0,19.0,0.475,174.0,0,0,
157,2.0,15.0,9,0.5044166666666666,600.0,17.0,0.425,102.0,0,0,
158,2.0,20.0,9,0.5356666666666666,600.0,17.0,0.425,147.0,0,0,
159,2.0,25.0,9,0.5337083333333333,600.0,17.0,0.425,190.0,0,0,
160,0.5,10.0,10,0.21133333333333332,600.0,0.0,0.0,222.0,0,0,
161,0.5,15.0,10,0.2306666666666667,600.0,0.0,0.0,243.0,0,0,
162,0.5,20.0,10,0.24283333333333332,600.0,0.0,0.0,260.0,0,0,
163,0.5,25.0,10,0.21949999999999997,600.0,0.0,0.0,318.0,0,0,
164,1.0,10.0,10,0.32133333333333336,600.0,2.0,0.1,486.0,0,0,
165,1.0,15.0,10,0.3431666666666667,600.0,3.0,0.15,,0,0,
166,1.0,20.0,10,0.2325,600.0,1.0,0.05,247.0,0,0,
167,1.0,25.0,10,0.3453333333333334,600.0,4.0,0.2,,0,0,
168,1.5,10.0,10,0.5002222222222222,600.0,11.0,0.3666666666666666,317.0,0,0,
169,1.5,15.0,10,0.49694444444444447,600.0,9.0,0.3,412.0,0,0,
170,1.5,20.0,10,0.5381111111111111,600.0,13.0,0.4333333333333333,,0,0,
171,1.5,25.0,10,0.5827222222222223,600.0,14.0,0.4666666666666667,,0,0,
172,2.0,10.0,10,0.540875,600.0,18.0,0.45,122.0,0,0,
173,2.0,15.0,10,0.53375,600.0,18.0,0.45,144.0,0,0,
174,2.0,20.0,10,0.5417916666666667,600.0,18.0,0.45,189.0,0,0,
175,2.0,25.0,10,0.5861666666666666,600.0,18.0,0.45,311.0,0,0,
176,0.5,10.0,11,0.21433333333333332,600.0,0.0,0.0,290.0,0,0,
177,0.5,15.0,11,0.14833333333333334,600.0,0.0,0.0,252.0,0,0,
178,0.5,20.0,11,0.17033333333333334,600.0,0.0,0.0,242.0,0,0,
179,0.5,25.0,11,0.18783333333333332,600.0,0.0,0.0,259.0,0,0,
180,1.0,10.0,11,0.29875,600.0,0.0,0.0,436.0,0,0,
181,1.0,15.0,11,0.3045,600.0,3.0,0.15,,0,0,
182,1.0,20.0,11,0.3418333333333333,600.0,2.0,0.1,484.0,0,0,
183,1.0,25.0,11,0.23525000000000001,600.0,0.0,0.0,291.0,0,0,
184,1.5,10.0,11,0.4606666666666666,600.0,10.0,0.3333333333333333,250.0,0,0,
185,1.5,15.0,11,0.48311111111111105,600.0,11.0,0.3666666666666666,310.0,0,0,
186,1.5,20.0,11,0.5135555555555555,600.0,11.0,0.3666666666666666,355.0,0,0,
187,1.5,25.0,11,0.5639444444444445,600.0,11.0,0.3666666666666666,560.0,0,0,
188,2.0,10.0,11,0.5352916666666667,600.0,18.0,0.45,119.0,0,0,
189,2.0,15.0,11,0.5729583333333333,600.0,18.0,0.45,228.0,0,0,
190,2.0,20.0,11,0.5778333333333333,600.0,18.0,0.45,277.0,0,0,
191,2.0,25.0,11,0.49654166666666666,600.0,16.0,0.4,128.0,0,0,
192,0.5,10.0,12,0.17616666666666667,600.0,0.0,0.0,256.0,0,0,
193,0.5,15.0,12,0.2776666666666667,600.0,0.0,0.0,294.0,0,0,
194,0.5,20.0,12,0.15583333333333332,600.0,0.0,0.0,172.0,0,0,
195,0.5,25.0,12,0.19316666666666668,600.0,0.0,0.0,293.0,0,0,
196,1.0,10.0,12,0.20450000000000002,600.0,0.0,0.0,201.0,0,0,
197,1.0,15.0,12,0.261,600.0,1.0,0.05,359.0,0,0,
198,1.0,20.0,12,0.26558333333333334,600.0,1.0,0.05,367.0,0,0,
199,1.0,25.0,12,0.23074999999999998,600.0,2.0,0.1,305.0,0,0,
200,1.5,10.0,12,0.3332777777777778,600.0,6.0,0.2,177.0,0,0,
201,1.5,15.0,12,0.34488888888888886,600.0,4.0,0.1333333333333333,116.0,0,0,
202,1.5,20.0,12,0.3577222222222222,600.0,6.0,0.2,216.0,0,0,
203,1.5,25.0,12,0.3583888888888888,600.0,5.0,0.1666666666666666,150.0,0,0,
204,2.0,10.0,12,0.455625,600.0,14.0,0.35,86.0,0,0,
205,2.0,15.0,12,0.4637916666666666,600.0,15.0,0.375,80.0,0,0,
206,2.0,20.0,12,0.5015833333333333,600.0,16.0,0.4,95.0,0,0,
207,2.0,25.0,12,0.4664166666666666,600.0,14.0,0.35,101.0,0,0,
208,0.5,10.0,13,0.19316666666666668,600.0,0.0,0.0,141.0,0,0,
209,0.5,15.0,13,0.30683333333333335,600.0,0.0,0.0,387.0,0,0,
210,0.5,20.0,13,0.14600000000000002,600.0,0.0,0.0,125.0,0,0,
211,0.5,25.0,13,0.18433333333333335,600.0,0.0,0.0,209.0,0,0,
212,1.0,10.0,13,0.27699999999999997,600.0,1.0,0.05,454.0,0,0,
213,1.0,15.0,13,0.2981666666666667,600.0,1.0,0.05,437.0,0,0,
214,1.0,20.0,13,0.37133333333333335,600.0,4.0,0.2,,0,0,
215,1.0,25.0,13,0.32525,600.0,4.0,0.2,,0,0,
216,1.5,10.0,13,0.4552222222222222,600.0,9.0,0.3,238.0,0,0,
217,1.5,15.0,13,0.4949444444444444,600.0,11.0,0.3666666666666666,273.0,0,0,
218,1.5,20.0,13,0.4775,600.0,9.0,0.3,321.0,0,0,
219,1.5,25.0,13,0.45666666666666667,600.0,10.0,0.3333333333333333,247.0,0,0,
220,2.0,10.0,13,0.47070833333333334,600.0,14.0,0.35,140.0,0,0,
221,2.0,15.0,13,0.45962499999999995,600.0,14.0,0.35,98.0,0,0,
222,2.0,20.0,13,0.5044166666666666,600.0,15.0,0.375,129.0,0,0,
223,2.0,25.0,13,0.5296666666666667,600.0,15.0,0.375,179.0,0,0,
224,0.5,10.0,14,0.15016666666666667,600.0,0.0,0.0,111.0,0,0,
225,0.5,15.0,14,0.1495,600.0,0.0,0.0,105.0,0,0,
226,0.5,20.0,14,0.15866666666666668,600.0,0.0,0.0,113.0,0,0,
227,0.5,25.0,14,0.3025,600.0,0.0,0.0,368.0,0,0,
228,1.0,10.0,14,0.2585,600.0,1.0,0.05,272.0,0,0,
229,1.0,15.0,14,0.4560833333333333,600.0,4.0,0.2,,0,0,
230,1.0,20.0,14,0.2813333333333334,600.0,1.0,0.05,236.0,0,0,
231,1.0,25.0,14,0.40958333333333335,600.0,4.0,0.2,,0,0,
232,1.5,10.0,14,0.5000555555555555,600.0,11.0,0.3666666666666666,373.0,0,0,
233,1.5,15.0,14,0.5100555555555555,600.0,10.0,0.3333333333333333,417.0,0,0,
234,1.5,20.0,14,0.5178333333333334,600.0,11.0,0.3666666666666666,376.0,0,0,
235,1.5,25.0,14,0.514,600.0,10.0,0.3333333333333333,302.0,0,0,
236,2.0,10.0,14,0.5869583333333334,600.0,20.0,0.5,195.0,0,0,
237,2.0,15.0,14,0.5672499999999999,600.0,19.0,0.475,212.0,0,0,
238,2.0,20.0,14,0.636125,600.0,21.0,0.525,395.0,0,0,
239,2.0,25.0,14,0.6076666666666667,600.0,21.0,0.525,205.0,0,0,
240,0.5,10.0,15,0.14666666666666667,600.0,0.0,0.0,106.0,0,0,
241,0.5,15.0,15,0.17383333333333334,600.0,0.0,0.0,254.0,0,0,
242,0.5,20.0,15,0.16799999999999998,600.0,0.0,0.0,200.0,0,0,
243,0.5,25.0,15,0.18983333333333335,600.0,0.0,0.0,227.0,0,0,
244,1.0,10.0,15,0.24908333333333332,600.0,1.0,0.05,232.0,0,0,
245,1.0,15.0,15,0.19741666666666668,600.0,0.0,0.0,206.0,0,0,
246,1.0,20.0,15,0.23766666666666666,600.0,0.0,0.0,355.0,0,0,
247,1.0,25.0,15,0.17025,600.0,0.0,0.0,139.0,0,0,
248,1.5,10.0,15,0.4371666666666667,600.0,10.0,0.3333333333333333,223.0,0,0,
249,1.5,15.0,15,0.4172222222222222,600.0,7.0,0.2333333333333333,170.0,0,0,
250,1.5,20.0,15,0.47938888888888886,600.0,11.0,0.3666666666666666,239.0,0,0,
251,1.5,25.0,15,0.48083333333333333,600.0,9.0,0.3,306.0,0,0,
252,2.0,10.0,15,0.51875,600.0,18.0,0.45,128.0,0,0,
253,2.0,15.0,15,0.5839166666666668,600.0,18.0,0.45,347.0,0,0,
254,2.0,20.0,15,0.5418333333333334,600.0,16.0,0.4,214.0,0,0,
255,2.0,25.0,15,0.5817083333333333,600.0,19.0,0.475,211.0,0,0,
256,0.5,10.0,16,0.16466666666666666,600.0,0.0,0.0,264.0,0,0,
257,0.5,15.0,16,0.12883333333333333,600.0,0.0,0.0,146.0,0,0,
258,0.5,20.0,16,0.13849999999999998,600.0,0.0,0.0,182.0,0,0,
259,0.5,25.0,16,0.129,600.0,0.0,0.0,184.0,0,0,
260,1.0,10.0,16,0.15108333333333335,600.0,0.0,0.0,180.0,0,0,
261,1.0,15.0,16,0.19675,600.0,0.0,0.0,343.0,0,0,
262,1.0,20.0,16,0.2594166666666667,600.0,1.0,0.05,293.0,0,0,
263,1.0,25.0,16,0.193,600.0,0.0,0.0,219.0,0,0,
264,1.5,10.0,16,0.3361111111111111,600.0,4.0,0.1333333333333333,207.0,0,0,
265,1.5,15.0,16,0.3292222222222222,600.0,5.0,0.1666666666666666,134.0,0,0,
266,1.5,20.0,16,0.3452222222222222,600.0,7.0,0.2333333333333333,127.0,0,0,
267,1.5,25.0,16,0.3103888888888889,600.0,5.0,0.1666666666666666,142.0,0,0,
268,2.0,10.0,16,0.46958333333333335,600.0,15.0,0.375,84.0,0,0,
269,2.0,15.0,16,0.455875,600.0,14.0,0.35,83.0,0,0,
270,2.0,20.0,16,0.44412500000000005,600.0,14.0,0.35,85.0,0,0,
271,2.0,25.0,16,0.4910833333333333,600.0,17.0,0.425,84.0,0,0,
272,0.5,10.0,17,0.15266666666666664,600.0,0.0,0.0,110.0,0,0,
273,0.5,15.0,17,0.184,600.0,0.0,0.0,243.0,0,0,
274,0.5,20.0,17,0.22016666666666665,600.0,0.0,0.0,270.0,0,0,
275,0.5,25.0,17,0.1706666666666667,600.0,0.0,0.0,178.0,0,0,
276,1.0,10.0,17,0.34349999999999997,600.0,3.0,0.15,,0,0,
277,1.0,15.0,17,0.364,600.0,3.0,0.15,,0,0,
278,1.0,20.0,17,0.31275000000000003,600.0,2.0,0.1,536.0,0,0,
279,1.0,25.0,17,0.38058333333333333,600.0,5.0,0.25,,0,0,
280,1.5,10.0,17,0.4831111111111111,600.0,10.0,0.3333333333333333,355.0,0,0,
281,1.5,15.0,17,0.42494444444444446,600.0,9.0,0.3,223.0,0,0,
282,1.5,20.0,17,0.48111111111111104,600.0,10.0,0.3333333333333333,326.0,0,0,
283,1.5,25.0,17,0.4282222222222222,600.0,10.0,0.3333333333333333,158.0,0,0,
284,2.0,10.0,17,0.5888749999999999,600.0,20.0,0.5,264.0,0,0,
285,2.0,15.0,17,0.5523333333333333,600.0,19.0,0.475,234.0,0,0,
286,2.0,20.0,17,0.5630000000000001,600.0,18.0,0.45,177.0,0,0,
287,2.0,25.0,17,0.5537916666666667,600.0,19.0,0.475,108.0,0,0,
288,0.5,10.0,18,0.16866666666666666,600.0,0.0,0.0,178.0,0,0,
289,0.5,15.0,18,0.17099999999999999,600.0,0.0,0.0,153.0,0,0,
290,0.5,20.0,18,0.191,600.0,0.0,0.0,255.0,0,0,
291,0.5,25.0,18,0.171,600.0,0.0,0.0,210.0,0,0,
292,1.0,10.0,18,0.31275000000000003,600.0,0.0,0.0,336.0,0,0,
293,1.0,15.0,18,0.39608333333333334,600.0,4.0,0.2,,0,0,
294,1.0,20.0,18,0.3021666666666667,600.0,3.0,0.15,,0,0,
295,1.0,25.0,18,0.29116666666666663,600.0,1.0,0.05,314.0,0,0,
296,1.5,10.0,18,0.5157777777777778,600.0,9.0,0.3,324.0,0,0,
297,1.5,15.0,18,0.38255555555555554,600.0,6.0,0.2,163.0,0,0,
298,1.5,20.0,18,0.46644444444444444,600.0,8.0,0.2666666666666666,229.0,0,0,
299,1.5,25.0,18,0.477,600.0,10.0,0.3333333333333333,345.0,0,0,
300,2.0,10.0,18,0.5517916666666667,600.0,16.0,0.4,183.0,0,0,
301,2.0,15.0,18,0.5583333333333333,600.0,17.0,0.425,193.0,0,0,
302,2.0,20.0,18,0.5230833333333333,600.0,14.0,0.35,174.0,0,0,
303,2.0,25.0,18,0.5620833333333334,600.0,17.0,0.425,202.0,0,0,
304,0.5,10.0,19,0.2031666666666667,600.0,0.0,0.0,244.0,0,0,
305,0.5,15.0,19,0.182,600.0,0.0,0.0,273.0,0,0,
306,0.5,20.0,19,0.20816666666666667,600.0,0.0,0.0,211.0,0,0,
307,0.5,25.0,19,0.22633333333333336,600.0,0.0,0.0,426.0,0,0,
308,1.0,10.0,19,0.3790833333333333,600.0,2.0,0.1,560.0,0,0,
309,1.0,15.0,19,0.38125,600.0,4.0,0.2,,0,0,
310,1.0,20.0,19,0.2966666666666667,600.0,1.0,0.05,527.0,0,0,
311,1.0,25.0,19,0.3665833333333333,600.0,4.0,0.2,,0,0,
312,1.5,10.0,19,0.46422222222222215,600.0,10.0,0.3333333333333333,219.0,0,0,
313,1.5,15.0,19,0.47677777777777774,600.0,8.0,0.2666666666666666,395.0,0,0,
314,1.5,20.0,19,0.4184444444444444,600.0,8.0,0.2666666666666666,181.0,0,0,
315,1.5,25.0,19,0.5313888888888889,600.0,13.0,0.4333333333333333,,0,0,
316,2.0,10.0,19,0.554875,600.0,17.0,0.425,256.0,0,0,
317,2.0,15.0,19,0.5103333333333333,600.0,16.0,0.4,119.0,0,0,
318,2.0,20.0,19,0.5639583333333333,600.0,16.0,0.4,205.0,0,0,
319,2.0,25.0,19,0.5845,600.0,19.0,0.475,314.0,0,0,
320,0.5,10.0,20,0.13783333333333334,600.0,0.0,0.0,187.0,0,0,
321,0.5,15.0,20,0.16933333333333334,600.0,0.0,0.0,220.0,0,0,
322,0.5,20.0,20,0.17533333333333334,600.0,0.0,0.0,182.0,0,0,
323,0.5,25.0,20,0.14166666666666666,600.0,0.0,0.0,200.0,0,0,
324,1.0,10.0,20,0.23908333333333331,600.0,2.0,0.1,289.0,0,0,
325,1.0,15.0,20,0.22474999999999998,600.0,2.0,0.1,212.0,0,0,
326,1.0,20.0,20,0.23041666666666666,600.0,0.0,0.0,287.0,0,0,
327,1.0,25.0,20,0.31,600.0,3.0,0.15,,0,0,
328,1.5,10.0,20,0.42227777777777775,600.0,8.0,0.2666666666666666,196.0,0,0,
329,1.5,15.0,20,0.4046111111111111,600.0,8.0,0.2666666666666666,206.0,0,0,
330,1.5,20.0,20,0.44138888888888883,600.0,9.0,0.3,202.0,0,0,
331,1.5,25.0,20,0.5666666666666667,600.0,12.0,0.4,515.0,0,0,
332,2.0,10.0,20,0.5449583333333333,600.0,19.0,0.475,124.0,0,0,
333,2.0,15.0,20,0.5368333333333334,600.0,18.0,0.45,168.0,0,0,
334,2.0,20.0,20,0.5364583333333334,600.0,17.0,0.425,200.0,0,0,
335,2.0,25.0,20,0.6666666666666666,600.0,24.0,0.6,,0,0,
336,0.5,10.0,21,0.17533333333333334,600.0,0.0,0.0,151.0,0,0,
337,0.5,15.0,21,0.18566666666666667,600.0,0.0,0.0,218.0,0,0,
338,0.5,20.0,21,0.2396666666666667,600.0,0.0,0.0,227.0,0,0,
339,0.5,25.0,21,0.23016666666666666,600.0,0.0,0.0,212.0,0,0,
340,1.0,10.0,21,0.3244166666666667,600.0,1.0,0.05,436.0,0,0,
341,1.0,15.0,21,0.4479166666666667,600.0,6.0,0.3,,0,0,
342,1.0,20.0,21,0.3968333333333333,600.0,2.0,0.1,513.0,0,0,
343,1.0,25.0,21,0.39891666666666664,600.0,0.0,0.0,491.0,0,0,
344,1.5,10.0,21,0.48083333333333333,600.0,7.0,0.2333333333333333,347.0,0,0,
345,1.5,15.0,21,0.45311111111111113,600.0,8.0,0.2666666666666666,254.0,0,0,
346,1.5,20.0,21,0.3442222222222222,600.0,6.0,0.2,100.0,0,0,
347,1.5,25.0,21,0.44888888888888884,600.0,8.0,0.2666666666666666,282.0,0,0,
348,2.0,10.0,21,0.5666666666666667,600.0,16.0,0.4,187.0,0,0,
349,2.0,15.0,21,0.512625,600.0,16.0,0.4,162.0,0,0,
350,2.0,20.0,21,0.5346666666666667,600.0,16.0,0.4,185.0,0,0,
351,2.0,25.0,21,0.5221666666666667,600.0,14.0,0.35,229.0,0,0,
352,0.5,10.0,22,0.1565,600.0,0.0,0.0,190.0,0,0,
353,0.5,15.0,22,0.16333333333333333,600.0,0.0,0.0,213.0,0,0,
354,0.5,20.0,22,0.12166666666666667,600.0,0.0,0.0,195.0,0,0,
355,0.5,25.0,22,0.1185,600.0,0.0,0.0,145.0,0,0,
356,1.0,10.0,22,0.19608333333333333,600.0,1.0,0.05,267.0,0,0,
357,1.0,15.0,22,0.25316666666666665,600.0,1.0,0.05,391.0,0,0,
358,1.0,20.0,22,0.19216666666666665,600.0,0.0,0.0,245.0,0,0,
359,1.0,25.0,22,0.22008333333333335,600.0,1.0,0.05,194.0,0,0,
360,1.5,10.0,22,0.3437222222222222,600.0,6.0,0.2,153.0,0,0,
361,1.5,15.0,22,0.3662222222222222,600.0,8.0,0.2666666666666666,117.0,0,0,
362,1.5,20.0,22,0.3227222222222222,600.0,4.0,0.1333333333333333,118.0,0,0,
363,1.5,25.0,22,0.35888888888888887,600.0,6.0,0.2,224.0,0,0,
364,2.0,10.0,22,0.4078333333333333,600.0,11.0,0.275,65.0,0,0,
365,2.0,15.0,22,0.43399999999999994,600.0,13.0,0.325,109.0,0,0,
366,2.0,20.0,22,0.38537499999999997,600.0,10.0,0.25,63.0,0,0,
367,2.0,25.0,22,0.411125,600.0,11.0,0.275,99.0,0,0,
368,0.5,10.0,23,0.12333333333333334,600.0,0.0,0.0,103.0,0,0,
369,0.5,15.0,23,0.114,600.0,0.0,0.0,110.0,0,0,
370,0.5,20.0,23,0.11016666666666666,600.0,0.0,0.0,104.0,0,0,
371,0.5,25.0,23,0.11016666666666666,600.0,0.0,0.0,101.0,0,0,
372,1.0,10.0,23,0.23483333333333334,600.0,1.0,0.05,306.0,0,0,
373,1.0,15.0,23,0.31925000000000003,600.0,2.0,0.1,436.0,0,0,
374,1.0,20.0,23,0.36108333333333337,600.0,3.0,0.15,,0,0,
375,1.0,25.0,23,0.4489166666666667,600.0,4.0,0.2,,0,0,
376,1.5,10.0,23,0.42316666666666664,600.0,9.0,0.3,153.0,0,0,
377,1.5,15.0,23,0.47361111111111104,600.0,10.0,0.3333333333333333,318.0,0,0,
378,1.5,20.0,23,0.5407777777777777,600.0,11.0,0.3666666666666666,448.0,0,0,
379,1.5,25.0,23,0.5456666666666666,600.0,13.0,0.4333333333333333,,0,0,
380,2.0,10.0,23,0.5448333333333333,600.0,18.0,0.45,183.0,0,0,
381,2.0,15.0,23,0.5699583333333333,600.0,19.0,0.475,197.0,0,0,
382,2.0,20.0,23,0.5815,600.0,20.0,0.5,245.0,0,0,
383,2.0,25.0,23,0.5597083333333334,600.0,19.0,0.475,146.0,0,0,
384,0.5,10.0,24,0.14933333333333332,600.0,0.0,0.0,112.0,0,0,
385,0.5,15.0,24,0.161,600.0,0.0,0.0,179.0,0,0,
386,0.5,20.0,24,0.14166666666666666,600.0,0.0,0.0,112.0,0,0,
387,0.5,25.0,24,0.14583333333333334,600.0,0.0,0.0,123.0,0,0,
388,1.0,10.0,24,0.2940833333333333,600.0,1.0,0.05,456.0,0,0,
389,1.0,15.0,24,0.30625,600.0,1.0,0.05,300.0,0,0,
390,1.0,20.0,24,0.3503333333333334,600.0,1.0,0.05,571.0,0,0,
391,1.0,25.0,24,0.435,600.0,7.0,0.35,,0,0,
392,1.5,10.0,24,0.3988333333333333,600.0,7.0,0.2333333333333333,206.0,0,0,
393,1.5,15.0,24,0.46055555555555555,600.0,9.0,0.3,170.0,0,0,
394,1.5,20.0,24,0.5189444444444444,600.0,11.0,0.3666666666666666,412.0,0,0,
395,1.5,25.0,24,0.5898888888888889,600.0,12.0,0.4,484.0,0,0,
396,2.0,10.0,24,0.554375,600.0,19.0,0.475,142.0,0,0,
397,2.0,15.0,24,0.5865833333333333,600.0,19.0,0.475,289.0,0,0,
398,2.0,20.0,24,0.5455,600.0,18.0,0.45,167.0,0,0,
399,2.0,25.0,24,0.5790416666666667,600.0,20.0,0.5,257.0,0,0,
400,0.5,10.0,25,0.07816666666666666,600.0,0.0,0.0,120.0,0,0,
401,0.5,15.0,25,0.10816666666666667,600.0,0.0,0.0,137.0,0,0,
402,0.5,20.0,25,0.18766666666666668,600.0,0.0,0.0,348.0,0,0,
403,0.5,25.0,25,0.08483333333333333,600.0,0.0,0.0,120.0,0,0,
404,1.0,10.0,25,0.18691666666666668,600.0,0.0,0.0,351.0,0,0,
405,1.0,15.0,25,0.14075000000000001,600.0,0.0,0.0,133.0,0,0,
406,1.0,20.0,25,0.17216666666666666,600.0,1.0,0.05,221.0,0,0,
407,1.0,25.0,25,0.22091666666666668,600.0,1.0,0.05,251.0,0,0,
408,1.5,10.0,25,0.4703888888888888,600.0,11.0,0.3666666666666666,344.0,0,0,
409,1.5,15.0,25,0.4553333333333333,600.0,8.0,0.2666666666666666,214.0,0,0,
410,1.5,20.0,25,0.4147222222222222,600.0,9.0,0.3,191.0,0,0,
411,1.5,25.0,25,0.352,600.0,7.0,0.2333333333333333,109.0,0,0,
412,2.0,10.0,25,0.5285416666666667,600.0,18.0,0.45,144.0,0,0,
413,2.0,15.0,25,0.5509583333333333,600.0,19.0,0.475,155.0,0,0,
414,2.0,20.0,25,0.5169583333333333,600.0,18.0,0.45,145.0,0,0,
415,2.0,25.0,25,0.48591666666666666,600.0,16.0,0.4,137.0,0,0,
416,0.5,10.0,26,0.253,600.0,0.0,0.0,373.0,0,0,
417,0.5,15.0,26,0.16833333333333333,600.0,0.0,0.0,182.0,0,0,
418,0.5,20.0,26,0.1315,600.0,0.0,0.0,105.0,0,0,
419,0.5,25.0,26,0.12483333333333334,600.0,0.0,0.0,107.0,0,0,
420,1.0,10.0,26,0.376,600.0,3.0,0.15,,0,0,
421,1.0,15.0,26,0.29174999999999995,600.0,1.0,0.05,458.0,0,0,
422,1.0,20.0,26,0.27699999999999997,600.0,0.0,0.0,508.0,0,0,
423,1.0,25.0,26,0.34108333333333335,600.0,4.0,0.2,,0,0,
424,1.5,10.0,26,0.4771111111111111,600.0,10.0,0.3333333333333333,249.0,0,0,
425,1.5,15.0,26,0.45699999999999996,600.0,10.0,0.3333333333333333,249.0,0,0,
426,1.5,20.0,26,0.4993333333333333,600.0,12.0,0.4,378.0,0,0,
427,1.5,25.0,26,0.4417222222222222,600.0,9.0,0.3,209.0,0,0,
428,2.0,10.0,26,0.49612500000000004,600.0,15.0,0.375,135.0,0,0,
429,2.0,15.0,26,0.571625,600.0,18.0,0.45,205.0,0,0,
430,2.0,20.0,26,0.5295,600.0,16.0,0.4,230.0,0,0,
431,2.0,25.0,26,0.5740416666666667,600.0,19.0,0.475,288.0,0,0,
432,0.5,10.0,27,0.15033333333333335,600.0,0.0,0.0,155.0,0,0,
433,0.5,15.0,27,0.12766666666666665,600.0,0.0,0.0,161.0,0,0,
434,0.5,20.0,27,0.11066666666666668,600.0,0.0,0.0,140.0,0,0,
435,0.5,25.0,27,0.1505,600.0,0.0,0.0,202.0,0,0,
436,1.0,10.0,27,0.22241666666666665,600.0,1.0,0.05,204.0,0,0,
437,1.0,15.0,27,0.20299999999999999,600.0,0.0,0.0,226.0,0,0,
438,1.0,20.0,27,0.22525,600.0,1.0,0.05,337.0,0,0,
439,1.0,25.0,27,0.3070833333333333,600.0,0.0,0.0,366.0,0,0,
440,1.5,10.0,27,0.4048333333333333,600.0,8.0,0.2666666666666666,129.0,0,0,
441,1.5,15.0,27,0.3963333333333333,600.0,9.0,0.3,160.0,0,0,
442,1.5,20.0,27,0.3744444444444444,600.0,9.0,0.3,109.0,0,0,
443,1.5,25.0,27,0.3978333333333333,600.0,9.0,0.3,153.0,0,0,
444,2.0,10.0,27,0.55875,600.0,20.0,0.5,156.0,0,0,
445,2.0,15.0,27,0.53875,600.0,19.0,0.475,118.0,0,0,
446,2.0,20.0,27,0.5320416666666667,600.0,18.0,0.45,139.0,0,0,
447,2.0,25.0,27,0.5514583333333334,600.0,19.0,0.475,156.0,0,0,
448,0.5,10.0,28,0.16133333333333333,600.0,0.0,0.0,143.0,0,0,
449,0.5,15.0,28,0.12983333333333336,600.0,0.0,0.0,110.0,0,0,
450,0.5,20.0,28,0.22666666666666666,600.0,1.0,0.1,141.0,0,0,
451,0.5,25.0,28,0.19666666666666666,600.0,0.0,0.0,265.0,0,0,
452,1.0,10.0,28,0.29475,600.0,0.0,0.0,324.0,0,0,
453,1.0,15.0,28,0.2529166666666667,600.0,0.0,0.0,339.0,0,0,
454,1.0,20.0,28,0.37324999999999997,600.0,3.0,0.15,,0,0,
455,1.0,25.0,28,0.23583333333333334,600.0,0.0,0.0,210.0,0,0,
456,1.5,10.0,28,0.4577777777777778,600.0,9.0,0.3,267.0,0,0,
457,1.5,15.0,28,0.41038888888888886,600.0,9.0,0.3,199.0,0,0,
458,1.5,20.0,28,0.4367222222222222,600.0,7.0,0.2333333333333333,187.0,0,0,
459,1.5,25.0,28,0.48705555555555546,600.0,8.0,0.2666666666666666,341.0,0,0,
460,2.0,10.0,28,0.3983333333333333,600.0,12.0,0.3,107.0,0,0,
461,2.0,15.0,28,0.45787500000000003,600.0,13.0,0.325,134.0,0,0,
462,2.0,20.0,28,0.45929166666666665,600.0,13.0,0.325,146.0,0,0,
463,2.0,25.0,28,0.4305833333333334,600.0,11.0,0.275,166.0,0,0,
464,0.5,10.0,29,0.09516666666666666,600.0,0.0,0.0,97.0,0,0,
465,0.5,15.0,29,0.10216666666666666,600.0,0.0,0.0,153.0,0,0,
466,0.5,20.0,29,0.14133333333333334,600.0,0.0,0.0,285.0,0,0,
467,0.5,25.0,29,0.15366666666666667,600.0,0.0,0.0,293.0,0,0,
468,1.0,10.0,29,0.2535,600.0,1.0,0.05,337.0,0,0,
469,1.0,15.0,29,0.26733333333333337,600.0,3.0,0.15,,0,0,
470,1.0,20.0,29,0.27125,600.0,1.0,0.05,369.0,0,0,
471,1.0,25.0,29,0.2838333333333333,600.0,2.0,0.1,346.0,0,0,
472,1.5,10.0,29,0.4482777777777777,600.0,10.0,0.3333333333333333,314.0,0,0,
473,1.5,15.0,29,0.5059444444444444,600.0,11.0,0.3666666666666666,337.0,0,0,
474,1.5,20.0,29,0.5131666666666667,600.0,12.0,0.4,441.0,0,0,
475,1.5,25.0,29,0.4940555555555556,600.0,11.0,0.3666666666666666,398.0,0,0,
476,2.0,10.0,29,0.5545,600.0,20.0,0.5,170.0,0,0,
477,2.0,15.0,29,0.6033333333333334,600.0,21.0,0.525,354.0,0,0,
478,2.0,20.0,29,0.6152083333333334,600.0,20.0,0.5,370.0,0,0,
479,2.0,25.0,29,0.61575,600.0,20.0,0.5,462.0,0,0,
480,0.5,10.0,30,0.16633333333333333,600.0,0.0,0.0,219.0,0,0,
481,0.5,15.0,30,0.12233333333333335,600.0,0.0,0.0,156.0,0,0,
482,0.5,20.0,30,0.09416666666666666,600.0,0.0,0.0,93.0,0,0,
483,0.5,25.0,30,0.09383333333333334,600.0,0.0,0.0,93.0,0,0,
484,1.0,10.0,30,0.2790833333333333,600.0,2.0,0.1,419.0,0,0,
485,1.0,15.0,30,0.319,600.0,2.0,0.1,440.0,0,0,
486,1.0,20.0,30,0.20975000000000002,600.0,1.0,0.05,263.0,0,0,
487,1.0,25.0,30,0.2826666666666667,600.0,0.0,0.0,374.0,0,0,
488,1.5,10.0,30,0.3638333333333333,600.0,8.0,0.2666666666666666,137.0,0,0,
489,1.5,15.0,30,0.44377777777777777,600.0,8.0,0.2666666666666666,252.0,0,0,
490,1.5,20.0,30,0.44527777777777783,600.0,9.0,0.3,284.0,0,0,
491,1.5,25.0,30,0.6156666666666666,600.0,17.0,0.5666666666666667,,0,0,
492,2.0,10.0,30,0.5211666666666667,600.0,18.0,0.45,141.0,0,0,
493,2.0,15.0,30,0.5126666666666667,600.0,16.0,0.4,182.0,0,0,
494,2.0,20.0,30,0.5252916666666667,600.0,16.0,0.4,226.0,0,0,
495,2.0,25.0,30,0.5194583333333334,600.0,17.0,0.425,157.0,0,0,
496,0.5,10.0,31,0.2786666666666667,600.0,0.0,0.0,380.0,0,0,
497,0.5,15.0,31,0.21216666666666667,600.0,0.0,0.0,228.0,0,0,
498,0.5,20.0,31,0.18983333333333335,600.0,0.0,0.0,193.0,0,0,
499,0.5,25.0,31,0.158,600.0,0.0,0.0,135.0,0,0,
500,1.0,10.0,31,0.3071666666666667,600.0,2.0,0.1,404.0,0,0,
501,1.0,15.0,31,0.3089166666666667,600.0,2.0,0.1,577.0,0,0,
502,1.0,20.0,31,0.3363333333333334,600.0,2.0,0.1,599.0,0,0,
503,1.0,25.0,31,0.4290833333333333,600.0,4.0,0.2,,0,0,
504,1.5,10.0,31,0.4520555555555556,600.0,8.0,0.2666666666666666,236.0,0,0,
505,1.5,15.0,31,0.46294444444444444,600.0,8.0,0.2666666666666666,253.0,0,0,
506,1.5,20.0,31,0.4370555555555556,600.0,9.0,0.3,180.0,0,0,
507,1.5,25.0,31,0.5295,600.0,9.0,0.3,341.0,0,0,
508,2.0,10.0,31,0.5232916666666667,600.0,15.0,0.375,143.0,0,0,
509,2.0,15.0,31,0.5137916666666666,600.0,16.0,0.4,117.0,0,0,
510,2.0,20.0,31,0.5192083333333334,600.0,16.0,0.4,138.0,0,0,
511,2.0,25.0,31,0.5449583333333333,600.0,17.0,0.425,170.0,0,0,
512,0.5,10.0,32,0.13316666666666668,600.0,0.0,0.0,126.0,0,0,
513,0.5,15.0,32,0.1635,600.0,0.0,0.0,185.0,0,0,
514,0.5,20.0,32,0.15983333333333336,600.0,0.0,0.0,172.0,0,0,
515,0.5,25.0,32,0.14516666666666667,600.0,0.0,0.0,164.0,0,0,
516,1.0,10.0,32,0.24908333333333332,600.0,2.0,0.1,281.0,0,0,
517,1.0,15.0,32,0.2593333333333333,600.0,2.0,0.1,346.0,0,0,
518,1.0,20.0,32,0.29883333333333334,600.0,2.0,0.1,446.0,0,0,
519,1.0,25.0,32,0.2796666666666667,600.0,2.0,0.1,430.0,0,0,
520,1.5,10.0,32,0.38055555555555554,600.0,8.0,0.2666666666666666,147.0,0,0,
521,1.5,15.0,32,0.3625555555555555,600.0,8.0,0.2666666666666666,120.0,0,0,
522,1.5,20.0,32,0.39488888888888884,600.0,8.0,0.2666666666666666,182.0,0,0,
523,1.5,25.0,32,0.4195,600.0,10.0,0.3333333333333333,117.0,0,0,
524,2.0,10.0,32,0.5269166666666666,600.0,18.0,0.45,81.0,0,0,
525,2.0,15.0,32,0.5195,600.0,18.0,0.45,131.0,0,0,
526,2.0,20.0,32,0.5762916666666666,600.0,20.0,0.5,280.0,0,0,
527,2.0,25.0,32,0.4740416666666667,600.0,16.0,0.4,93.0,0,0,
528,0.5,10.0,33,0.16433333333333336,600.0,0.0,0.0,154.0,0,0,
529,0.5,15.0,33,0.1475,600.0,0.0,0.0,181.0,0,0,
530,0.5,20.0,33,0.16783333333333333,600.0,0.0,0.0,203.0,0,0,
531,0.5,25.0,33,0.14816666666666667,600.0,0.0,0.0,160.0,0,0,
532,1.0,10.0,33,0.30324999999999996,600.0,2.0,0.1,579.0,0,0,
533,1.0,15.0,33,0.30050000000000004,600.0,2.0,0.1,527.0,0,0,
534,1.0,20.0,33,0.33858333333333335,600.0,2.0,0.1,527.0,0,0,
535,1.0,25.0,33,0.31725,600.0,4.0,0.2,,0,0,
536,1.5,10.0,33,0.5113888888888889,600.0,9.0,0.3,351.0,0,0,
537,1.5,15.0,33,0.4815,600.0,11.0,0.3666666666666666,234.0,0,0,
538,1.5,20.0,33,0.49127777777777776,600.0,11.0,0.3666666666666666,281.0,0,0,
539,1.5,25.0,33,0.4743333333333333,600.0,9.0,0.3,263.0,0,0,
540,2.0,10.0,33,0.5912916666666667,600.0,20.0,0.5,318.0,0,0,
541,2.0,15.0,33,0.6017916666666666,600.0,22.0,0.55,251.0,0,0,
542,2.0,20.0,33,0.5791666666666667,600.0,19.0,0.475,319.0,0,0,
543,2.0,25.0,33,0.5850833333333334,600.0,17.0,0.425,239.0,0,0,
544,0.5,10.0,34,0.1895,600.0,0.0,0.0,281.0,0,0,
545,0.5,15.0,34,0.23099999999999998,600.0,0.0,0.0,304.0,0,0,
546,0.5,20.0,34,0.1706666666666667,600.0,0.0,0.0,238.0,0,0,
547,0.5,25.0,34,0.17783333333333334,600.0,0.0,0.0,231.0,0,0,
548,1.0,10.0,34,0.38316666666666666,600.0,3.0,0.15,,0,0,
549,1.0,15.0,34,0.42816666666666664,600.0,3.0,0.15,,0,0,
550,1.0,20.0,34,0.3135833333333333,600.0,1.0,0.05,290.0,0,0,
551,1.0,25.0,34,0.4084166666666667,600.0,5.0,0.25,,0,0,
552,1.5,10.0,34,0.38149999999999995,600.0,7.0,0.2333333333333333,162.0,0,0,
553,1.5,15.0,34,0.43177777777777776,600.0,9.0,0.3,203.0,0,0,
554,1.5,20.0,34,0.4804999999999999,600.0,10.0,0.3333333333333333,314.0,0,0,
555,1.5,25.0,34,0.4196111111111111,600.0,8.0,0.2666666666666666,199.0,0,0,
556,2.0,10.0,34,0.5235833333333333,600.0,17.0,0.425,142.0,0,0,
557,2.0,15.0,34,0.545125,600.0,17.0,0.425,235.0,0,0,
558,2.0,20.0,34,0.5030833333333333,600.0,16.0,0.4,132.0,0,0,
559,2.0,25.0,34,0.5185000000000001,600.0,17.0,0.425,125.0,0,0,
560,0.5,10.0,35,0.22583333333333333,600.0,0.0,0.0,330.0,0,0,
561,0.5,15.0,35,0.139,600.0,0.0,0.0,160.0,0,0,
562,0.5,20.0,35,0.32166666666666666,600.0,1.0,0.1,552.0,0,0,
563,0.5,25.0,35,0.26383333333333336,600.0,0.0,0.0,300.0,0,0,
564,1.0,10.0,35,0.345,600.0,3.0,0.15,,0,0,
565,1.0,15.0,35,0.303,600.0,2.0,0.1,417.0,0,0,
566,1.0,20.0,35,0.2515,600.0,1.0,0.05,304.0,0,0,
567,1.0,25.0,35,0.22241666666666665,600.0,1.0,0.05,246.0,0,0,
568,1.5,10.0,35,0.4542777777777778,600.0,9.0,0.3,240.0,0,0,
569,1.5,15.0,35,0.47144444444444444,600.0,10.0,0.3333333333333333,264.0,0,0,
570,1.5,20.0,35,0.4329444444444444,600.0,9.0,0.3,247.0,0,0,
571,1.5,25.0,35,0.4046666666666666,600.0,8.0,0.2666666666666666,176.0,0,0,
572,2.0,10.0,35,0.48824999999999996,600.0,16.0,0.4,113.0,0,0,
573,2.0,15.0,35,0.514375,600.0,18.0,0.45,107.0,0,0,
574,2.0,20.0,35,0.5800416666666667,600.0,20.0,0.5,249.0,0,0,
575,2.0,25.0,35,0.5114166666666667,600.0,18.0,0.45,105.0,0,0,
576,0.5,10.0,36,0.16133333333333333,600.0,0.0,0.0,185.0,0,0,
577,0.5,15.0,36,0.14216666666666666,600.0,0.0,0.0,182.0,0,0,
578,0.5,20.0,36,0.163,600.0,0.0,0.0,175.0,0,0,
579,0.5,25.0,36,0.13733333333333334,600.0,0.0,0.0,181.0,0,0,
580,1.0,10.0,36,0.22483333333333333,600.0,2.0,0.1,391.0,0,0,
581,1.0,15.0,36,0.2554166666666667,600.0,3.0,0.15,,0,0,
582,1.0,20.0,36,0.34991666666666665,600.0,2.0,0.1,598.0,0,0,
583,1.0,25.0,36,0.32675000000000004,600.0,4.0,0.2,,0,0,
584,1.5,10.0,36,0.45166666666666666,600.0,10.0,0.3333333333333333,244.0,0,0,
585,1.5,15.0,36,0.38916666666666666,600.0,9.0,0.3,142.0,0,0,
586,1.5,20.0,36,0.4271111111111111,600.0,10.0,0.3333333333333333,213.0,0,0,
587,1.5,25.0,36,0.4272777777777777,600.0,10.0,0.3333333333333333,104.0,0,0,
588,2.0,10.0,36,0.524375,600.0,19.0,0.475,101.0,0,0,
589,2.0,15.0,36,0.5582083333333333,600.0,20.0,0.5,148.0,0,0,
590,2.0,20.0,36,0.56025,600.0,20.0,0.5,93.0,0,0,
591,2.0,25.0,36,0.5343333333333333,600.0,19.0,0.475,114.0,0,0,
592,0.5,10.0,37,0.12066666666666667,600.0,0.0,0.0,169.0,0,0,
593,0.5,15.0,37,0.1555,600.0,0.0,0.0,189.0,0,0,
594,0.5,20.0,37,0.14083333333333334,600.0,0.0,0.0,154.0,0,0,
595,0.5,25.0,37,0.1475,600.0,0.0,0.0,137.0,0,0,
596,1.0,10.0,37,0.23508333333333334,600.0,1.0,0.05,411.0,0,0,
597,1.0,15.0,37,0.2530833333333333,600.0,0.0,0.0,321.0,0,0,
598,1.0,20.0,37,0.25508333333333333,600.0,0.0,0.0,339.0,0,0,
599,1.0,25.0,37,0.29158333333333336,600.0,1.0,0.05,322.0,0,0,
600,1.5,10.0,37,0.4431111111111111,600.0,8.0,0.2666666666666666,195.0,0,0,
601,1.5,15.0,37,0.38094444444444436,600.0,8.0,0.2666666666666666,153.0,0,0,
602,1.5,20.0,37,0.45933333333333326,600.0,8.0,0.2666666666666666,309.0,0,0,
603,1.5,25.0,37,0.39988888888888885,600.0,8.0,0.2666666666666666,167.0,0,0,
604,2.0,10.0,37,0.5404166666666667,600.0,17.0,0.425,188.0,0,0,
605,2.0,15.0,37,0.5249166666666667,600.0,16.0,0.4,153.0,0,0,
606,2.0,20.0,37,0.5339166666666667,600.0,18.0,0.45,141.0,0,0,
607,2.0,25.0,37,0.5600833333333334,600.0,18.0,0.45,191.0,0,0,
608,0.5,10.0,38,0.20450000000000002,600.0,0.0,0.0,218.0,0,0,
609,0.5,15.0,38,0.16066666666666668,600.0,0.0,0.0,126.0,0,0,
610,0.5,20.0,38,0.176,600.0,0.0,0.0,152.0,0,0,
611,0.5,25.0,38,0.1905,600.0,0.0,0.0,145.0,0,0,
612,1.0,10.0,38,0.24058333333333332,600.0,1.0,0.05,316.0,0,0,
613,1.0,15.0,38,0.27466666666666667,600.0,0.0,0.0,389.0,0,0,
614,1.0,20.0,38,0.32075,600.0,3.0,0.15,,0,0,
615,1.0,25.0,38,0.41950000000000004,600.0,3.0,0.15,,0,0,
616,1.5,10.0,38,0.3472222222222222,600.0,7.0,0.2333333333333333,134.0,0,0,
617,1.5,15.0,38,0.4156666666666667,600.0,9.0,0.3,180.0,0,0,
618,1.5,20.0,38,0.303,600.0,5.0,0.1666666666666666,132.0,0,0,
619,1.5,25.0,38,0.5171666666666667,600.0,11.0,0.3666666666666666,354.0,0,0,
620,2.0,10.0,38,0.4975,600.0,16.0,0.4,140.0,0,0,
621,2.0,15.0,38,0.5072083333333333,600.0,15.0,0.375,186.0,0,0,
622,2.0,20.0,38,0.571625,600.0,17.0,0.425,286.0,0,0,
623,2.0,25.0,38,0.6894166666666667,600.0,22.0,0.55,552.0,0,0,
624,0.5,10.0,39,0.12466666666666666,600.0,0.0,0.0,120.0,0,0,
625,0.5,15.0,39,0.1105,600.0,0.0,0.0,130.0,0,0,
626,0.5,20.0,39,0.13716666666666666,600.0,0.0,0.0,213.0,0,0,
627,0.5,25.0,39,0.10666666666666667,600.0,0.0,0.0,127.0,0,0,
628,1.0,10.0,39,0.22933333333333333,600.0,0.0,0.0,325.0,0,0,
629,1.0,15.0,39,0.26199999999999996,600.0,2.0,0.1,502.0,0,0,
630,1.0,20.0,39,0.16141666666666665,600.0,0.0,0.0,188.0,0,0,
631,1.0,25.0,39,0.2679166666666667,600.0,2.0,0.1,386.0,0,0,
632,1.5,10.0,39,0.4152222222222222,600.0,7.0,0.2333333333333333,188.0,0,0,
633,1.5,15.0,39,0.39016666666666666,600.0,7.0,0.2333333333333333,184.0,0,0,
634,1.5,20.0,39,0.49594444444444447,600.0,10.0,0.3333333333333333,338.0,0,0,
635,1.5,25.0,39,0.46144444444444443,600.0,9.0,0.3,179.0,0,0,
636,2.0,10.0,39,0.48583333333333334,600.0,16.0,0.4,105.0,0,0,
637,2.0,15.0,39,0.48945833333333333,600.0,17.0,0.425,94.0,0,0,
638,2.0,20.0,39,0.4950833333333334,600.0,17.0,0.425,93.0,0,0,
639,2.0,25.0,39,0.45975000000000005,600.0,15.0,0.375,88.0,0,0,
640,0.5,10.0,40,0.17666666666666667,600.0,0.0,0.0,153.0,0,0,
641,0.5,15.0,40,0.258,600.0,0.0,0.0,275.0,0,0,
642,0.5,20.0,40,0.24233333333333335,600.0,0.0,0.0,238.0,0,0,
643,0.5,25.0,40,0.25516666666666665,600.0,0.0,0.0,276.0,0,0,
644,1.0,10.0,40,0.3109166666666667,600.0,2.0,0.1,586.0,0,0,
645,1.0,15.0,40,0.36491666666666667,600.0,2.0,0.1,588.0,0,0,
646,1.0,20.0,40,0.28975,600.0,1.0,0.05,452.0,0,0,
647,1.0,25.0,40,0.33866666666666667,600.0,4.0,0.2,,0,0,
648,1.5,10.0,40,0.414,600.0,9.0,0.3,203.0,0,0,
649,1.5,15.0,40,0.4802777777777778,600.0,10.0,0.3333333333333333,350.0,0,0,
650,1.5,20.0,40,0.4995555555555555,600.0,11.0,0.3666666666666666,374.0,0,0,
651,1.5,25.0,40,0.45572222222222225,600.0,10.0,0.3333333333333333,266.0,0,0,
652,2.0,10.0,40,0.5930416666666667,600.0,21.0,0.525,236.0,0,0,
653,2.0,15.0,40,0.5952916666666667,600.0,20.0,0.5,396.0,0,0,
654,2.0,20.0,40,0.6092916666666667,600.0,21.0,0.525,235.0,0,0,
655,2.0,25.0,40,0.5737083333333334,600.0,18.0,0.45,258.0,0,0,
656,0.5,10.0,41,0.3085,600.0,0.0,0.0,304.0,0,0,
657,0.5,15.0,41,0.16083333333333333,600.0,0.0,0.0,157.0,0,0,
658,0.5,20.0,41,0.18066666666666667,600.0,0.0,0.0,222.0,0,0,
659,0.5,25.0,41,0.1545,600.0,0.0,0.0,137.0,0,0,
660,1.0,10.0,41,0.24908333333333332,600.0,0.0,0.0,255.0,0,0,
661,1.0,15.0,41,0.38383333333333336,600.0,3.0,0.15,,0,0,
662,1.0,20.0,41,0.38425000000000004,600.0,2.0,0.1,476.0,0,0,
663,1.0,25.0,41,0.2843333333333333,600.0,0.0,0.0,285.0,0,0,
664,1.5,10.0,41,0.39822222222222226,600.0,6.0,0.2,183.0,0,0,
665,1.5,15.0,41,0.3892777777777777,600.0,7.0,0.2333333333333333,179.0,0,0,
666,1.5,20.0,41,0.4093333333333333,600.0,8.0,0.2666666666666666,172.0,0,0,
667,1.5,25.0,41,0.35216666666666663,600.0,5.0,0.1666666666666666,135.0,0,0,
668,2.0,10.0,41,0.5641666666666667,600.0,16.0,0.4,258.0,0,0,
669,2.0,15.0,41,0.5495416666666667,600.0,16.0,0.4,199.0,0,0,
670,2.0,20.0,41,0.5602083333333333,600.0,13.0,0.325,255.0,0,0,
671,2.0,25.0,41,0.598,600.0,17.0,0.425,288.0,0,0,
672,0.5,10.0,42,0.17933333333333332,600.0,0.0,0.0,216.0,0,0,
673,0.5,15.0,42,0.22300000000000003,600.0,0.0,0.0,261.0,0,0,
674,0.5,20.0,42,0.13116666666666668,600.0,0.0,0.0,145.0,0,0,
675,0.5,25.0,42,0.12416666666666666,600.0,0.0,0.0,112.0,0,0,
676,1.0,10.0,42,0.3035,600.0,3.0,0.15,,0,0,
677,1.0,15.0,42,0.17941666666666667,600.0,0.0,0.0,207.0,0,0,
678,1.0,20.0,42,0.32491666666666663,600.0,2.0,0.1,544.0,0,0,
679,1.0,25.0,42,0.46308333333333335,600.0,3.0,0.15,,0,0,
680,1.5,10.0,42,0.48050000000000004,600.0,10.0,0.3333333333333333,317.0,0,0,
681,1.5,15.0,42,0.4293333333333333,600.0,9.0,0.3,224.0,0,0,
682,1.5,20.0,42,0.5127777777777778,600.0,12.0,0.4,502.0,0,0,
683,1.5,25.0,42,0.44666666666666666,600.0,10.0,0.3333333333333333,257.0,0,0,
684,2.0,10.0,42,0.477,600.0,15.0,0.375,92.0,0,0,
685,2.0,15.0,42,0.4824583333333334,600.0,16.0,0.4,68.0,0,0,
686,2.0,20.0,42,0.540375,600.0,17.0,0.425,70.0,0,0,
687,2.0,25.0,42,0.5117916666666666,600.0,17.0,0.425,79.0,0,0,
688,0.5,10.0,43,0.13383333333333333,600.0,0.0,0.0,112.0,0,0,
689,0.5,15.0,43,0.16133333333333333,600.0,0.0,0.0,241.0,0,0,
690,0.5,20.0,43,0.26766666666666666,600.0,1.0,0.1,570.0,0,0,
691,0.5,25.0,43,0.11933333333333335,600.0,0.0,0.0,119.0,0,0,
692,1.0,10.0,43,0.2529166666666667,600.0,0.0,0.0,255.0,0,0,
693,1.0,15.0,43,0.2855833333333333,600.0,3.0,0.15,,0,0,
694,1.0,20.0,43,0.25175000000000003,600.0,2.0,0.1,292.0,0,0,
695,1.0,25.0,43,0.34125,600.0,2.0,0.1,470.0,0,0,
696,1.5,10.0,43,0.4281111111111111,600.0,10.0,0.3333333333333333,167.0,0,0,
697,1.5,15.0,43,0.4452777777777777,600.0,10.0,0.3333333333333333,258.0,0,0,
698,1.5,20.0,43,0.4445,600.0,10.0,0.3333333333333333,173.0,0,0,
699,1.5,25.0,43,0.48783333333333334,600.0,10.0,0.3333333333333333,326.0,0,0,
700,2.0,10.0,43,0.5595,600.0,20.0,0.5,136.0,0,0,
701,2.0,15.0,43,0.5493333333333333,600.0,18.0,0.45,151.0,0,0,
702,2.0,20.0,43,0.5650833333333334,600.0,19.0,0.475,148.0,0,0,
703,2.0,25.0,43,0.5179166666666667,600.0,19.0,0.475,69.0,0,0,
704,0.5,10.0,44,0.1185,600.0,0.0,0.0,174.0,0,0,
705,0.5,15.0,44,0.0995,600.0,0.0,0.0,153.0,0,0,
706,0.5,20.0,44,0.11466666666666667,600.0,0.0,0.0,116.0,0,0,
707,0.5,25.0,44,0.11666666666666667,600.0,0.0,0.0,184.0,0,0,
708,1.0,10.0,44,0.2321666666666667,600.0,1.0,0.05,250.0,0,0,
709,1.0,15.0,44,0.2579166666666667,600.0,2.0,0.1,342.0,0,0,
710,1.0,20.0,44,0.27391666666666664,600.0,1.0,0.05,409.0,0,0,
711,1.0,25.0,44,0.2709166666666667,600.0,1.0,0.05,419.0,0,0,
712,1.5,10.0,44,0.41283333333333333,600.0,7.0,0.2333333333333333,218.0,0,0,
713,1.5,15.0,44,0.3693333333333333,600.0,8.0,0.2666666666666666,149.0,0,0,
714,1.5,20.0,44,0.4191111111111111,600.0,7.0,0.2333333333333333,228.0,0,0,
715,1.5,25.0,44,0.34155555555555556,600.0,6.0,0.2,123.0,0,0,
716,2.0,10.0,44,0.478625,600.0,15.0,0.375,136.0,0,0,
717,2.0,15.0,44,0.4560416666666667,600.0,14.0,0.35,125.0,0,0,
718,2.0,20.0,44,0.509875,600.0,15.0,0.375,149.0,0,0,
719,2.0,25.0,44,0.48324999999999996,600.0,14.0,0.35,135.0,0,0,
720,0.5,10.0,45,0.20966666666666667,600.0,0.0,0.0,196.0,0,0,
721,0.5,15.0,45,0.19133333333333333,600.0,0.0,0.0,192.0,0,0,
722,0.5,20.0,45,0.21183333333333335,600.0,0.0,0.0,184.0,0,0,
723,0.5,25.0,45,0.21266666666666667,600.0,0.0,0.0,310.0,0,0,
724,1.0,10.0,45,0.35233333333333333,600.0,2.0,0.1,531.0,0,0,
725,1.0,15.0,45,0.3209166666666667,600.0,2.0,0.1,574.0,0,0,
726,1.0,20.0,45,0.30875,600.0,2.0,0.1,291.0,0,0,
727,1.0,25.0,45,0.32508333333333334,600.0,2.0,0.1,296.0,0,0,
728,1.5,10.0,45,0.37499999999999994,600.0,7.0,0.2333333333333333,111.0,0,0,
729,1.5,15.0,45,0.4156111111111111,600.0,6.0,0.2,284.0,0,0,
730,1.5,20.0,45,0.4205555555555555,600.0,5.0,0.1666666666666666,223.0,0,0,
731,1.5,25.0,45,0.4198333333333333,600.0,6.0,0.2,237.0,0,0,
732,2.0,10.0,45,0.5602083333333333,600.0,17.0,0.425,241.0,0,0,
733,2.0,15.0,45,0.5347083333333333,600.0,16.0,0.4,194.0,0,0,
734,2.0,20.0,45,0.5271666666666667,600.0,17.0,0.425,106.0,0,0,
735,2.0,25.0,45,0.5799583333333334,600.0,20.0,0.5,121.0,0,0,
736,0.5,10.0,46,0.20733333333333334,600.0,0.0,0.0,212.0,0,0,
737,0.5,15.0,46,0.165,600.0,0.0,0.0,123.0,0,0,
738,0.5,20.0,46,0.2275,600.0,0.0,0.0,295.0,0,0,
739,0.5,25.0,46,0.16433333333333333,600.0,0.0,0.0,129.0,0,0,
740,1.0,10.0,46,0.3334166666666667,600.0,0.0,0.0,429.0,0,0,
741,1.0,15.0,46,0.36508333333333337,600.0,4.0,0.2,,0,0,
742,1.0,20.0,46,0.34608333333333335,600.0,2.0,0.1,495.0,0,0,
743,1.0,25.0,46,0.3005833333333333,600.0,0.0,0.0,293.0,0,0,
744,1.5,10.0,46,0.42011111111111105,600.0,8.0,0.2666666666666666,239.0,0,0,
745,1.5,15.0,46,0.3981666666666666,600.0,8.0,0.2666666666666666,200.0,0,0,
746,1.5,20.0,46,0.4648888888888889,600.0,9.0,0.3,305.0,0,0,
747,1.5,25.0,46,0.40149999999999997,600.0,8.0,0.2666666666666666,177.0,0,0,
748,2.0,10.0,46,0.5077916666666666,600.0,16.0,0.4,156.0,0,0,
749,2.0,15.0,46,0.521875,600.0,16.0,0.4,228.0,0,0,
750,2.0,20.0,46,0.5625833333333333,600.0,19.0,0.475,223.0,0,0,
751,2.0,25.0,46,0.5591666666666667,600.0,19.0,0.475,155.0,0,0,
752,0.5,10.0,47,0.1825,600.0,0.0,0.0,188.0,0,0,
753,0.5,15.0,47,0.16633333333333333,600.0,0.0,0.0,161.0,0,0,
754,0.5,20.0,47,0.17133333333333334,600.0,0.0,0.0,229.0,0,0,
755,0.5,25.0,47,0.18733333333333335,600.0,0.0,0.0,191.0,0,0,
756,1.0,10.0,47,0.26,600.0,2.0,0.1,295.0,0,0,
757,1.0,15.0,47,0.30408333333333337,600.0,0.0,0.0,412.0,0,0,
758,1.0,20.0,47,0.30474999999999997,600.0,2.0,0.1,317.0,0,0,
759,1.0,25.0,47,0.3621666666666667,600.0,1.0,0.05,527.0,0,0,
760,1.5,10.0,47,0.37472222222222223,600.0,5.0,0.1666666666666666,117.0,0,0,
761,1.5,15.0,47,0.5646666666666667,600.0,12.0,0.4,463.0,0,0,
762,1.5,20.0,47,0.3391666666666666,600.0,4.0,0.1333333333333333,153.0,0,0,
763,1.5,25.0,47,0.461111111111111,600.0,7.0,0.2333333333333333,303.0,0,0,
764,2.0,10.0,47,0.5225416666666667,600.0,16.0,0.4,182.0,0,0,
765,2.0,15.0,47,0.541,600.0,17.0,0.425,217.0,0,0,
766,2.0,20.0,47,0.55325,600.0,17.0,0.425,212.0,0,0,
767,2.0,25.0,47,0.5570833333333334,600.0,15.0,0.375,169.0,0,0,
768,0.5,10.0,48,0.1425,600.0,0.0,0.0,92.0,0,0,
769,0.5,15.0,48,0.15383333333333332,600.0,0.0,0.0,132.0,0,0,
770,0.5,20.0,48,0.14333333333333334,600.0,0.0,0.0,108.0,0,0,
771,0.5,25.0,48,0.12733333333333335,600.0,0.0,0.0,94.0,0,0,
772,1.0,10.0,48,0.32966666666666666,600.0,1.0,0.05,425.0,0,0,
773,1.0,15.0,48,0.30591666666666667,600.0,3.0,0.15,,0,0,
774,1.0,20.0,48,0.382,600.0,5.0,0.25,,0,0,
775,1.0,25.0,48,0.35725,600.0,4.0,0.2,,0,0,
776,1.5,10.0,48,0.44949999999999996,600.0,8.0,0.2666666666666666,255.0,0,0,
777,1.5,15.0,48,0.48566666666666664,600.0,8.0,0.2666666666666666,351.0,0,0,
778,1.5,20.0,48,0.4411111111111111,600.0,9.0,0.3,311.0,0,0,
779,1.5,25.0,48,0.5019444444444445,600.0,11.0,0.3666666666666666,332.0,0,0,
780,2.0,10.0,48,0.5539999999999999,600.0,18.0,0.45,183.0,0,0,
781,2.0,15.0,48,0.5885,600.0,20.0,0.5,258.0,0,0,
782,2.0,20.0,48,0.5785,600.0,19.0,0.475,236.0,0,0,
783,2.0,25.0,48,0.6327083333333333,600.0,19.0,0.475,366.0,0,0,
784,0.5,10.0,49,0.16783333333333333,600.0,0.0,0.0,167.0,0,0,
785,0.5,15.0,49,0.15383333333333332,600.0,0.0,0.0,167.0,0,0,
786,0.5,20.0,49,0.13733333333333334,600.0,0.0,0.0,119.0,0,0,
787,0.5,25.0,49,0.13283333333333333,600.0,0.0,0.0,107.0,0,0,
788,1.0,10.0,49,0.2574166666666666,600.0,1.0,0.05,350.0,0,0,
789,1.0,15.0,49,0.24541666666666667,600.0,0.0,0.0,387.0,0,0,
790,1.0,20.0,49,0.2211666666666667,600.0,1.0,0.05,200.0,0,0,
791,1.0,25.0,49,0.24766666666666665,600.0,1.0,0.05,342.0,0,0,
792,1.5,10.0,49,0.3525,600.0,6.0,0.2,127.0,0,0,
793,1.5,15.0,49,0.37799999999999995,600.0,7.0,0.2333333333333333,121.0,0,0,
794,1.5,20.0,49,0.3416666666666666,600.0,5.0,0.1666666666666666,132.0,0,0,
795,1.5,25.0,49,0.40088888888888885,600.0,5.0,0.1666666666666666,259.0,0,0,
796,2.0,10.0,49,0.49524999999999997,600.0,14.0,0.35,176.0,0,0,
797,2.0,15.0,49,0.4784583333333333,600.0,14.0,0.35,147.0,0,0,
798,2.0,20.0,49,0.5367500000000001,600.0,17.0,0.425,143.0,0,0,
799,2.0,25.0,49,0.41370833333333334,600.0,12.0,0.3,132.0,0,0,
800,0.5,10.0,50,0.09433333333333334,600.0,0.0,0.0,111.0,0,0,
801,0.5,15.0,50,0.10966666666666666,600.0,0.0,0.0,118.0,0,0,
802,0.5,20.0,50,0.15583333333333332,600.0,0.0,0.0,252.0,0,0,
803,0.5,25.0,50,0.1365,600.0,0.0,0.0,200.0,0,0,
804,1.0,10.0,50,0.18475,600.0,0.0,0.0,244.0,0,0,
805,1.0,15.0,50,0.18683333333333332,600.0,0.0,0.0,306.0,0,0,
806,1.0,20.0,50,0.23,600.0,0.0,0.0,254.0,0,0,
807,1.0,25.0,50,0.2609166666666667,600.0,2.0,0.1,410.0,0,0,
808,1.5,10.0,50,0.3501111111111111,600.0,7.0,0.2333333333333333,140.0,0,0,
809,1.5,15.0,50,0.3890555555555555,600.0,7.0,0.2333333333333333,213.0,0,0,
810,1.5,20.0,50,0.3425,600.0,6.0,0.2,156.0,0,0,
811,1.5,25.0,50,0.46366666666666667,600.0,9.0,0.3,320.0,0,0,
812,2.0,10.0,50,0.47495833333333337,600.0,14.0,0.35,85.0,0,0,
813,2.0,15.0,50,0.5216666666666666,600.0,14.0,0.35,167.0,0,0,
814,2.0,20.0,50,0.516375,600.0,16.0,0.4,166.0,0,0,
815,2.0,25.0,50,0.49824999999999997,600.0,13.0,0.325,189.0,0,0,
816,0.5,10.0,51,0.23,600.0,0.0,0.0,309.0,0,0,
817,0.5,15.0,51,0.1985,600.0,0.0,0.0,174.0,0,0,
818,0.5,20.0,51,0.16716666666666666,600.0,0.0,0.0,161.0,0,0,
819,0.5,25.0,51,0.16133333333333333,600.0,0.0,0.0,164.0,0,0,
820,1.0,10.0,51,0.31875,600.0,1.0,0.05,482.0,0,0,
821,1.0,15.0,51,0.2895,600.0,2.0,0.1,472.0,0,0,
822,1.0,20.0,51,0.29741666666666666,600.0,2.0,0.1,489.0,0,0,
823,1.0,25.0,51,0.34058333333333335,600.0,4.0,0.2,,0,0,
824,1.5,10.0,51,0.46699999999999997,600.0,10.0,0.3333333333333333,209.0,0,0,
825,1.5,15.0,51,0.5017222222222222,600.0,10.0,0.3333333333333333,412.0,0,0,
826,1.5,20.0,51,0.5058333333333334,600.0,10.0,0.3333333333333333,364.0,0,0,
827,1.5,25.0,51,0.5087777777777778,600.0,11.0,0.3666666666666666,348.0,0,0,
828,2.0,10.0,51,0.5697916666666667,600.0,19.0,0.475,207.0,0,0,
829,2.0,15.0,51,0.553875,600.0,18.0,0.45,192.0,0,0,
830,2.0,20.0,51,0.5679166666666666,600.0,18.0,0.45,199.0,0,0,
831,2.0,25.0,51,0.5497916666666667,600.0,18.0,0.45,195.0,0,0,
832,0.5,10.0,52,0.20633333333333334,600.0,0.0,0.0,190.0,0,0,
833,0.5,15.0,52,0.11033333333333334,600.0,0.0,0.0,84.0,0,0,
834,0.5,20.0,52,0.10916666666666666,600.0,0.0,0.0,82.0,0,0,
835,0.5,25.0,52,0.24333333333333335,600.0,0.0,0.0,325.0,0,0,
836,1.0,10.0,52,0.27525,600.0,1.0,0.05,317.0,0,0,
837,1.0,15.0,52,0.24908333333333332,600.0,2.0,0.1,320.0,0,0,
838,1.0,20.0,52,0.16091666666666665,600.0,0.0,0.0,166.0,0,0,
839,1.0,25.0,52,0.2769166666666667,600.0,1.0,0.05,329.0,0,0,
840,1.5,10.0,52,0.48222222222222216,600.0,11.0,0.3666666666666666,269.0,0,0,
841,1.5,15.0,52,0.5572777777777778,600.0,13.0,0.4333333333333333,,0,0,
842,1.5,20.0,52,0.4852222222222222,600.0,11.0,0.3666666666666666,245.0,0,0,
843,1.5,25.0,52,0.4496666666666666,600.0,10.0,0.3333333333333333,156.0,0,0,
844,2.0,10.0,52,0.5817083333333334,600.0,21.0,0.525,167.0,0,0,
845,2.0,15.0,52,0.6255416666666667,600.0,22.0,0.55,432.0,0,0,
846,2.0,20.0,52,0.584375,600.0,20.0,0.5,222.0,0,0,
847,2.0,25.0,52,0.5829166666666666,600.0,21.0,0.525,210.0,0,0,
848,0.5,10.0,53,0.15816666666666668,600.0,0.0,0.0,170.0,0,0,
849,0.5,15.0,53,0.19033333333333333,600.0,0.0,0.0,215.0,0,0,
850,0.5,20.0,53,0.1575,600.0,0.0,0.0,193.0,0,0,
851,0.5,25.0,53,0.36583333333333334,600.0,2.0,0.2,,0,0,
852,1.0,10.0,53,0.28650000000000003,600.0,2.0,0.1,448.0,0,0,
853,1.0,15.0,53,0.26475,600.0,3.0,0.15,,0,0,
854,1.0,20.0,53,0.19175,600.0,1.0,0.05,242.0,0,0,
855,1.0,25.0,53,0.23575,600.0,2.0,0.1,274.0,0,0,
856,1.5,10.0,53,0.3947777777777777,600.0,9.0,0.3,184.0,0,0,
857,1.5,15.0,53,0.38049999999999995,600.0,8.0,0.2666666666666666,169.0,0,0,
858,1.5,20.0,53,0.3807222222222222,600.0,7.0,0.2333333333333333,146.0,0,0,
859,1.5,25.0,53,0.35088888888888886,600.0,6.0,0.2,190.0,0,0,
860,2.0,10.0,53,0.5282916666666667,600.0,18.0,0.45,106.0,0,0,
861,2.0,15.0,53,0.5802083333333333,600.0,18.0,0.45,374.0,0,0,
862,2.0,20.0,53,0.56125,600.0,19.0,0.475,240.0,0,0,
863,2.0,25.0,53,0.6077916666666667,600.0,21.0,0.525,356.0,0,0,
864,0.5,10.0,54,0.14866666666666667,600.0,0.0,0.0,222.0,0,0,
865,0.5,15.0,54,0.10483333333333333,600.0,0.0,0.0,121.0,0,0,
866,0.5,20.0,54,0.114,600.0,0.0,0.0,173.0,0,0,
867,0.5,25.0,54,0.14383333333333334,600.0,0.0,0.0,257.0,0,0,
868,1.0,10.0,54,0.29766666666666663,600.0,4.0,0.2,,0,0,
869,1.0,15.0,54,0.2518333333333333,600.0,2.0,0.1,298.0,0,0,
870,1.0,20.0,54,0.3409166666666667,600.0,2.0,0.1,582.0,0,0,
871,1.0,25.0,54,0.317,600.0,4.0,0.2,,0,0,
872,1.5,10.0,54,0.44127777777777777,600.0,9.0,0.3,239.0,0,0,
873,1.5,15.0,54,0.42466666666666664,600.0,9.0,0.3,251.0,0,0,
874,1.5,20.0,54,0.4135,600.0,9.0,0.3,235.0,0,0,
875,1.5,25.0,54,0.37827777777777777,600.0,7.0,0.2333333333333333,199.0,0,0,
876,2.0,10.0,54,0.45116666666666666,600.0,15.0,0.375,84.0,0,0,
877,2.0,15.0,54,0.4400416666666666,600.0,15.0,0.375,89.0,0,0,
878,2.0,20.0,54,0.43775,600.0,15.0,0.375,85.0,0,0,
879,2.0,25.0,54,0.5024166666666666,600.0,16.0,0.4,100.0,0,0,
880,0.5,10.0,55,0.15916666666666668,600.0,0.0,0.0,171.0,0,0,
881,0.5,15.0,55,0.14116666666666666,600.0,0.0,0.0,187.0,0,0,
882,0.5,20.0,55,0.14816666666666667,600.0,0.0,0.0,217.0,0,0,
883,0.5,25.0,55,0.11316666666666668,600.0,0.0,0.0,111.0,0,0,
884,1.0,10.0,55,0.2669166666666667,600.0,1.0,0.05,498.0,0,0,
885,1.0,15.0,55,0.3104166666666667,600.0,3.0,0.15,,0,0,
886,1.0,20.0,55,0.23,600.0,2.0,0.1,244.0,0,0,
887,1.0,25.0,55,0.22108333333333335,600.0,1.0,0.05,340.0,0,0,
888,1.5,10.0,55,0.43394444444444447,600.0,9.0,0.3,215.0,0,0,
889,1.5,15.0,55,0.42288888888888887,600.0,10.0,0.3333333333333333,213.0,0,0,
890,1.5,20.0,55,0.37305555555555553,600.0,8.0,0.2666666666666666,152.0,0,0,
891,1.5,25.0,55,0.4130555555555555,600.0,10.0,0.3333333333333333,165.0,0,0,
892,2.0,10.0,55,0.44316666666666665,600.0,14.0,0.35,123.0,0,0,
893,2.0,15.0,55,0.45208333333333334,600.0,15.0,0.375,57.0,0,0,
894,2.0,20.0,55,0.46475000000000005,600.0,15.0,0.375,52.0,0,0,
895,2.0,25.0,55,0.5140416666666667,600.0,15.0,0.375,234.0,0,0,
896,0.5,10.0,56,0.29433333333333334,600.0,0.0,0.0,365.0,0,0,
897,0.5,15.0,56,0.20916666666666667,600.0,0.0,0.0,173.0,0,0,
898,0.5,20.0,56,0.182,600.0,0.0,0.0,154.0,0,0,
899,0.5,25.0,56,0.274,600.0,0.0,0.0,447.0,0,0,
900,1.0,10.0,56,0.33199999999999996,600.0,3.0,0.15,,0,0,
901,1.0,15.0,56,0.38558333333333333,600.0,5.0,0.25,,0,0,
902,1.0,20.0,56,0.23633333333333334,600.0,1.0,0.05,339.0,0,0,
903,1.0,25.0,56,0.4405,600.0,4.0,0.2,,0,0,
904,1.5,10.0,56,0.3937222222222222,600.0,8.0,0.2666666666666666,141.0,0,0,
905,1.5,15.0,56,0.3791666666666666,600.0,6.0,0.2,152.0,0,0,
906,1.5,20.0,56,0.4052222222222222,600.0,8.0,0.2666666666666666,156.0,0,0,
907,1.5,25.0,56,0.47372222222222216,600.0,10.0,0.3333333333333333,241.0,0,0,
908,2.0,10.0,56,0.4901666666666667,600.0,15.0,0.375,108.0,0,0,
909,2.0,15.0,56,0.49304166666666666,600.0,15.0,0.375,108.0,0,0,
910,2.0,20.0,56,0.48841666666666667,600.0,15.0,0.375,144.0,0,0,
911,2.0,25.0,56,0.5665416666666667,600.0,19.0,0.475,218.0,0,0,
912,0.5,10.0,57,0.12166666666666667,600.0,0.0,0.0,111.0,0,0,
913,0.5,15.0,57,0.1715,600.0,0.0,0.0,213.0,0,0,
914,0.5,20.0,57,0.12933333333333333,600.0,0.0,0.0,128.0,0,0,
915,0.5,25.0,57,0.194,600.0,0.0,0.0,291.0,0,0,
916,1.0,10.0,57,0.22025,600.0,1.0,0.05,166.0,0,0,
917,1.0,15.0,57,0.28858333333333336,600.0,1.0,0.05,379.0,0,0,
918,1.0,20.0,57,0.30141666666666667,600.0,2.0,0.1,405.0,0,0,
919,1.0,25.0,57,0.337,600.0,2.0,0.1,582.0,0,0,
920,1.5,10.0,57,0.4542222222222222,600.0,9.0,0.3,221.0,0,0,
921,1.5,15.0,57,0.48088888888888887,600.0,10.0,0.3333333333333333,250.0,0,0,
922,1.5,20.0,57,0.44461111111111107,600.0,9.0,0.3,250.0,0,0,
923,1.5,25.0,57,0.3890555555555555,600.0,8.0,0.2666666666666666,172.0,0,0,
924,2.0,10.0,57,0.57425,600.0,19.0,0.475,214.0,0,0,
925,2.0,15.0,57,0.608,600.0,21.0,0.525,207.0,0,0,
926,2.0,20.0,57,0.5972500000000001,600.0,20.0,0.5,247.0,0,0,
927,2.0,25.0,57,0.5812083333333333,600.0,19.0,0.475,260.0,0,0,
928,0.5,10.0,58,0.12183333333333332,600.0,0.0,0.0,159.0,0,0,
929,0.5,15.0,58,0.12416666666666666,600.0,0.0,0.0,169.0,0,0,
930,0.5,20.0,58,0.10933333333333332,600.0,0.0,0.0,115.0,0,0,
931,0.5,25.0,58,0.2175,600.0,0.0,0.0,387.0,0,0,
932,1.0,10.0,58,0.16766666666666666,600.0,0.0,0.0,170.0,0,0,
933,1.0,15.0,58,0.29333333333333333,600.0,0.0,0.0,390.0,0,0,
934,1.0,20.0,58,0.3621666666666667,600.0,4.0,0.2,,0,0,
935,1.0,25.0,58,0.3140833333333333,600.0,2.0,0.1,364.0,0,0,
936,1.5,10.0,58,0.4287222222222222,600.0,10.0,0.3333333333333333,170.0,0,0,
937,1.5,15.0,58,0.4484444444444444,600.0,10.0,0.3333333333333333,181.0,0,0,
938,1.5,20.0,58,0.4646111111111111,600.0,10.0,0.3333333333333333,275.0,0,0,
939,1.5,25.0,58,0.45072222222222225,600.0,10.0,0.3333333333333333,261.0,0,0,
940,2.0,10.0,58,0.5056666666666666,600.0,18.0,0.45,76.0,0,0,
941,2.0,15.0,58,0.5450833333333334,600.0,18.0,0.45,175.0,0,0,
942,2.0,20.0,58,0.5269583333333333,600.0,17.0,0.425,167.0,0,0,
943,2.0,25.0,58,0.5285,600.0,17.0,0.425,193.0,0,0,
944,0.5,10.0,59,0.07033333333333334,600.0,0.0,0.0,117.0,0,0,
945,0.5,15.0,59,0.0655,600.0,0.0,0.0,91.0,0,0,
946,0.5,20.0,59,0.0645,600.0,0.0,0.0,87.0,0,0,
947,0.5,25.0,59,0.09833333333333333,600.0,0.0,0.0,163.0,0,0,
948,1.0,10.0,59,0.19591666666666666,600.0,1.0,0.05,171.0,0,0,
949,1.0,15.0,59,0.14733333333333334,600.0,0.0,0.0,282.0,0,0,
950,1.0,20.0,59,0.13466666666666666,600.0,0.0,0.0,174.0,0,0,
951,1.0,25.0,59,0.17383333333333334,600.0,0.0,0.0,179.0,0,0,
952,1.5,10.0,59,0.3238888888888889,600.0,6.0,0.2,112.0,0,0,
953,1.5,15.0,59,0.33377777777777773,600.0,7.0,0.2333333333333333,158.0,0,0,
954,1.5,20.0,59,0.3698888888888889,600.0,6.0,0.2,223.0,0,0,
955,1.5,25.0,59,0.3811111111111111,600.0,7.0,0.2333333333333333,208.0,0,0,
956,2.0,10.0,59,0.469125,600.0,16.0,0.4,98.0,0,0,
957,2.0,15.0,59,0.45508333333333334,600.0,15.0,0.375,84.0,0,0,
958,2.0,20.0,59,0.466,600.0,16.0,0.4,78.0,0,0,
959,2.0,25.0,59,0.5020833333333333,600.0,17.0,0.425,133.0,0,0,
960,0.5,10.0,60,0.13133333333333333,600.0,0.0,0.0,170.0,0,0,
961,0.5,15.0,60,0.1275,600.0,0.0,0.0,156.0,0,0,
962,0.5,20.0,60,0.11966666666666666,600.0,0.0,0.0,126.0,0,0,
963,0.5,25.0,60,0.127,600.0,0.0,0.0,139.0,0,0,
964,1.0,10.0,60,0.3109166666666667,600.0,2.0,0.1,466.0,0,0,
965,1.0,15.0,60,0.26641666666666663,600.0,1.0,0.05,292.0,0,0,
966,1.0,20.0,60,0.26316666666666666,600.0,3.0,0.15,,0,0,
967,1.0,25.0,60,0.3974166666666667,600.0,4.0,0.2,,0,0,
968,1.5,10.0,60,0.46705555555555556,600.0,10.0,0.3333333333333333,255.0,0,0,
969,1.5,15.0,60,0.49222222222222217,600.0,9.0,0.3,334.0,0,0,
970,1.5,20.0,60,0.48188888888888887,600.0,10.0,0.3333333333333333,319.0,0,0,
971,1.5,25.0,60,0.46644444444444444,600.0,12.0,0.4,145.0,0,0,
972,2.0,10.0,60,0.50425,600.0,17.0,0.425,137.0,0,0,
973,2.0,15.0,60,0.5095416666666667,600.0,17.0,0.425,126.0,0,0,
974,2.0,20.0,60,0.49654166666666666,600.0,16.0,0.4,144.0,0,0,
975,2.0,25.0,60,0.50425,600.0,16.0,0.4,139.0,0,0,
976,0.5,10.0,61,0.17650000000000002,600.0,0.0,0.0,190.0,0,0,
977,0.5,15.0,61,0.15766666666666665,600.0,0.0,0.0,184.0,0,0,
978,0.5,20.0,61,0.22950000000000004,600.0,0.0,0.0,266.0,0,0,
979,0.5,25.0,61,0.21933333333333332,600.0,0.0,0.0,226.0,0,0,
980,1.0,10.0,61,0.3690833333333333,600.0,4.0,0.2,,0,0,
981,1.0,15.0,61,0.33416666666666667,600.0,2.0,0.1,567.0,0,0,
982,1.0,20.0,61,0.30666666666666664,600.0,3.0,0.15,,0,0,
983,1.0,25.0,61,0.23925000000000002,600.0,2.0,0.1,309.0,0,0,
984,1.5,10.0,61,0.4492222222222222,600.0,11.0,0.3666666666666666,174.0,0,0,
985,1.5,15.0,61,0.45811111111111114,600.0,10.0,0.3333333333333333,297.0,0,0,
986,1.5,20.0,61,0.4608333333333333,600.0,11.0,0.3666666666666666,303.0,0,0,
987,1.5,25.0,61,0.4373888888888889,600.0,8.0,0.2666666666666666,264.0,0,0,
988,2.0,10.0,61,0.520125,600.0,17.0,0.425,164.0,0,0,
989,2.0,15.0,61,0.6098333333333333,600.0,21.0,0.525,385.0,0,0,
990,2.0,20.0,61,0.5793333333333334,600.0,20.0,0.5,235.0,0,0,
991,2.0,25.0,61,0.5635416666666667,600.0,19.0,0.475,178.0,0,0,
992,0.5,10.0,62,0.22033333333333333,600.0,0.0,0.0,196.0,0,0,
993,0.5,15.0,62,0.2225,600.0,0.0,0.0,272.0,0,0,
994,0.5,20.0,62,0.21699999999999997,600.0,0.0,0.0,194.0,0,0,
995,0.5,25.0,62,0.254,600.0,0.0,0.0,405.0,0,0,
996,1.0,10.0,62,0.23650000000000002,600.0,0.0,0.0,298.0,0,0,
997,1.0,15.0,62,0.25,600.0,1.0,0.05,329.0,0,0,
998,1.0,20.0,62,0.35683333333333334,600.0,5.0,0.25,,0,0,
999,1.0,25.0,62,0.28691666666666665,600.0,1.0,0.05,489.0,0,0,
1000,1.5,10.0,62,0.4177222222222222,600.0,8.0,0.2666666666666666,217.0,0,0,
1001,1.5,15.0,62,0.4363888888888889,600.0,7.0,0.2333333333333333,357.0,0,0,
1002,1.5,20.0,62,0.36238888888888887,600.0,6.0,0.2,133.0,0,0,
1003,1.5,25.0,62,0.33561111111111114,600.0,6.0,0.2,101.0,0,0,
1004,2.0,10.0,62,0.5073333333333333,600.0,17.0,0.425,145.0,0,0,
1005,2.0,15.0,62,0.5693333333333334,600.0,19.0,0.475,228.0,0,0,
1006,2.0,20.0,62,0.5227916666666667,600.0,16.0,0.4,210.0,0,0,
1007,2.0,25.0,62,0.5374166666666667,600.0,16.0,0.4,242.0,0,0,
1008,0.5,10.0,63,0.23700000000000002,600.0,0.0,0.0,237.0,0,0,
1009,0.5,15.0,63,0.13583333333333333,600.0,0.0,0.0,108.0,0,0,
1010,0.5,20.0,63,0.10083333333333333,600.0,0.0,0.0,92.0,0,0,
1011,0.5,25.0,63,0.17450000000000002,600.0,0.0,0.0,267.0,0,0,
1012,1.0,10.0,63,0.17541666666666667,600.0,0.0,0.0,243.0,0,0,
1013,1.0,15.0,63,0.32908333333333334,600.0,1.0,0.05,534.0,0,0,
1014,1.0,20.0,63,0.14808333333333332,600.0,0.0,0.0,195.0,0,0,
1015,1.0,25.0,63,0.216,600.0,1.0,0.05,216.0,0,0,
1016,1.5,10.0,63,0.35877777777777775,600.0,6.0,0.2,188.0,0,0,
1017,1.5,15.0,63,0.428,600.0,8.0,0.2666666666666666,266.0,0,0,
1018,1.5,20.0,63,0.4695555555555555,600.0,10.0,0.3333333333333333,266.0,0,0,
1019,1.5,25.0,63,0.46627777777777774,600.0,8.0,0.2666666666666666,307.0,0,0,
1020,2.0,10.0,63,0.5471666666666667,600.0,16.0,0.4,221.0,0,0,
1021,2.0,15.0,63,0.5624583333333334,600.0,17.0,0.425,232.0,0,0,
1022,2.0,20.0,63,0.5751666666666666,600.0,17.0,0.425,282.0,0,0,
1023,2.0,25.0,63,0.6928333333333333,600.0,22.0,0.55,568.0,0,0,
1024,0.5,10.0,64,0.17316666666666666,600.0,0.0,0.0,194.0,0,0,
1025,0.5,15.0,64,0.3428333333333333,600.0,0.0,0.0,409.0,0,0,
1026,0.5,20.0,64,0.17933333333333332,600.0,0.0,0.0,162.0,0,0,
1027,0.5,25.0,64,0.31333333333333335,600.0,0.0,0.0,477.0,0,0,
1028,1.0,10.0,64,0.2965833333333333,600.0,0.0,0.0,338.0,0,0,
1029,1.0,15.0,64,0.24375,600.0,0.0,0.0,320.0,0,0,
1030,1.0,20.0,64,0.27725,600.0,1.0,0.05,416.0,0,0,
1031,1.0,25.0,64,0.28883333333333333,600.0,1.0,0.05,583.0,0,0,
1032,1.5,10.0,64,0.5057777777777778,600.0,9.0,0.3,362.0,0,0,
1033,1.5,15.0,64,0.5196111111111111,600.0,11.0,0.3666666666666666,388.0,0,0,
1034,1.5,20.0,64,0.5623333333333332,600.0,13.0,0.4333333333333333,,0,0,
1035,1.5,25.0,64,0.4184444444444444,600.0,7.0,0.2333333333333333,189.0,0,0,
1036,2.0,10.0,64,0.5655416666666666,600.0,17.0,0.425,214.0,0,0,
1037,2.0,15.0,64,0.6055,600.0,20.0,0.5,241.0,0,0,
1038,2.0,20.0,64,0.5957083333333334,600.0,20.0,0.5,210.0,0,0,
1039,2.0,25.0,64,0.6395416666666666,600.0,23.0,0.575,,0,0,
1040,0.5,10.0,65,0.17116666666666666,600.0,0.0,0.0,249.0,0,0,
1041,0.5,15.0,65,0.1701666666666667,600.0,0.0,0.0,249.0,0,0,
1042,0.5,20.0,65,0.22133333333333335,600.0,0.0,0.0,334.0,0,0,
1043,0.5,25.0,65,0.17383333333333334,600.0,0.0,0.0,162.0,0,0,
1044,1.0,10.0,65,0.32708333333333334,600.0,2.0,0.1,458.0,0,0,
1045,1.0,15.0,65,0.3135833333333333,600.0,2.0,0.1,507.0,0,0,
1046,1.0,20.0,65,0.42925,600.0,5.0,0.25,,0,0,
1047,1.0,25.0,65,0.3511666666666667,600.0,2.0,0.1,376.0,0,0,
1048,1.5,10.0,65,0.47361111111111115,600.0,9.0,0.3,364.0,0,0,
1049,1.5,15.0,65,0.4497777777777778,600.0,9.0,0.3,193.0,0,0,
1050,1.5,20.0,65,0.45788888888888885,600.0,10.0,0.3333333333333333,225.0,0,0,
1051,1.5,25.0,65,0.4953888888888888,600.0,10.0,0.3333333333333333,291.0,0,0,
1052,2.0,10.0,65,0.5004166666666666,600.0,16.0,0.4,127.0,0,0,
1053,2.0,15.0,65,0.4798333333333333,600.0,15.0,0.375,156.0,0,0,
1054,2.0,20.0,65,0.49570833333333336,600.0,17.0,0.425,106.0,0,0,
1055,2.0,25.0,65,0.5856666666666667,600.0,19.0,0.475,292.0,0,0,
1056,0.5,10.0,66,0.09916666666666667,600.0,0.0,0.0,135.0,0,0,
1057,0.5,15.0,66,0.11083333333333334,600.0,0.0,0.0,150.0,0,0,
1058,0.5,20.0,66,0.11900000000000001,600.0,0.0,0.0,196.0,0,0,
1059,0.5,25.0,66,0.206,600.0,1.0,0.1,195.0,0,0,
1060,1.0,10.0,66,0.25633333333333336,600.0,1.0,0.05,436.0,0,0,
1061,1.0,15.0,66,0.24691666666666667,600.0,1.0,0.05,436.0,0,0,
1062,1.0,20.0,66,0.16708333333333333,600.0,0.0,0.0,270.0,0,0,
1063,1.0,25.0,66,0.25025000000000003,600.0,2.0,0.1,290.0,0,0,
1064,1.5,10.0,66,0.3983888888888889,600.0,8.0,0.2666666666666666,109.0,0,0,
1065,1.5,15.0,66,0.39449999999999996,600.0,8.0,0.2666666666666666,121.0,0,0,
1066,1.5,20.0,66,0.40694444444444444,600.0,9.0,0.3,169.0,0,0,
1067,1.5,25.0,66,0.4326666666666666,600.0,9.0,0.3,241.0,0,0,
1068,2.0,10.0,66,0.5245833333333333,600.0,17.0,0.425,179.0,0,0,
1069,2.0,15.0,66,0.5509583333333333,600.0,18.0,0.45,193.0,0,0,
1070,2.0,20.0,66,0.5665416666666667,600.0,18.0,0.45,202.0,0,0,
1071,2.0,25.0,66,0.5330833333333334,600.0,18.0,0.45,95.0,0,0,
1072,0.5,10.0,67,0.1455,600.0,0.0,0.0,199.0,0,0,
1073,0.5,15.0,67,0.14016666666666666,600.0,0.0,0.0,165.0,0,0,
1074,0.5,20.0,67,0.12666666666666668,600.0,0.0,0.0,176.0,0,0,
1075,0.5,25.0,67,0.1706666666666667,600.0,0.0,0.0,110.0,0,0,
1076,1.0,10.0,67,0.259,600.0,2.0,0.1,236.0,0,0,
1077,1.0,15.0,67,0.3903333333333333,600.0,4.0,0.2,,0,0,
1078,1.0,20.0,67,0.44066666666666665,600.0,2.0,0.1,551.0,0,0,
1079,1.0,25.0,67,0.20975,600.0,0.0,0.0,218.0,0,0,
1080,1.5,10.0,67,0.3497222222222222,600.0,6.0,0.2,122.0,0,0,
1081,1.5,15.0,67,0.3417777777777778,600.0,6.0,0.2,150.0,0,0,
1082,1.5,20.0,67,0.37066666666666664,600.0,6.0,0.2,179.0,0,0,
1083,1.5,25.0,67,0.5385,600.0,10.0,0.3333333333333333,420.0,0,0,
1084,2.0,10.0,67,0.5113333333333333,600.0,17.0,0.425,131.0,0,0,
1085,2.0,15.0,67,0.5841666666666666,600.0,19.0,0.475,252.0,0,0,
1086,2.0,20.0,67,0.5250833333333333,600.0,17.0,0.425,166.0,0,0,
1087,2.0,25.0,67,0.5840000000000001,600.0,21.0,0.525,147.0,0,0,
1088,0.5,10.0,68,0.17450000000000002,600.0,0.0,0.0,157.0,0,0,
1089,0.5,15.0,68,0.17666666666666667,600.0,0.0,0.0,184.0,0,0,
1090,0.5,20.0,68,0.15566666666666668,600.0,0.0,0.0,185.0,0,0,
1091,0.5,25.0,68,0.16466666666666666,600.0,0.0,0.0,171.0,0,0,
1092,1.0,10.0,68,0.3115833333333333,600.0,2.0,0.1,484.0,0,0,
1093,1.0,15.0,68,0.3204166666666667,600.0,3.0,0.15,,0,0,
1094,1.0,20.0,68,0.26241666666666663,600.0,2.0,0.1,310.0,0,0,
1095,1.0,25.0,68,0.3428333333333333,600.0,2.0,0.1,432.0,0,0,
1096,1.5,10.0,68,0.4653888888888889,600.0,9.0,0.3,206.0,0,0,
1097,1.5,15.0,68,0.43555555555555553,600.0,8.0,0.2666666666666666,251.0,0,0,
1098,1.5,20.0,68,0.42883333333333323,600.0,8.0,0.2666666666666666,164.0,0,0,
1099,1.5,25.0,68,0.5523333333333333,600.0,12.0,0.4,510.0,0,0,
1100,2.0,10.0,68,0.528875,600.0,17.0,0.425,159.0,0,0,
1101,2.0,15.0,68,0.5481666666666666,600.0,17.0,0.425,157.0,0,0,
1102,2.0,20.0,68,0.5144166666666667,600.0,16.0,0.4,136.0,0,0,
1103,2.0,25.0,68,0.5726249999999999,600.0,18.0,0.45,167.0,0,0,
1104,0.5,10.0,69,0.1855,600.0,0.0,0.0,171.0,0,0,
1105,0.5,15.0,69,0.195,600.0,0.0,0.0,223.0,0,0,
1106,0.5,20.0,69,0.13583333333333333,600.0,0.0,0.0,172.0,0,0,
1107,0.5,25.0,69,0.139,600.0,0.0,0.0,156.0,0,0,
1108,1.0,10.0,69,0.30474999999999997,600.0,2.0,0.1,447.0,0,0,
1109,1.0,15.0,69,0.3171666666666667,600.0,2.0,0.1,385.0,0,0,
1110,1.0,20.0,69,0.20758333333333334,600.0,0.0,0.0,192.0,0,0,
1111,1.0,25.0,69,0.28175,600.0,2.0,0.1,228.0,0,0,
1112,1.5,10.0,69,0.4874444444444444,600.0,10.0,0.3333333333333333,307.0,0,0,
1113,1.5,15.0,69,0.5003333333333333,600.0,11.0,0.3666666666666666,300.0,0,0,
1114,1.5,20.0,69,0.4254444444444444,600.0,7.0,0.2333333333333333,157.0,0,0,
1115,1.5,25.0,69,0.5049444444444445,600.0,10.0,0.3333333333333333,331.0,0,0,
1116,2.0,10.0,69,0.6005833333333334,600.0,16.0,0.4,324.0,0,0,
1117,2.0,15.0,69,0.4762916666666666,600.0,14.0,0.35,103.0,0,0,
1118,2.0,20.0,69,0.48274999999999996,600.0,14.0,0.35,99.0,0,0,
1119,2.0,25.0,69,0.4640833333333333,600.0,13.0,0.325,104.0,0,0,
1120,0.5,10.0,70,0.13716666666666666,600.0,0.0,0.0,141.0,0,0,
1121,0.5,15.0,70,0.10783333333333334,600.0,0.0,0.0,101.0,0,0,
1122,0.5,20.0,70,0.10666666666666667,600.0,0.0,0.0,98.0,0,0,
1123,0.5,25.0,70,0.10550000000000001,600.0,0.0,0.0,96.0,0,0,
1124,1.0,10.0,70,0.22558333333333333,600.0,0.0,0.0,293.0,0,0,
1125,1.0,15.0,70,0.24866666666666665,600.0,1.0,0.05,405.0,0,0,
1126,1.0,20.0,70,0.20633333333333334,600.0,1.0,0.05,205.0,0,0,
1127,1.0,25.0,70,0.28075,600.0,3.0,0.15,,0,0,
1128,1.5,10.0,70,0.4202222222222222,600.0,9.0,0.3,211.0,0,0,
1129,1.5,15.0,70,0.3987222222222222,600.0,8.0,0.2666666666666666,198.0,0,0,
1130,1.5,20.0,70,0.35572222222222216,600.0,7.0,0.2333333333333333,196.0,0,0,
1131,1.5,25.0,70,0.34327777777777774,600.0,7.0,0.2333333333333333,90.0,0,0,
1132,2.0,10.0,70,0.5050833333333333,600.0,17.0,0.425,108.0,0,0,
1133,2.0,15.0,70,0.4945416666666667,600.0,16.0,0.4,147.0,0,0,
1134,2.0,20.0,70,0.5119583333333334,600.0,17.0,0.425,160.0,0,0,
1135,2.0,25.0,70,0.47512499999999996,600.0,16.0,0.4,94.0,0,0,
1136,0.5,10.0,71,0.19349999999999998,600.0,0.0,0.0,212.0,0,0,
1137,0.5,15.0,71,0.17166666666666666,600.0,0.0,0.0,249.0,0,0,
1138,0.5,20.0,71,0.10933333333333332,600.0,0.0,0.0,93.0,0,0,
1139,0.5,25.0,71,0.10566666666666666,600.0,0.0,0.0,95.0,0,0,
1140,1.0,10.0,71,0.35400000000000004,600.0,1.0,0.05,568.0,0,0,
1141,1.0,15.0,71,0.24883333333333335,600.0,1.0,0.05,350.0,0,0,
1142,1.0,20.0,71,0.3595,600.0,1.0,0.05,582.0,0,0,
1143,1.0,25.0,71,0.38741666666666663,600.0,4.0,0.2,,0,0,
1144,1.5,10.0,71,0.4368333333333333,600.0,8.0,0.2666666666666666,281.0,0,0,
1145,1.5,15.0,71,0.5131111111111111,600.0,11.0,0.3666666666666666,383.0,0,0,
1146,1.5,20.0,71,0.4802777777777778,600.0,10.0,0.3333333333333333,258.0,0,0,
1147,1.5,25.0,71,0.4816666666666667,600.0,9.0,0.3,355.0,0,0,
1148,2.0,10.0,71,0.511875,600.0,16.0,0.4,114.0,0,0,
1149,2.0,15.0,71,0.5434166666666667,600.0,17.0,0.425,197.0,0,0,
1150,2.0,20.0,71,0.566125,600.0,16.0,0.4,249.0,0,0,
1151,2.0,25.0,71,0.5579583333333333,600.0,18.0,0.45,181.0,0,0,
1152,0.5,10.0,72,0.16266666666666665,600.0,0.0,0.0,233.0,0,0,
1153,0.5,15.0,72,0.14883333333333332,600.0,0.0,0.0,173.0,0,0,
1154,0.5,20.0,72,0.26466666666666666,600.0,0.0,0.0,404.0,0,0,
1155,0.5,25.0,72,0.19916666666666666,600.0,0.0,0.0,243.0,0,0,
1156,1.0,10.0,72,0.3278333333333333,600.0,3.0,0.15,,0,0,
1157,1.0,15.0,72,0.34741666666666665,600.0,3.0,0.15,,0,0,
1158,1.0,20.0,72,0.3165,600.0,1.0,0.05,366.0,0,0,
1159,1.0,25.0,72,0.42133333333333334,600.0,4.0,0.2,,0,0,
1160,1.5,10.0,72,0.4675555555555555,600.0,10.0,0.3333333333333333,188.0,0,0,
1161,1.5,15.0,72,0.41011111111111104,600.0,8.0,0.2666666666666666,180.0,0,0,
1162,1.5,20.0,72,0.4942222222222222,600.0,9.0,0.3,355.0,0,0,
1163,1.5,25.0,72,0.5114444444444445,600.0,9.0,0.3,451.0,0,0,
1164,2.0,10.0,72,0.5713333333333334,600.0,20.0,0.5,173.0,0,0,
1165,2.0,15.0,72,0.5832499999999999,600.0,20.0,0.5,222.0,0,0,
1166,2.0,20.0,72,0.6035416666666666,600.0,21.0,0.525,328.0,0,0,
1167,2.0,25.0,72,0.7590833333333333,600.0,27.0,0.675,,0,0,
1168,0.5,10.0,73,0.16783333333333333,600.0,0.0,0.0,206.0,0,0,
1169,0.5,15.0,73,0.20299999999999999,600.0,0.0,0.0,187.0,0,0,
1170,0.5,20.0,73,0.13849999999999998,600.0,0.0,0.0,130.0,0,0,
1171,0.5,25.0,73,0.16799999999999998,600.0,0.0,0.0,185.0,0,0,
1172,1.0,10.0,73,0.29275,600.0,3.0,0.15,,0,0,
1173,1.0,15.0,73,0.208,600.0,0.0,0.0,224.0,0,0,
1174,1.0,20.0,73,0.22175000000000003,600.0,1.0,0.05,357.0,0,0,
1175,1.0,25.0,73,0.3225,600.0,2.0,0.1,317.0,0,0,
1176,1.5,10.0,73,0.3978333333333333,600.0,8.0,0.2666666666666666,185.0,0,0,
1177,1.5,15.0,73,0.4095,600.0,9.0,0.3,182.0,0,0,
1178,1.5,20.0,73,0.4356111111111111,600.0,9.0,0.3,204.0,0,0,
1179,1.5,25.0,73,0.3882777777777777,600.0,7.0,0.2333333333333333,165.0,0,0,
1180,2.0,10.0,73,0.47783333333333333,600.0,15.0,0.375,146.0,0,0,
1181,2.0,15.0,73,0.5443333333333333,600.0,18.0,0.45,161.0,0,0,
1182,2.0,20.0,73,0.48574999999999996,600.0,15.0,0.375,147.0,0,0,
1183,2.0,25.0,73,0.5297916666666667,600.0,17.0,0.425,214.0,0,0,
1184,0.5,10.0,74,0.20833333333333334,600.0,0.0,0.0,203.0,0,0,
1185,0.5,15.0,74,0.18916666666666668,600.0,0.0,0.0,205.0,0,0,
1186,0.5,20.0,74,0.14916666666666667,600.0,0.0,0.0,126.0,0,0,
1187,0.5,25.0,74,0.169,600.0,0.0,0.0,142.0,0,0,
1188,1.0,10.0,74,0.28,600.0,1.0,0.05,522.0,0,0,
1189,1.0,15.0,74,0.30924999999999997,600.0,1.0,0.05,551.0,0,0,
1190,1.0,20.0,74,0.3846666666666667,600.0,2.0,0.1,482.0,0,0,
1191,1.0,25.0,74,0.25316666666666665,600.0,1.0,0.05,275.0,0,0,
1192,1.5,10.0,74,0.4131111111111111,600.0,9.0,0.3,136.0,0,0,
1193,1.5,15.0,74,0.47294444444444445,600.0,8.0,0.2666666666666666,353.0,0,0,
1194,1.5,20.0,74,0.3722222222222222,600.0,8.0,0.2666666666666666,98.0,0,0,
1195,1.5,25.0,74,0.4056111111111111,600.0,8.0,0.2666666666666666,165.0,0,0,
1196,2.0,10.0,74,0.5002916666666667,600.0,16.0,0.4,103.0,0,0,
1197,2.0,15.0,74,0.50375,600.0,17.0,0.425,119.0,0,0,
1198,2.0,20.0,74,0.44679166666666664,600.0,15.0,0.375,87.0,0,0,
1199,2.0,25.0,74,0.45379166666666665,600.0,13.0,0.325,146.0,0,0,
1200,0.5,10.0,75,0.19966666666666666,600.0,0.0,0.0,232.0,0,0,
1201,0.5,15.0,75,0.265,600.0,0.0,0.0,443.0,0,0,
1202,0.5,20.0,75,0.16266666666666668,600.0,0.0,0.0,141.0,0,0,
1203,0.5,25.0,75,0.18116666666666667,600.0,0.0,0.0,175.0,0,0,
1204,1.0,10.0,75,0.30266666666666664,600.0,3.0,0.15,,0,0,
1205,1.0,15.0,75,0.2871666666666667,600.0,0.0,0.0,463.0,0,0,
1206,1.0,20.0,75,0.33958333333333335,600.0,3.0,0.15,,0,0,
1207,1.0,25.0,75,0.3526666666666667,600.0,2.0,0.1,574.0,0,0,
1208,1.5,10.0,75,0.4018333333333333,600.0,8.0,0.2666666666666666,186.0,0,0,
1209,1.5,15.0,75,0.5103333333333333,600.0,12.0,0.4,321.0,0,0,
1210,1.5,20.0,75,0.3973333333333333,600.0,8.0,0.2666666666666666,141.0,0,0,
1211,1.5,25.0,75,0.4601666666666666,600.0,10.0,0.3333333333333333,242.0,0,0,
1212,2.0,10.0,75,0.5384166666666667,600.0,19.0,0.475,118.0,0,0,
1213,2.0,15.0,75,0.5681666666666666,600.0,19.0,0.475,178.0,0,0,
1214,2.0,20.0,75,0.5320416666666667,600.0,18.0,0.45,159.0,0,0,
1215,2.0,25.0,75,0.5577083333333334,600.0,17.0,0.425,226.0,0,0,
1216,0.5,10.0,76,0.19283333333333333,600.0,0.0,0.0,187.0,0,0,
1217,0.5,15.0,76,0.19466666666666665,600.0,0.0,0.0,220.0,0,0,
1218,0.5,20.0,76,0.14133333333333334,600.0,0.0,0.0,110.0,0,0,
1219,0.5,25.0,76,0.2755,600.0,1.0,0.1,287.0,0,0,
1220,1.0,10.0,76,0.28191666666666665,600.0,1.0,0.05,341.0,0,0,
1221,1.0,15.0,76,0.31733333333333336,600.0,3.0,0.15,,0,0,
1222,1.0,20.0,76,0.26116666666666666,600.0,1.0,0.05,489.0,0,0,
1223,1.0,25.0,76,0.169,600.0,1.0,0.05,124.0,0,0,
1224,1.5,10.0,76,0.4293888888888889,600.0,9.0,0.3,257.0,0,0,
1225,1.5,15.0,76,0.4275555555555556,600.0,9.0,0.3,146.0,0,0,
1226,1.5,20.0,76,0.45716666666666667,600.0,9.0,0.3,275.0,0,0,
1227,1.5,25.0,76,0.4848333333333333,600.0,10.0,0.3333333333333333,347.0,0,0,
1228,2.0,10.0,76,0.5405833333333334,600.0,19.0,0.475,82.0,0,0,
1229,2.0,15.0,76,0.5517916666666667,600.0,19.0,0.475,110.0,0,0,
1230,2.0,20.0,76,0.55575,600.0,19.0,0.475,116.0,0,0,
1231,2.0,25.0,76,0.5317500000000001,600.0,19.0,0.475,100.0,0,0,
1232,0.5,10.0,77,0.11666666666666667,600.0,0.0,0.0,109.0,0,0,
1233,0.5,15.0,77,0.18483333333333335,600.0,0.0,0.0,183.0,0,0,
1234,0.5,20.0,77,0.15383333333333332,600.0,0.0,0.0,212.0,0,0,
1235,0.5,25.0,77,0.12983333333333336,600.0,0.0,0.0,137.0,0,0,
1236,1.0,10.0,77,0.2776666666666667,600.0,1.0,0.05,294.0,0,0,
1237,1.0,15.0,77,0.25883333333333336,600.0,1.0,0.05,225.0,0,0,
1238,1.0,20.0,77,0.25825,600.0,0.0,0.0,301.0,0,0,
1239,1.0,25.0,77,0.44149999999999995,600.0,6.0,0.3,,0,0,
1240,1.5,10.0,77,0.33149999999999996,600.0,6.0,0.2,116.0,0,0,
1241,1.5,15.0,77,0.3643888888888889,600.0,6.0,0.2,137.0,0,0,
1242,1.5,20.0,77,0.3157777777777777,600.0,5.0,0.1666666666666666,140.0,0,0,
1243,1.5,25.0,77,0.37177777777777776,600.0,6.0,0.2,170.0,0,0,
1244,2.0,10.0,77,0.5182916666666667,600.0,16.0,0.4,163.0,0,0,
1245,2.0,15.0,77,0.4903333333333333,600.0,15.0,0.375,89.0,0,0,
1246,2.0,20.0,77,0.47100000000000003,600.0,15.0,0.375,87.0,0,0,
1247,2.0,25.0,77,0.46808333333333335,600.0,13.0,0.325,165.0,0,0,
1248,0.5,10.0,78,0.1505,600.0,0.0,0.0,161.0,0,0,
1249,0.5,15.0,78,0.15766666666666668,600.0,0.0,0.0,214.0,0,0,
1250,0.5,20.0,78,0.3235,600.0,0.0,0.0,469.0,0,0,
1251,0.5,25.0,78,0.21683333333333332,600.0,0.0,0.0,311.0,0,0,
1252,1.0,10.0,78,0.19858333333333333,600.0,0.0,0.0,201.0,0,0,
1253,1.0,15.0,78,0.2051666666666667,600.0,0.0,0.0,191.0,0,0,
1254,1.0,20.0,78,0.25366666666666665,600.0,2.0,0.1,490.0,0,0,
1255,1.0,25.0,78,0.38108333333333333,600.0,4.0,0.2,,0,0,
1256,1.5,10.0,78,0.4041111111111111,600.0,6.0,0.2,173.0,0,0,
1257,1.5,15.0,78,0.4278888888888888,600.0,7.0,0.2333333333333333,288.0,0,0,
1258,1.5,20.0,78,0.45166666666666666,600.0,9.0,0.3,248.0,0,0,
1259,1.5,25.0,78,0.5647777777777778,600.0,12.0,0.4,535.0,0,0,
1260,2.0,10.0,78,0.5611666666666667,600.0,17.0,0.425,215.0,0,0,
1261,2.0,15.0,78,0.5889166666666668,600.0,18.0,0.45,307.0,0,0,
1262,2.0,20.0,78,0.48850000000000005,600.0,12.0,0.3,116.0,0,0,
1263,2.0,25.0,78,0.48050000000000004,600.0,13.0,0.325,125.0,0,0,
1264,0.5,10.0,79,0.12349999999999998,600.0,0.0,0.0,118.0,0,0,
1265,0.5,15.0,79,0.15083333333333335,600.0,0.0,0.0,186.0,0,0,
1266,0.5,20.0,79,0.13083333333333333,600.0,0.0,0.0,132.0,0,0,
1267,0.5,25.0,79,0.147,600.0,0.0,0.0,163.0,0,0,
1268,1.0,10.0,79,0.24550000000000002,600.0,0.0,0.0,320.0,0,0,
1269,1.0,15.0,79,0.3070833333333333,600.0,0.0,0.0,366.0,0,0,
1270,1.0,20.0,79,0.27199999999999996,600.0,0.0,0.0,397.0,0,0,
1271,1.0,25.0,79,0.3468333333333333,600.0,3.0,0.15,,0,0,
1272,1.5,10.0,79,0.39866666666666667,600.0,6.0,0.2,183.0,0,0,
1273,1.5,15.0,79,0.3800555555555555,600.0,7.0,0.2333333333333333,168.0,0,0,
1274,1.5,20.0,79,0.48955555555555547,600.0,11.0,0.3666666666666666,444.0,0,0,
1275,1.5,25.0,79,0.5534444444444444,600.0,15.0,0.5,,0,0,
1276,2.0,10.0,79,0.490125,600.0,14.0,0.35,137.0,0,0,
1277,2.0,15.0,79,0.49537500000000007,600.0,16.0,0.4,133.0,0,0,
1278,2.0,20.0,79,0.5369166666666666,600.0,17.0,0.425,217.0,0,0,
1279,2.0,25.0,79,0.47774999999999995,600.0,12.0,0.3,188.0,0,0,
1280,0.5,10.0,80,0.208,600.0,0.0,0.0,259.0,0,0,
1281,0.5,15.0,80,0.21266666666666667,600.0,0.0,0.0,240.0,0,0,
1282,0.5,20.0,80,0.1345,600.0,0.0,0.0,112.0,0,0,
1283,0.5,25.0,80,0.13633333333333333,600.0,0.0,0.0,112.0,0,0,
1284,1.0,10.0,80,0.25725,600.0,1.0,0.05,365.0,0,0,
1285,1.0,15.0,80,0.2306666666666667,600.0,1.0,0.05,390.0,0,0,
1286,1.0,20.0,80,0.37816666666666665,600.0,5.0,0.25,,0,0,
1287,1.0,25.0,80,0.26925000000000004,600.0,2.0,0.1,409.0,0,0,
1288,1.5,10.0,80,0.3695,600.0,5.0,0.1666666666666666,185.0,0,0,
1289,1.5,15.0,80,0.30955555555555553,600.0,5.0,0.1666666666666666,110.0,0,0,
1290,1.5,20.0,80,0.4620555555555556,600.0,6.0,0.2,398.0,0,0,
1291,1.5,25.0,80,0.4471666666666667,600.0,7.0,0.2333333333333333,324.0,0,0,
1292,2.0,10.0,80,0.49225,600.0,15.0,0.375,160.0,0,0,
1293,2.0,15.0,80,0.622,600.0,21.0,0.525,334.0,0,0,
1294,2.0,20.0,80,0.5,600.0,15.0,0.375,138.0,0,0,
1295,2.0,25.0,80,0.6144166666666667,600.0,19.0,0.475,344.0,0,0,
1296,0.5,10.0,81,0.15566666666666668,600.0,0.0,0.0,211.0,0,0,
1297,0.5,15.0,81,0.16333333333333333,600.0,0.0,0.0,220.0,0,0,
1298,0.5,20.0,81,0.132,600.0,0.0,0.0,162.0,0,0,
1299,0.5,25.0,81,0.12533333333333332,600.0,0.0,0.0,135.0,0,0,
1300,1.0,10.0,81,0.27825,600.0,2.0,0.1,325.0,0,0,
1301,1.0,15.0,81,0.25166666666666665,600.0,0.0,0.0,438.0,0,0,
1302,1.0,20.0,81,0.2955833333333333,600.0,3.0,0.15,,0,0,
1303,1.0,25.0,81,0.31125,600.0,4.0,0.2,,0,0,
1304,1.5,10.0,81,0.4368888888888889,600.0,7.0,0.2333333333333333,305.0,0,0,
1305,1.5,15.0,81,0.41816666666666663,600.0,7.0,0.2333333333333333,250.0,0,0,
1306,1.5,20.0,81,0.3955,600.0,6.0,0.2,267.0,0,0,
1307,1.5,25.0,81,0.46561111111111114,600.0,10.0,0.3333333333333333,271.0,0,0,
1308,2.0,10.0,81,0.589875,600.0,19.0,0.475,217.0,0,0,
1309,2.0,15.0,81,0.5795,600.0,19.0,0.475,177.0,0,0,
1310,2.0,20.0,81,0.626125,600.0,19.0,0.475,269.0,0,0,
1311,2.0,25.0,81,0.6755833333333333,600.0,24.0,0.6,,0,0,
1312,0.5,10.0,82,0.16149999999999998,600.0,0.0,0.0,153.0,0,0,
1313,0.5,15.0,82,0.1775,600.0,0.0,0.0,174.0,0,0,
1314,0.5,20.0,82,0.15233333333333335,600.0,0.0,0.0,201.0,0,0,
1315,0.5,25.0,82,0.13916666666666666,600.0,0.0,0.0,156.0,0,0,
1316,1.0,10.0,82,0.29625,600.0,2.0,0.1,378.0,0,0,
1317,1.0,15.0,82,0.2915833333333333,600.0,1.0,0.05,477.0,0,0,
1318,1.0,20.0,82,0.2569166666666667,600.0,1.0,0.05,210.0,0,0,
1319,1.0,25.0,82,0.278,600.0,2.0,0.1,273.0,0,0,
1320,1.5,10.0,82,0.4527222222222222,600.0,10.0,0.3333333333333333,204.0,0,0,
1321,1.5,15.0,82,0.4802777777777777,600.0,10.0,0.3333333333333333,297.0,0,0,
1322,1.5,20.0,82,0.4551666666666666,600.0,10.0,0.3333333333333333,258.0,0,0,
1323,1.5,25.0,82,0.44155555555555553,600.0,10.0,0.3333333333333333,204.0,0,0,
1324,2.0,10.0,82,0.5398333333333333,600.0,18.0,0.45,130.0,0,0,
1325,2.0,15.0,82,0.5492083333333333,600.0,18.0,0.45,146.0,0,0,
1326,2.0,20.0,82,0.5691666666666667,600.0,19.0,0.475,191.0,0,0,
1327,2.0,25.0,82,0.5959583333333334,600.0,19.0,0.475,317.0,0,0,
1328,0.5,10.0,83,0.18466666666666667,600.0,0.0,0.0,242.0,0,0,
1329,0.5,15.0,83,0.17316666666666666,600.0,0.0,0.0,204.0,0,0,
1330,0.5,20.0,83,0.20616666666666666,600.0,0.0,0.0,241.0,0,0,
1331,0.5,25.0,83,0.18533333333333335,600.0,0.0,0.0,190.0,0,0,
1332,1.0,10.0,83,0.3375,600.0,2.0,0.1,578.0,0,0,
1333,1.0,15.0,83,0.24800000000000003,600.0,0.0,0.0,244.0,0,0,
1334,1.0,20.0,83,0.3779166666666667,600.0,5.0,0.25,,0,0,
1335,1.0,25.0,83,0.43274999999999997,600.0,3.0,0.15,,0,0,
1336,1.5,10.0,83,0.5012222222222222,600.0,11.0,0.3666666666666666,365.0,0,0,
1337,1.5,15.0,83,0.5136111111111111,600.0,12.0,0.4,539.0,0,0,
1338,1.5,20.0,83,0.5195,600.0,12.0,0.4,439.0,0,0,
1339,1.5,25.0,83,0.4279444444444444,600.0,10.0,0.3333333333333333,105.0,0,0,
1340,2.0,10.0,83,0.6294583333333333,600.0,21.0,0.525,395.0,0,0,
1341,2.0,15.0,83,0.6037916666666667,600.0,20.0,0.5,187.0,0,0,
1342,2.0,20.0,83,0.5821666666666667,600.0,20.0,0.5,194.0,0,0,
1343,2.0,25.0,83,0.6004583333333333,600.0,20.0,0.5,287.0,0,0,
1344,0.5,10.0,84,0.13416666666666666,600.0,0.0,0.0,101.0,0,0,
1345,0.5,15.0,84,0.2346666666666667,600.0,0.0,0.0,322.0,0,0,
1346,0.5,20.0,84,0.12183333333333332,600.0,0.0,0.0,107.0,0,0,
1347,0.5,25.0,84,0.13033333333333333,600.0,0.0,0.0,121.0,0,0,
1348,1.0,10.0,84,0.28125,600.0,0.0,0.0,320.0,0,0,
1349,1.0,15.0,84,0.21091666666666667,600.0,0.0,0.0,238.0,0,0,
1350,1.0,20.0,84,0.15525,600.0,0.0,0.0,147.0,0,0,
1351,1.0,25.0,84,0.32475,600.0,2.0,0.1,443.0,0,0,
1352,1.5,10.0,84,0.29877777777777775,600.0,5.0,0.1666666666666666,102.0,0,0,
1353,1.5,15.0,84,0.29427777777777775,600.0,5.0,0.1666666666666666,95.0,0,0,
1354,1.5,20.0,84,0.2979444444444444,600.0,4.0,0.1333333333333333,97.0,0,0,
1355,1.5,25.0,84,0.38638888888888884,600.0,7.0,0.2333333333333333,188.0,0,0,
1356,2.0,10.0,84,0.4927916666666667,600.0,13.0,0.325,188.0,0,0,
1357,2.0,15.0,84,0.5174166666666666,600.0,16.0,0.4,144.0,0,0,
1358,2.0,20.0,84,0.44554166666666667,600.0,12.0,0.3,177.0,0,0,
1359,2.0,25.0,84,0.5610833333333333,600.0,18.0,0.45,287.0,0,0,
1360,0.5,10.0,85,0.12866666666666668,600.0,0.0,0.0,129.0,0,0,
1361,0.5,15.0,85,0.14316666666666666,600.0,0.0,0.0,158.0,0,0,
1362,0.5,20.0,85,0.1285,600.0,0.0,0.0,154.0,0,0,
1363,0.5,25.0,85,0.09816666666666667,600.0,0.0,0.0,116.0,0,0,
1364,1.0,10.0,85,0.163,600.0,0.0,0.0,227.0,0,0,
1365,1.0,15.0,85,0.15083333333333335,600.0,0.0,0.0,199.0,0,0,
1366,1.0,20.0,85,0.20991666666666667,600.0,1.0,0.05,347.0,0,0,
1367,1.0,25.0,85,0.19841666666666666,600.0,0.0,0.0,209.0,0,0,
1368,1.5,10.0,85,0.3877777777777778,600.0,6.0,0.2,193.0,0,0,
1369,1.5,15.0,85,0.4420555555555556,600.0,7.0,0.2333333333333333,254.0,0,0,
1370,1.5,20.0,85,0.515,600.0,12.0,0.4,444.0,0,0,
1371,1.5,25.0,85,0.6094444444444443,600.0,16.0,0.5333333333333333,,0,0,
1372,2.0,10.0,85,0.5118333333333334,600.0,17.0,0.425,187.0,0,0,
1373,2.0,15.0,85,0.46770833333333334,600.0,15.0,0.375,88.0,0,0,
1374,2.0,20.0,85,0.556875,600.0,18.0,0.45,175.0,0,0,
1375,2.0,25.0,85,0.6167083333333333,600.0,23.0,0.575,,0,0,
1376,0.5,10.0,86,0.16683333333333333,600.0,0.0,0.0,202.0,0,0,
1377,0.5,15.0,86,0.158,600.0,0.0,0.0,125.0,0,0,
1378,0.5,20.0,86,0.13133333333333333,600.0,0.0,0.0,132.0,0,0,
1379,0.5,25.0,86,0.13133333333333333,600.0,0.0,0.0,124.0,0,0,
1380,1.0,10.0,86,0.29925,600.0,2.0,0.1,454.0,0,0,
1381,1.0,15.0,86,0.1985,600.0,1.0,0.05,166.0,0,0,
1382,1.0,20.0,86,0.26925000000000004,600.0,1.0,0.05,400.0,0,0,
1383,1.0,25.0,86,0.18733333333333335,600.0,0.0,0.0,187.0,0,0,
1384,1.5,10.0,86,0.40788888888888886,600.0,7.0,0.2333333333333333,202.0,0,0,
1385,1.5,15.0,86,0.43805555555555553,600.0,8.0,0.2666666666666666,237.0,0,0,
1386,1.5,20.0,86,0.5080555555555555,600.0,9.0,0.3,318.0,0,0,
1387,1.5,25.0,86,0.41088888888888886,600.0,7.0,0.2333333333333333,222.0,0,0,
1388,2.0,10.0,86,0.48837499999999995,600.0,14.0,0.35,133.0,0,0,
1389,2.0,15.0,86,0.471125,600.0,13.0,0.325,108.0,0,0,
1390,2.0,20.0,86,0.5280416666666666,600.0,17.0,0.425,132.0,0,0,
1391,2.0,25.0,86,0.4784166666666667,600.0,14.0,0.35,128.0,0,0,
1392,0.5,10.0,87,0.15183333333333335,600.0,0.0,0.0,168.0,0,0,
1393,0.5,15.0,87,0.17816666666666667,600.0,0.0,0.0,193.0,0,0,
1394,0.5,20.0,87,0.12316666666666667,600.0,0.0,0.0,118.0,0,0,
1395,0.5,25.0,87,0.15066666666666667,600.0,0.0,0.0,195.0,0,0,
1396,1.0,10.0,87,0.38975,600.0,4.0,0.2,,0,0,
1397,1.0,15.0,87,0.26233333333333336,600.0,2.0,0.1,449.0,0,0,
1398,1.0,20.0,87,0.18033333333333335,600.0,0.0,0.0,167.0,0,0,
1399,1.0,25.0,87,0.2421666666666667,600.0,1.0,0.05,332.0,0,0,
1400,1.5,10.0,87,0.4012222222222222,600.0,8.0,0.2666666666666666,201.0,0,0,
1401,1.5,15.0,87,0.4537777777777778,600.0,9.0,0.3,268.0,0,0,
1402,1.5,20.0,87,0.49122222222222217,600.0,10.0,0.3333333333333333,465.0,0,0,
1403,1.5,25.0,87,0.41355555555555557,600.0,6.0,0.2,323.0,0,0,
1404,2.0,10.0,87,0.5420416666666668,600.0,18.0,0.45,142.0,0,0,
1405,2.0,15.0,87,0.535125,600.0,18.0,0.45,132.0,0,0,
1406,2.0,20.0,87,0.5502916666666667,600.0,19.0,0.475,131.0,0,0,
1407,2.0,25.0,87,0.5589166666666667,600.0,18.0,0.45,164.0,0,0,
1408,0.5,10.0,88,0.10816666666666667,600.0,0.0,0.0,105.0,0,0,
1409,0.5,15.0,88,0.14766666666666667,600.0,0.0,0.0,235.0,0,0,
1410,0.5,20.0,88,0.13783333333333334,600.0,0.0,0.0,189.0,0,0,
1411,0.5,25.0,88,0.08850000000000001,600.0,0.0,0.0,89.0,0,0,
1412,1.0,10.0,88,0.3089166666666667,600.0,2.0,0.1,414.0,0,0,
1413,1.0,15.0,88,0.3413333333333334,600.0,2.0,0.1,475.0,0,0,
1414,1.0,20.0,88,0.3124166666666666,600.0,2.0,0.1,474.0,0,0,
1415,1.0,25.0,88,0.3135833333333333,600.0,3.0,0.15,,0,0,
1416,1.5,10.0,88,0.4632222222222222,600.0,9.0,0.3,320.0,0,0,
1417,1.5,15.0,88,0.4367222222222222,600.0,8.0,0.2666666666666666,254.0,0,0,
1418,1.5,20.0,88,0.41755555555555557,600.0,9.0,0.3,143.0,0,0,
1419,1.5,25.0,88,0.3828333333333333,600.0,8.0,0.2666666666666666,102.0,0,0,
1420,2.0,10.0,88,0.511125,600.0,17.0,0.425,155.0,0,0,
1421,2.0,15.0,88,0.5864583333333333,600.0,20.0,0.5,287.0,0,0,
1422,2.0,20.0,88,0.5900416666666666,600.0,20.0,0.5,264.0,0,0,
1423,2.0,25.0,88,0.6050416666666666,600.0,18.0,0.45,362.0,0,0,
1424,0.5,10.0,89,0.13866666666666666,600.0,0.0,0.0,126.0,0,0,
1425,0.5,15.0,89,0.20900000000000002,600.0,0.0,0.0,232.0,0,0,
1426,0.5,20.0,89,0.18433333333333335,600.0,0.0,0.0,245.0,0,0,
1427,0.5,25.0,89,0.1595,600.0,0.0,0.0,181.0,0,0,
1428,1.0,10.0,89,0.3031666666666667,600.0,2.0,0.1,384.0,0,0,
1429,1.0,15.0,89,0.26266666666666666,600.0,0.0,0.0,354.0,0,0,
1430,1.0,20.0,89,0.3075833333333334,600.0,2.0,0.1,481.0,0,0,
1431,1.0,25.0,89,0.3959166666666667,600.0,3.0,0.15,,0,0,
1432,1.5,10.0,89,0.4075,600.0,8.0,0.2666666666666666,198.0,0,0,
1433,1.5,15.0,89,0.42861111111111105,600.0,8.0,0.2666666666666666,244.0,0,0,
1434,1.5,20.0,89,0.5188333333333333,600.0,10.0,0.3333333333333333,276.0,0,0,
1435,1.5,25.0,89,0.47905555555555557,600.0,8.0,0.2666666666666666,313.0,0,0,
1436,2.0,10.0,89,0.4760833333333333,600.0,15.0,0.375,100.0,0,0,
1437,2.0,15.0,89,0.4927916666666667,600.0,16.0,0.4,113.0,0,0,
1438,2.0,20.0,89,0.5164583333333334,600.0,17.0,0.425,135.0,0,0,
1439,2.0,25.0,89,0.47533333333333333,600.0,16.0,0.4,88.0,0,0,
1440,0.5,10.0,90,0.15783333333333333,600.0,0.0,0.0,113.0,0,0,
1441,0.5,15.0,90,0.12466666666666666,600.0,0.0,0.0,92.0,0,0,
1442,0.5,20.0,90,0.193,600.0,0.0,0.0,237.0,0,0,
1443,0.5,25.0,90,0.127,600.0,0.0,0.0,100.0,0,0,
1444,1.0,10.0,90,0.3384166666666667,600.0,2.0,0.1,589.0,0,0,
1445,1.0,15.0,90,0.24591666666666667,600.0,0.0,0.0,376.0,0,0,
1446,1.0,20.0,90,0.38916666666666666,600.0,4.0,0.2,,0,0,
1447,1.0,25.0,90,0.30591666666666667,600.0,2.0,0.1,459.0,0,0,
1448,1.5,10.0,90,0.43772222222222223,600.0,10.0,0.3333333333333333,226.0,0,0,
1449,1.5,15.0,90,0.45383333333333337,600.0,10.0,0.3333333333333333,279.0,0,0,
1450,1.5,20.0,90,0.43944444444444436,600.0,10.0,0.3333333333333333,146.0,0,0,
1451,1.5,25.0,90,0.42849999999999994,600.0,10.0,0.3333333333333333,183.0,0,0,
1452,2.0,10.0,90,0.5289166666666667,600.0,18.0,0.45,122.0,0,0,
1453,2.0,15.0,90,0.5412083333333333,600.0,19.0,0.475,155.0,0,0,
1454,2.0,20.0,90,0.5482916666666666,600.0,19.0,0.475,131.0,0,0,
1455,2.0,25.0,90,0.5781666666666666,600.0,20.0,0.5,203.0,0,0,
1456,0.5,10.0,91,0.17616666666666667,600.0,0.0,0.0,180.0,0,0,
1457,0.5,15.0,91,0.1665,600.0,0.0,0.0,184.0,0,0,
1458,0.5,20.0,91,0.12866666666666668,600.0,0.0,0.0,120.0,0,0,
1459,0.5,25.0,91,0.1165,600.0,0.0,0.0,114.0,0,0,
1460,1.0,10.0,91,0.28941666666666666,600.0,0.0,0.0,386.0,0,0,
1461,1.0,15.0,91,0.2956666666666667,600.0,1.0,0.05,390.0,0,0,
1462,1.0,20.0,91,0.36683333333333334,600.0,3.0,0.15,,0,0,
1463,1.0,25.0,91,0.26425000000000004,600.0,2.0,0.1,353.0,0,0,
1464,1.5,10.0,91,0.4756666666666666,600.0,9.0,0.3,283.0,0,0,
1465,1.5,15.0,91,0.44583333333333336,600.0,10.0,0.3333333333333333,141.0,0,0,
1466,1.5,20.0,91,0.5245555555555556,600.0,11.0,0.3666666666666666,317.0,0,0,
1467,1.5,25.0,91,0.5425,600.0,9.0,0.3,320.0,0,0,
1468,2.0,10.0,91,0.5675416666666666,600.0,19.0,0.475,247.0,0,0,
1469,2.0,15.0,91,0.5317083333333333,600.0,18.0,0.45,96.0,0,0,
1470,2.0,20.0,91,0.5363749999999999,600.0,18.0,0.45,122.0,0,0,
1471,2.0,25.0,91,0.5572083333333333,600.0,18.0,0.45,92.0,0,0,
1472,0.5,10.0,92,0.10633333333333334,600.0,0.0,0.0,135.0,0,0,
1473,0.5,15.0,92,0.14466666666666667,600.0,0.0,0.0,136.0,0,0,
1474,0.5,20.0,92,0.15183333333333332,600.0,0.0,0.0,149.0,0,0,
1475,0.5,25.0,92,0.15616666666666668,600.0,0.0,0.0,242.0,0,0,
1476,1.0,10.0,92,0.255,600.0,0.0,0.0,302.0,0,0,
1477,1.0,15.0,92,0.21491666666666664,600.0,0.0,0.0,278.0,0,0,
1478,1.0,20.0,92,0.20358333333333334,600.0,1.0,0.05,225.0,0,0,
1479,1.0,25.0,92,0.18158333333333335,600.0,0.0,0.0,267.0,0,0,
1480,1.5,10.0,92,0.41733333333333333,600.0,7.0,0.2333333333333333,216.0,0,0,
1481,1.5,15.0,92,0.41755555555555557,600.0,8.0,0.2666666666666666,239.0,0,0,
1482,1.5,20.0,92,0.4276666666666666,600.0,8.0,0.2666666666666666,199.0,0,0,
1483,1.5,25.0,92,0.44622222222222224,600.0,9.0,0.3,252.0,0,0,
1484,2.0,10.0,92,0.5553333333333333,600.0,19.0,0.475,156.0,0,0,
1485,2.0,15.0,92,0.5589583333333333,600.0,19.0,0.475,142.0,0,0,
1486,2.0,20.0,92,0.5542083333333333,600.0,20.0,0.5,127.0,0,0,
1487,2.0,25.0,92,0.5845000000000001,600.0,21.0,0.525,94.0,0,0,
1488,0.5,10.0,93,0.195,600.0,0.0,0.0,160.0,0,0,
1489,0.5,15.0,93,0.225,600.0,0.0,0.0,207.0,0,0,
1490,0.5,20.0,93,0.189,600.0,0.0,0.0,173.0,0,0,
1491,0.5,25.0,93,0.17099999999999999,600.0,0.0,0.0,130.0,0,0,
1492,1.0,10.0,93,0.31666666666666665,600.0,1.0,0.05,492.0,0,0,
1493,1.0,15.0,93,0.389,600.0,5.0,0.25,,0,0,
1494,1.0,20.0,93,0.31858333333333333,600.0,2.0,0.1,556.0,0,0,
1495,1.0,25.0,93,0.3100833333333334,600.0,2.0,0.1,252.0,0,0,
1496,1.5,10.0,93,0.46544444444444444,600.0,10.0,0.3333333333333333,273.0,0,0,
1497,1.5,15.0,93,0.5162777777777777,600.0,12.0,0.4,322.0,0,0,
1498,1.5,20.0,93,0.4968333333333333,600.0,10.0,0.3333333333333333,324.0,0,0,
1499,1.5,25.0,93,0.5280555555555555,600.0,10.0,0.3333333333333333,363.0,0,0,
1500,2.0,10.0,93,0.5898333333333334,600.0,20.0,0.5,202.0,0,0,
1501,2.0,15.0,93,0.5942500000000001,600.0,20.0,0.5,187.0,0,0,
1502,2.0,20.0,93,0.6128333333333333,600.0,20.0,0.5,288.0,0,0,
1503,2.0,25.0,93,0.5741666666666667,600.0,19.0,0.475,178.0,0,0,
1504,0.5,10.0,94,0.11483333333333334,600.0,0.0,0.0,106.0,0,0,
1505,0.5,15.0,94,0.1325,600.0,0.0,0.0,132.0,0,0,
1506,0.5,20.0,94,0.13566666666666669,600.0,0.0,0.0,182.0,0,0,
1507,0.5,25.0,94,0.1245,600.0,0.0,0.0,103.0,0,0,
1508,1.0,10.0,94,0.2846666666666667,600.0,1.0,0.05,475.0,0,0,
1509,1.0,15.0,94,0.24783333333333332,600.0,0.0,0.0,280.0,0,0,
1510,1.0,20.0,94,0.31516666666666665,600.0,1.0,0.05,335.0,0,0,
1511,1.0,25.0,94,0.39825,600.0,3.0,0.15,,0,0,
1512,1.5,10.0,94,0.4453333333333333,600.0,8.0,0.2666666666666666,245.0,0,0,
1513,1.5,15.0,94,0.44111111111111106,600.0,9.0,0.3,152.0,0,0,
1514,1.5,20.0,94,0.45916666666666667,600.0,9.0,0.3,274.0,0,0,
1515,1.5,25.0,94,0.4571111111111111,600.0,7.0,0.2333333333333333,301.0,0,0,
1516,2.0,10.0,94,0.5305,600.0,16.0,0.4,178.0,0,0,
1517,2.0,15.0,94,0.5283333333333333,600.0,16.0,0.4,175.0,0,0,
1518,2.0,20.0,94,0.60575,600.0,18.0,0.45,251.0,0,0,
1519,2.0,25.0,94,0.634875,600.0,20.0,0.5,396.0,0,0,
1520,0.5,10.0,95,0.10683333333333332,600.0,0.0,0.0,119.0,0,0,
1521,0.5,15.0,95,0.14533333333333334,600.0,0.0,0.0,100.0,0,0,
1522,0.5,20.0,95,0.1406666666666667,600.0,0.0,0.0,192.0,0,0,
1523,0.5,25.0,95,0.14633333333333332,600.0,0.0,0.0,172.0,0,0,
1524,1.0,10.0,95,0.27291666666666664,600.0,1.0,0.05,346.0,0,0,
1525,1.0,15.0,95,0.30541666666666667,600.0,1.0,0.05,427.0,0,0,
1526,1.0,20.0,95,0.31725,600.0,0.0,0.0,487.0,0,0,
1527,1.0,25.0,95,0.47024999999999995,600.0,6.0,0.3,,0,0,
1528,1.5,10.0,95,0.460611111111111,600.0,10.0,0.3333333333333333,207.0,0,0,
1529,1.5,15.0,95,0.424,600.0,10.0,0.3333333333333333,183.0,0,0,
1530,1.5,20.0,95,0.4697777777777777,600.0,9.0,0.3,315.0,0,0,
1531,1.5,25.0,95,0.4498333333333333,600.0,10.0,0.3333333333333333,241.0,0,0,
1532,2.0,10.0,95,0.5072500000000001,600.0,15.0,0.375,137.0,0,0,
1533,2.0,15.0,95,0.6,600.0,18.0,0.45,299.0,0,0,
1534,2.0,20.0,95,0.589375,600.0,20.0,0.5,260.0,0,0,
1535,2.0,25.0,95,0.6305000000000001,600.0,23.0,0.575,,0,0,
1536,0.5,10.0,96,0.20900000000000002,600.0,0.0,0.0,237.0,0,0,
1537,0.5,15.0,96,0.2321666666666667,600.0,0.0,0.0,277.0,0,0,
1538,0.5,20.0,96,0.24949999999999997,600.0,0.0,0.0,380.0,0,0,
1539,0.5,25.0,96,0.18333333333333332,600.0,0.0,0.0,190.0,0,0,
1540,1.0,10.0,96,0.26883333333333337,600.0,2.0,0.1,271.0,0,0,
1541,1.0,15.0,96,0.34575,600.0,3.0,0.15,,0,0,
1542,1.0,20.0,96,0.19641666666666668,600.0,0.0,0.0,251.0,0,0,
1543,1.0,25.0,96,0.29116666666666663,600.0,2.0,0.1,451.0,0,0,
1544,1.5,10.0,96,0.37716666666666665,600.0,6.0,0.2,180.0,0,0,
1545,1.5,15.0,96,0.3977777777777778,600.0,8.0,0.2666666666666666,179.0,0,0,
1546,1.5,20.0,96,0.4002222222222222,600.0,7.0,0.2333333333333333,261.0,0,0,
1547,1.5,25.0,96,0.4140555555555555,600.0,5.0,0.1666666666666666,264.0,0,0,
1548,2.0,10.0,96,0.54625,600.0,18.0,0.45,138.0,0,0,
1549,2.0,15.0,96,0.5185833333333333,600.0,16.0,0.4,161.0,0,0,
1550,2.0,20.0,96,0.5052916666666667,600.0,16.0,0.4,175.0,0,0,
1551,2.0,25.0,96,0.5515000000000001,600.0,16.0,0.4,167.0,0,0,
1552,0.5,10.0,97,0.11216666666666666,600.0,0.0,0.0,120.0,0,0,
1553,0.5,15.0,97,0.09083333333333334,600.0,0.0,0.0,89.0,0,0,
1554,0.5,20.0,97,0.11566666666666668,600.0,0.0,0.0,152.0,0,0,
1555,0.5,25.0,97,0.129,600.0,0.0,0.0,187.0,0,0,
1556,1.0,10.0,97,0.15958333333333333,600.0,0.0,0.0,168.0,0,0,
1557,1.0,15.0,97,0.23650000000000002,600.0,0.0,0.0,330.0,0,0,
1558,1.0,20.0,97,0.195,600.0,1.0,0.05,344.0,0,0,
1559,1.0,25.0,97,0.24633333333333335,600.0,0.0,0.0,390.0,0,0,
1560,1.5,10.0,97,0.3732222222222222,600.0,7.0,0.2333333333333333,119.0,0,0,
1561,1.5,15.0,97,0.3963333333333333,600.0,8.0,0.2666666666666666,162.0,0,0,
1562,1.5,20.0,97,0.39666666666666667,600.0,8.0,0.2666666666666666,167.0,0,0,
1563,1.5,25.0,97,0.41788888888888887,600.0,8.0,0.2666666666666666,183.0,0,0,
1564,2.0,10.0,97,0.49354166666666666,600.0,16.0,0.4,90.0,0,0,
1565,2.0,15.0,97,0.5256666666666666,600.0,15.0,0.375,150.0,0,0,
1566,2.0,20.0,97,0.5433333333333333,600.0,18.0,0.45,170.0,0,0,
1567,2.0,25.0,97,0.5167083333333333,600.0,16.0,0.4,162.0,0,0,
1568,0.5,10.0,98,0.07933333333333334,600.0,0.0,0.0,113.0,0,0,
1569,0.5,15.0,98,0.08066666666666666,600.0,0.0,0.0,122.0,0,0,
1570,0.5,20.0,98,0.08083333333333333,600.0,0.0,0.0,127.0,0,0,
1571,0.5,25.0,98,0.09283333333333334,600.0,0.0,0.0,159.0,0,0,
1572,1.0,10.0,98,0.15575,600.0,0.0,0.0,171.0,0,0,
1573,1.0,15.0,98,0.16741666666666666,600.0,0.0,0.0,181.0,0,0,
1574,1.0,20.0,98,0.31425000000000003,600.0,0.0,0.0,543.0,0,0,
1575,1.0,25.0,98,0.3784166666666667,600.0,4.0,0.2,,0,0,
1576,1.5,10.0,98,0.30994444444444447,600.0,4.0,0.1333333333333333,143.0,0,0,
1577,1.5,15.0,98,0.35688888888888887,600.0,6.0,0.2,206.0,0,0,
1578,1.5,20.0,98,0.36227777777777775,600.0,4.0,0.1333333333333333,218.0,0,0,
1579,1.5,25.0,98,0.43816666666666665,600.0,4.0,0.1333333333333333,313.0,0,0,
1580,2.0,10.0,98,0.43350000000000005,600.0,12.0,0.3,79.0,0,0,
1581,2.0,15.0,98,0.458625,600.0,12.0,0.3,140.0,0,0,
1582,2.0,20.0,98,0.3999166666666667,600.0,11.0,0.275,75.0,0,0,
1583,2.0,25.0,98,0.46225000000000005,600.0,14.0,0.35,65.0,0,0,
1584,0.5,10.0,99,0.12683333333333333,600.0,0.0,0.0,111.0,0,0,
1585,0.5,15.0,99,0.13516666666666668,600.0,0.0,0.0,123.0,0,0,
1586,0.5,20.0,99,0.2995,600.0,0.0,0.0,283.0,0,0,
1587,0.5,25.0,99,0.23266666666666666,600.0,0.0,0.0,224.0,0,0,
1588,1.0,10.0,99,0.26891666666666664,600.0,0.0,0.0,298.0,0,0,
1589,1.0,15.0,99,0.2629166666666667,600.0,1.0,0.05,350.0,0,0,
1590,1.0,20.0,99,0.22983333333333333,600.0,1.0,0.05,249.0,0,0,
1591,1.0,25.0,99,0.2925,600.0,1.0,0.05,381.0,0,0,
1592,1.5,10.0,99,0.3935,600.0,5.0,0.1666666666666666,126.0,0,0,
1593,1.5,15.0,99,0.371,600.0,5.0,0.1666666666666666,160.0,0,0,
1594,1.5,20.0,99,0.3471111111111111,600.0,4.0,0.1333333333333333,157.0,0,0,
1595,1.5,25.0,99,0.358,600.0,6.0,0.2,142.0,0,0,
1596,2.0,10.0,99,0.48554166666666665,600.0,14.0,0.35,167.0,0,0,
1597,2.0,15.0,99,0.5344583333333334,600.0,15.0,0.375,225.0,0,0,
1598,2.0,20.0,99,0.5265,600.0,17.0,0.425,148.0,0,0,
1599,2.0,25.0,99,0.5917916666666666,600.0,21.0,0.525,176.0,0,0,
