RunId,radius_profile,seed,J_delta,final_time_s,final_residual_deficit,final_normalized_deficit,mean_excess_service_units,final_excess_service_units,J_delta_dynamic,time_to_90_percent_nominal_service_s,event_episodes,event_episodes_reaching_90_percent_nominal_service,mean_time_to_90_percent_nominal_service_after_event_s
1,rd10_rp10_nominal,0,0.2456851851851852,1800.0,2.0,0.1,0.16722222222222222,0.0,0.21306944444444445,359.0,4,3,84.33333333333333
2,rd10_rp10_nominal,1,0.2120648148148148,1800.0,2.0,0.1,0.2611111111111111,0.0,0.20643055555555556,306.0,4,4,122.0
3,rd10_rp10_nominal,2,0.25028703703703703,1800.0,2.0,0.1,0.17166666666666666,0.0,0.22763888888888892,408.0,4,4,137.5
4,rd10_rp10_nominal,3,0.24651851851851853,1800.0,1.0,0.05,0.24666666666666667,0.0,0.22194444444444442,482.0,4,3,113.66666666666667
5,rd10_rp10_nominal,4,0.2276111111111111,1800.0,1.0,0.05,0.33611111111111114,0.0,0.218875,249.0,4,2,25.5
6,rd10_rp10_nominal,5,0.2622962962962963,1800.0,1.0,0.05,0.008333333333333333,0.0,0.22498611111111108,1200.0,4,2,61.5
7,rd10_rp10_nominal,6,0.23746296296296296,1800.0,1.0,0.05,0.008333333333333333,0.0,0.21765277777777778,448.0,4,3,114.0
8,rd10_rp10_nominal,7,0.26183333333333336,1800.0,2.0,0.1,0.007222222222222222,0.0,0.22291666666666668,809.0,4,4,144.5
9,rd10_rp10_nominal,8,0.24641666666666667,1800.0,2.0,0.1,0.23722222222222222,0.0,0.22254166666666667,509.0,4,3,125.33333333333333
10,rd10_rp10_nominal,9,0.25249074074074074,1800.0,2.0,0.1,0.31,0.0,0.2363611111111111,314.0,4,3,142.0
11,rd10_rp10_nominal,10,0.27049999999999996,1800.0,1.0,0.05,0.0044444444444444444,0.0,0.24491666666666664,486.0,4,2,129.5
12,rd10_rp10_nominal,11,0.24387962962962964,1800.0,1.0,0.05,0.16777777777777778,0.0,0.21623611111111113,436.0,4,4,102.75
13,rd10_rp10_nominal,12,0.2222407407407407,1800.0,3.0,0.15,0.006666666666666667,0.0,0.23090277777777776,201.0,4,3,123.0
14,rd10_rp10_nominal,13,0.23432407407407405,1800.0,1.0,0.05,0.0038888888888888888,0.0,0.21281944444444445,454.0,4,3,43.666666666666664
15,rd10_rp10_nominal,14,0.24062962962962964,1800.0,1.0,0.05,0.005555555555555556,0.0,0.23152777777777775,272.0,4,3,98.66666666666667
16,rd10_rp10_nominal,15,0.26373148148148146,1800.0,3.0,0.15,0.4816666666666667,0.0,0.2708472222222222,232.0,4,2,97.0
17,rd10_rp10_nominal,16,0.19653703703703704,1800.0,0.0,0.0,0.17444444444444446,0.0,0.21905555555555556,180.0,4,4,164.0
18,rd10_rp10_nominal,17,0.2949629629629629,1800.0,2.0,0.1,0.0077777777777777776,0.0,0.27052777777777776,790.0,4,3,159.33333333333334
19,rd10_rp10_nominal,18,0.24262962962962964,1800.0,2.0,0.1,0.005,0.0,0.2073611111111111,336.0,4,3,74.66666666666667
20,rd10_rp10_nominal,19,0.2956111111111111,1800.0,1.0,0.05,0.0033333333333333335,0.0,0.25366666666666665,560.0,4,3,163.66666666666666
21,rd10_rp10_nominal,20,0.23994444444444443,1800.0,2.0,0.1,0.15777777777777777,0.0,0.24016666666666667,289.0,4,3,78.0
22,rd10_rp10_nominal,21,0.2644444444444444,1800.0,2.0,0.1,0.15777777777777777,0.0,0.23429166666666665,436.0,4,4,140.25
23,rd10_rp10_nominal,22,0.21087037037037037,1800.0,0.0,0.0,0.1711111111111111,0.0,0.21805555555555553,267.0,4,3,151.33333333333334
24,rd10_rp10_nominal,23,0.21260185185185185,1800.0,2.0,0.1,0.008333333333333333,0.0,0.20131944444444444,306.0,4,3,62.666666666666664
25,rd10_rp10_nominal,24,0.23533333333333334,1800.0,0.0,0.0,0.3338888888888889,0.0,0.20579166666666665,456.0,4,4,91.0
26,rd10_rp10_nominal,25,0.2394259259259259,1800.0,1.0,0.05,0.0038888888888888888,0.0,0.2654722222222222,351.0,4,3,128.33333333333334
27,rd10_rp10_nominal,26,0.24837037037037038,1800.0,1.0,0.05,0.0038888888888888888,0.0,0.18438888888888888,749.0,4,4,112.75
28,rd10_rp10_nominal,27,0.2106574074074074,1800.0,1.0,0.05,0.3383333333333333,0.0,0.20456944444444444,204.0,4,3,68.33333333333333
29,rd10_rp10_nominal,28,0.23857407407407408,1800.0,2.0,0.1,0.45055555555555554,0.0,0.21027777777777776,324.0,4,3,64.0
30,rd10_rp10_nominal,29,0.2233148148148148,1800.0,2.0,0.1,0.16833333333333333,0.0,0.20801388888888886,337.0,4,3,153.0
31,rd10_rp10_nominal,30,0.27552777777777776,1800.0,2.0,0.1,0.0038888888888888888,0.0,0.27358333333333335,419.0,4,2,119.5
32,rd10_rp10_nominal,31,0.23499074074074075,1800.0,1.0,0.05,0.16111111111111112,0.0,0.1987361111111111,404.0,4,4,101.25
33,rd10_rp10_nominal,32,0.23336111111111113,1800.0,2.0,0.1,0.0033333333333333335,0.0,0.225375,281.0,4,4,126.25
34,rd10_rp10_nominal,33,0.2412685185185185,1800.0,0.0,0.0,0.006666666666666667,0.0,0.21006944444444442,579.0,4,3,78.66666666666667
35,rd10_rp10_nominal,34,0.3209444444444445,1800.0,2.0,0.1,0.002777777777777778,0.0,0.289625,856.0,4,3,167.0
36,rd10_rp10_nominal,35,0.2819259259259259,1800.0,2.0,0.1,0.011111111111111112,0.0,0.2501388888888889,733.0,4,3,114.66666666666667
37,rd10_rp10_nominal,36,0.21177777777777776,1800.0,0.0,0.0,0.17277777777777778,0.0,0.20504166666666665,391.0,4,3,77.66666666666667
38,rd10_rp10_nominal,37,0.23257407407407407,1800.0,1.0,0.05,0.3388888888888889,0.0,0.2311111111111111,411.0,4,3,129.33333333333334
39,rd10_rp10_nominal,38,0.20149999999999998,1800.0,2.0,0.1,0.4761111111111111,0.0,0.18179166666666668,316.0,4,4,92.5
40,rd10_rp10_nominal,39,0.20559259259259258,1800.0,1.0,0.05,0.5561111111111111,0.0,0.19355555555555556,325.0,4,3,32.0
41,rd10_rp10_nominal,40,0.23375,1800.0,1.0,0.05,0.15222222222222223,0.0,0.19504166666666667,586.0,4,3,110.0
42,rd10_rp10_nominal,41,0.2336574074074074,1800.0,2.0,0.1,0.0033333333333333335,0.0,0.2257361111111111,255.0,4,4,128.5
43,rd10_rp10_nominal,42,0.24894444444444447,1800.0,1.0,0.05,0.002777777777777778,0.0,0.22145833333333334,1090.0,4,3,88.33333333333333
44,rd10_rp10_nominal,43,0.23522222222222222,1800.0,0.0,0.0,0.006666666666666667,0.0,0.22616666666666665,255.0,4,3,40.333333333333336
45,rd10_rp10_nominal,44,0.22498148148148148,1800.0,1.0,0.05,0.002777777777777778,0.0,0.2212222222222222,250.0,4,3,112.0
46,rd10_rp10_nominal,45,0.31922222222222224,1800.0,3.0,0.15,0.2594444444444444,0.0,0.30245833333333333,531.0,4,1,71.0
47,rd10_rp10_nominal,46,0.25869444444444445,1800.0,1.0,0.05,0.415,0.0,0.22112499999999996,429.0,4,3,84.33333333333333
48,rd10_rp10_nominal,47,0.2126111111111111,1800.0,0.0,0.0,0.28944444444444445,0.0,0.18875,295.0,4,4,114.25
49,rd10_rp10_nominal,48,0.2436296296296296,1800.0,1.0,0.05,0.005,0.0,0.20044444444444445,425.0,4,4,99.5
50,rd10_rp10_nominal,49,0.24205555555555555,1800.0,1.0,0.05,0.27666666666666667,0.0,0.23416666666666666,350.0,4,4,182.5
51,rd10_rp10_nominal,50,0.21474074074074076,1800.0,2.0,0.1,0.125,0.0,0.22952777777777778,244.0,4,3,71.33333333333333
52,rd10_rp10_nominal,51,0.2615462962962963,1800.0,1.0,0.05,0.002777777777777778,0.0,0.23277777777777775,482.0,4,3,124.0
53,rd10_rp10_nominal,52,0.2787777777777778,1800.0,2.0,0.1,0.0033333333333333335,0.0,0.2803333333333333,317.0,4,2,45.5
54,rd10_rp10_nominal,53,0.2501851851851852,1800.0,1.0,0.05,0.3327777777777778,0.0,0.23186111111111107,448.0,4,4,134.5
55,rd10_rp10_nominal,54,0.23600925925925925,1800.0,0.0,0.0,0.005555555555555556,0.0,0.20505555555555555,810.0,4,4,114.75
56,rd10_rp10_nominal,55,0.2493425925925926,1800.0,2.0,0.1,0.12,0.0,0.24034722222222218,498.0,4,4,128.75
57,rd10_rp10_nominal,56,0.23336111111111113,1800.0,1.0,0.05,0.15777777777777777,0.0,0.18395833333333333,647.0,4,4,71.0
58,rd10_rp10_nominal,57,0.2183148148148148,1800.0,2.0,0.1,0.11666666666666667,0.0,0.21713888888888888,166.0,4,4,125.5
59,rd10_rp10_nominal,58,0.17350000000000002,1800.0,1.0,0.05,0.0022222222222222222,0.0,0.17620833333333333,170.0,4,4,103.25
60,rd10_rp10_nominal,59,0.2048796296296296,1800.0,2.0,0.1,0.3422222222222222,0.0,0.20919444444444443,171.0,4,4,141.0
61,rd10_rp10_nominal,60,0.2540648148148148,1800.0,0.0,0.0,0.0033333333333333335,0.0,0.2254722222222222,466.0,4,3,122.66666666666667
62,rd10_rp10_nominal,61,0.2910648148148148,1800.0,1.0,0.05,0.0038888888888888888,0.0,0.2518888888888889,1200.0,4,2,33.5
63,rd10_rp10_nominal,62,0.21843518518518518,1800.0,1.0,0.05,0.17333333333333334,0.0,0.20919444444444443,298.0,4,3,83.33333333333333
64,rd10_rp10_nominal,63,0.17519444444444446,1800.0,0.0,0.0,0.007222222222222222,0.0,0.174875,243.0,4,4,99.0
65,rd10_rp10_nominal,64,0.23723148148148146,1800.0,2.0,0.1,0.295,0.0,0.2073888888888889,338.0,4,3,37.666666666666664
66,rd10_rp10_nominal,65,0.24010185185185184,1800.0,2.0,0.1,0.006111111111111111,0.0,0.19644444444444442,458.0,4,4,115.5
67,rd10_rp10_nominal,66,0.26370370370370366,1800.0,1.0,0.05,0.3377777777777778,0.0,0.2671805555555556,436.0,4,3,165.33333333333334
68,rd10_rp10_nominal,67,0.24209259259259258,1800.0,2.0,0.1,0.005555555555555556,0.0,0.23347222222222225,236.0,4,4,169.75
69,rd10_rp10_nominal,68,0.23847222222222222,1800.0,1.0,0.05,0.16444444444444445,0.0,0.20174999999999998,484.0,4,4,104.5
70,rd10_rp10_nominal,69,0.26362037037037034,1800.0,2.0,0.1,0.6666666666666666,0.0,0.24288888888888888,447.0,4,3,96.0
71,rd10_rp10_nominal,70,0.2503518518518518,1800.0,2.0,0.1,0.1738888888888889,0.0,0.26252777777777775,293.0,4,3,75.66666666666667
72,rd10_rp10_nominal,71,0.2710092592592593,1800.0,2.0,0.1,0.0044444444444444444,0.0,0.22930555555555557,568.0,4,4,148.5
73,rd10_rp10_nominal,72,0.2845740740740741,1800.0,1.0,0.05,0.1638888888888889,0.0,0.26281944444444444,835.0,4,3,129.66666666666666
74,rd10_rp10_nominal,73,0.26341666666666663,1800.0,2.0,0.1,0.0044444444444444444,0.0,0.24858333333333335,814.0,4,4,136.5
75,rd10_rp10_nominal,74,0.24041666666666667,1800.0,2.0,0.1,0.0022222222222222222,0.0,0.22045833333333334,522.0,4,4,159.0
76,rd10_rp10_nominal,75,0.25294444444444447,1800.0,2.0,0.1,0.002777777777777778,0.0,0.22791666666666666,773.0,4,4,152.0
77,rd10_rp10_nominal,76,0.24287037037037038,1800.0,2.0,0.1,0.008333333333333333,0.0,0.22318055555555555,341.0,4,3,119.66666666666667
78,rd10_rp10_nominal,77,0.22625925925925924,1800.0,2.0,0.1,0.2683333333333333,0.0,0.2003888888888889,294.0,4,4,114.75
79,rd10_rp10_nominal,78,0.20778703703703702,1800.0,1.0,0.05,0.3238888888888889,0.0,0.21218055555555557,201.0,4,4,124.0
80,rd10_rp10_nominal,79,0.20168518518518516,1800.0,0.0,0.0,0.29055555555555557,0.0,0.17956944444444442,320.0,4,4,87.0
81,rd10_rp10_nominal,80,0.186,1800.0,0.0,0.0,1.0244444444444445,0.0,0.15020833333333333,365.0,4,4,73.25
82,rd10_rp10_nominal,81,0.2358611111111111,1800.0,1.0,0.05,0.16055555555555556,0.0,0.21449999999999997,325.0,4,4,134.75
83,rd10_rp10_nominal,82,0.2535,1800.0,2.0,0.1,0.0044444444444444444,0.0,0.23199999999999998,378.0,4,4,146.25
84,rd10_rp10_nominal,83,0.27985185185185185,1800.0,1.0,0.05,0.0038888888888888888,0.0,0.2508611111111111,578.0,4,2,73.0
85,rd10_rp10_nominal,84,0.25021296296296297,1800.0,1.0,0.05,0.3383333333333333,0.0,0.23448611111111112,320.0,4,3,125.0
86,rd10_rp10_nominal,85,0.18030555555555555,1800.0,0.0,0.0,0.17333333333333334,0.0,0.18875,227.0,4,4,120.75
87,rd10_rp10_nominal,86,0.2577314814814815,1800.0,2.0,0.1,0.3377777777777778,0.0,0.23676388888888888,454.0,4,3,94.33333333333333
88,rd10_rp10_nominal,87,0.28421296296296295,1800.0,0.0,0.0,0.005555555555555556,0.0,0.23131944444444444,790.0,4,3,67.66666666666667
89,rd10_rp10_nominal,88,0.2446574074074074,1800.0,3.0,0.15,0.0038888888888888888,0.0,0.2123611111111111,414.0,4,3,128.0
90,rd10_rp10_nominal,89,0.24327777777777776,1800.0,1.0,0.05,0.30666666666666664,0.0,0.213125,384.0,4,3,88.0
91,rd10_rp10_nominal,90,0.25539814814814815,1800.0,1.0,0.05,0.041666666666666664,0.0,0.21376388888888886,589.0,4,4,121.25
92,rd10_rp10_nominal,91,0.24833333333333332,1800.0,3.0,0.15,0.6327777777777778,0.0,0.22758333333333336,386.0,4,2,31.0
93,rd10_rp10_nominal,92,0.22837962962962963,1800.0,2.0,0.1,0.5788888888888889,0.0,0.21486111111111109,302.0,4,4,136.5
94,rd10_rp10_nominal,93,0.2577685185185185,1800.0,1.0,0.05,0.0011111111111111111,0.0,0.22811111111111113,492.0,4,4,137.5
95,rd10_rp10_nominal,94,0.22060185185185185,1800.0,0.0,0.0,0.008333333333333333,0.0,0.18840277777777778,475.0,4,3,33.333333333333336
96,rd10_rp10_nominal,95,0.24972222222222223,1800.0,2.0,0.1,0.002777777777777778,0.0,0.23791666666666667,346.0,4,3,129.0
97,rd10_rp10_nominal,96,0.23838888888888887,1800.0,1.0,0.05,0.0044444444444444444,0.0,0.22299999999999998,271.0,4,4,137.0
98,rd10_rp10_nominal,97,0.19366666666666665,1800.0,0.0,0.0,0.17166666666666666,0.0,0.2105,168.0,4,4,130.25
99,rd10_rp10_nominal,98,0.18841666666666665,1800.0,1.0,0.05,0.5166666666666667,0.0,0.20454166666666665,171.0,4,4,123.25
100,rd10_rp10_nominal,99,0.22400925925925924,1800.0,1.0,0.05,0.625,0.0,0.20134722222222223,298.0,4,3,78.66666666666667
101,rd25_rp25_potenziato,0,0.19221296296296297,1800.0,1.0,0.05,0.4811111111111111,0.0,0.14419444444444443,309.0,4,4,32.25
102,rd25_rp25_potenziato,1,0.16741666666666669,1800.0,1.0,0.05,0.34833333333333333,0.0,0.13099999999999998,394.0,4,4,27.25
103,rd25_rp25_potenziato,2,0.2214074074074074,1800.0,2.0,0.1,0.3466666666666667,0.0,0.1823611111111111,523.0,4,4,99.25
104,rd25_rp25_potenziato,3,0.17619444444444443,1800.0,0.0,0.0,0.17777777777777778,0.0,0.13904166666666667,390.0,4,4,42.5
105,rd25_rp25_potenziato,4,0.26499074074074075,1800.0,0.0,0.0,0.7905555555555556,0.0,0.17648611111111112,525.0,4,4,74.75
106,rd25_rp25_potenziato,5,0.201,1800.0,0.0,0.0,0.17444444444444446,0.0,0.16691666666666669,456.0,4,3,26.666666666666668
107,rd25_rp25_potenziato,6,0.18044444444444446,1800.0,0.0,0.0,0.17166666666666666,0.0,0.12445833333333332,520.0,4,4,19.75
108,rd25_rp25_potenziato,7,0.15688888888888888,1800.0,0.0,0.0,0.16777777777777778,0.0,0.11833333333333333,294.0,4,4,21.0
109,rd25_rp25_potenziato,8,0.16317592592592592,1800.0,1.0,0.05,0.41833333333333333,0.0,0.15180555555555555,196.0,4,4,27.5
110,rd25_rp25_potenziato,9,0.1952314814814815,1800.0,1.0,0.05,0.3161111111111111,0.0,0.18005555555555555,308.0,4,3,23.333333333333332
111,rd25_rp25_potenziato,10,0.19950925925925928,1800.0,0.0,0.0,0.011111111111111112,0.0,0.1638888888888889,297.0,4,4,76.75
112,rd25_rp25_potenziato,11,0.20270370370370372,1800.0,0.0,0.0,0.02388888888888889,0.0,0.15359722222222222,456.0,4,4,44.5
113,rd25_rp25_potenziato,12,0.1905740740740741,1800.0,1.0,0.05,0.18,0.0,0.16427777777777777,308.0,4,4,58.5
114,rd25_rp25_potenziato,13,0.16305555555555556,1800.0,0.0,0.0,0.02277777777777778,0.0,0.13391666666666666,219.0,4,4,53.25
115,rd25_rp25_potenziato,14,0.20475925925925925,1800.0,1.0,0.05,0.5161111111111111,0.0,0.16126388888888887,297.0,4,3,13.333333333333334
116,rd25_rp25_potenziato,15,0.17796296296296296,1800.0,1.0,0.05,0.6705555555555556,0.0,0.16044444444444445,212.0,4,4,35.75
117,rd25_rp25_potenziato,16,0.1488611111111111,1800.0,0.0,0.0,0.3422222222222222,0.0,0.1455,188.0,4,4,44.0
118,rd25_rp25_potenziato,17,0.22985185185185186,1800.0,1.0,0.05,0.14555555555555555,0.0,0.16219444444444445,660.0,4,4,86.0
119,rd25_rp25_potenziato,18,0.22957407407407407,1800.0,0.0,0.0,0.3277777777777778,0.0,0.1663611111111111,364.0,4,4,64.25
120,rd25_rp25_potenziato,19,0.23225,1800.0,0.0,0.0,0.015555555555555555,0.0,0.18583333333333332,974.0,4,3,28.666666666666668
121,rd25_rp25_potenziato,20,0.16998148148148146,1800.0,0.0,0.0,0.9588888888888889,0.0,0.15297222222222223,284.0,4,4,60.5
122,rd25_rp25_potenziato,21,0.25172222222222224,1800.0,1.0,0.05,0.32944444444444443,0.0,0.15966666666666665,670.0,4,4,56.75
123,rd25_rp25_potenziato,22,0.19094444444444444,1800.0,1.0,0.05,0.34944444444444445,0.0,0.163625,303.0,4,3,58.0
124,rd25_rp25_potenziato,23,0.18835185185185183,1800.0,0.0,0.0,0.24388888888888888,0.0,0.1756111111111111,296.0,4,3,48.0
125,rd25_rp25_potenziato,24,0.2011666666666667,1800.0,1.0,0.05,0.465,0.0,0.1885,248.0,4,4,110.5
126,rd25_rp25_potenziato,25,0.14686111111111114,1800.0,1.0,0.05,0.015555555555555555,0.0,0.14345833333333333,215.0,4,4,24.75
127,rd25_rp25_potenziato,26,0.22924999999999998,1800.0,1.0,0.05,0.010555555555555556,0.0,0.1733333333333333,894.0,4,4,100.75
128,rd25_rp25_potenziato,27,0.20125,1800.0,1.0,0.05,0.3461111111111111,0.0,0.14904166666666666,346.0,4,4,81.0
129,rd25_rp25_potenziato,28,0.2003425925925926,1800.0,0.0,0.0,0.4855555555555556,0.0,0.1448472222222222,396.0,4,4,56.5
130,rd25_rp25_potenziato,29,0.1841574074074074,1800.0,1.0,0.05,0.014444444444444444,0.0,0.17090277777777776,304.0,4,4,80.25
131,rd25_rp25_potenziato,30,0.1910185185185185,1800.0,1.0,0.05,0.012777777777777779,0.0,0.14865277777777777,473.0,4,4,67.5
132,rd25_rp25_potenziato,31,0.2082037037037037,1800.0,1.0,0.05,0.008888888888888889,0.0,0.1465138888888889,355.0,4,4,23.75
133,rd25_rp25_potenziato,32,0.14975,1800.0,0.0,0.0,0.009444444444444445,0.0,0.12408333333333331,284.0,4,4,37.75
134,rd25_rp25_potenziato,33,0.25163888888888886,1800.0,0.0,0.0,0.011666666666666667,0.0,0.18895833333333334,949.0,4,3,20.0
135,rd25_rp25_potenziato,34,0.27220370370370367,1800.0,0.0,0.0,0.01,0.0,0.19980555555555554,867.0,4,4,125.75
136,rd25_rp25_potenziato,35,0.1895462962962963,1800.0,0.0,0.0,0.018333333333333333,0.0,0.1512777777777778,474.0,4,4,52.25
137,rd25_rp25_potenziato,36,0.15787962962962962,1800.0,1.0,0.05,0.012222222222222223,0.0,0.14065277777777777,246.0,4,4,21.75
138,rd25_rp25_potenziato,37,0.18810185185185185,1800.0,1.0,0.05,0.35833333333333334,0.0,0.1406111111111111,434.0,4,4,29.75
139,rd25_rp25_potenziato,38,0.1706851851851852,1800.0,0.0,0.0,1.0694444444444444,0.0,0.13848611111111112,327.0,4,4,26.75
140,rd25_rp25_potenziato,39,0.13675,1800.0,0.0,0.0,0.4938888888888889,0.0,0.11995833333333332,254.0,4,4,24.75
141,rd25_rp25_potenziato,40,0.21380555555555558,1800.0,2.0,0.1,0.017777777777777778,0.0,0.17279166666666665,344.0,4,4,89.5
142,rd25_rp25_potenziato,41,0.22282407407407406,1800.0,0.0,0.0,0.01,0.0,0.17252777777777778,398.0,4,4,75.5
143,rd25_rp25_potenziato,42,0.2180925925925926,1800.0,1.0,0.05,0.006666666666666667,0.0,0.15618055555555554,675.0,4,4,36.25
144,rd25_rp25_potenziato,43,0.22213888888888886,1800.0,1.0,0.05,0.011111111111111112,0.0,0.16045833333333331,697.0,4,4,44.25
145,rd25_rp25_potenziato,44,0.20846296296296293,1800.0,0.0,0.0,0.17944444444444443,0.0,0.1558611111111111,740.0,4,4,53.0
146,rd25_rp25_potenziato,45,0.20032407407407407,1800.0,1.0,0.05,0.49166666666666664,0.0,0.18544444444444444,294.0,4,4,126.5
147,rd25_rp25_potenziato,46,0.1898425925925926,1800.0,0.0,0.0,0.5572222222222222,0.0,0.1390972222222222,282.0,4,4,54.25
148,rd25_rp25_potenziato,47,0.19568518518518518,1800.0,0.0,0.0,0.525,0.0,0.15852777777777777,356.0,4,4,50.5
149,rd25_rp25_potenziato,48,0.22566666666666665,1800.0,1.0,0.05,0.011666666666666667,0.0,0.13474999999999998,637.0,4,4,23.75
150,rd25_rp25_potenziato,49,0.16705555555555554,1800.0,1.0,0.05,0.495,0.0,0.13974999999999999,290.0,4,4,20.0
151,rd25_rp25_potenziato,50,0.16627777777777777,1800.0,1.0,0.05,0.3372222222222222,0.0,0.13108333333333333,331.0,4,4,34.5
152,rd25_rp25_potenziato,51,0.26105555555555554,1800.0,0.0,0.0,0.0077777777777777776,0.0,0.191125,564.0,4,4,73.5
153,rd25_rp25_potenziato,52,0.2540925925925926,1800.0,2.0,0.1,0.07166666666666667,0.0,0.2320972222222222,297.0,4,3,176.0
154,rd25_rp25_potenziato,53,0.17517592592592593,1800.0,1.0,0.05,0.51,0.0,0.16693055555555555,227.0,4,4,59.5
155,rd25_rp25_potenziato,54,0.16128703703703703,1800.0,0.0,0.0,0.17,0.0,0.1361388888888889,256.0,4,4,26.75
156,rd25_rp25_potenziato,55,0.18137962962962964,1800.0,0.0,0.0,0.013888888888888888,0.0,0.1457361111111111,250.0,4,4,38.5
157,rd25_rp25_potenziato,56,0.2121296296296296,1800.0,2.0,0.1,0.006666666666666667,0.0,0.15411111111111112,667.0,4,4,30.25
158,rd25_rp25_potenziato,57,0.17561111111111108,1800.0,0.0,0.0,0.01,0.0,0.143625,293.0,4,4,79.5
159,rd25_rp25_potenziato,58,0.2494074074074074,1800.0,1.0,0.05,0.014444444444444444,0.0,0.19977777777777778,706.0,4,3,62.0
160,rd25_rp25_potenziato,59,0.1544259259259259,1800.0,1.0,0.05,0.3438888888888889,0.0,0.16905555555555557,199.0,4,4,30.75
161,rd25_rp25_potenziato,60,0.22552777777777777,1800.0,1.0,0.05,0.01,0.0,0.16683333333333333,985.0,4,3,33.333333333333336
162,rd25_rp25_potenziato,61,0.22850925925925925,1800.0,0.0,0.0,0.18555555555555556,0.0,0.2087638888888889,395.0,4,3,31.333333333333332
163,rd25_rp25_potenziato,62,0.17282407407407407,1800.0,0.0,0.0,0.21222222222222223,0.0,0.14315277777777777,292.0,4,4,72.25
164,rd25_rp25_potenziato,63,0.19625,1800.0,1.0,0.05,0.005555555555555556,0.0,0.1743333333333333,411.0,4,3,37.666666666666664
165,rd25_rp25_potenziato,64,0.20853703703703705,1800.0,0.0,0.0,0.3827777777777778,0.0,0.1433888888888889,706.0,4,4,43.75
166,rd25_rp25_potenziato,65,0.16629629629629628,1800.0,0.0,0.0,0.01611111111111111,0.0,0.15006944444444442,253.0,4,4,27.0
167,rd25_rp25_potenziato,66,0.15299074074074073,1800.0,1.0,0.05,0.5116666666666667,0.0,0.1561944444444444,204.0,4,4,59.25
168,rd25_rp25_potenziato,67,0.2007037037037037,1800.0,0.0,0.0,0.33944444444444444,0.0,0.15626388888888887,474.0,4,4,57.0
169,rd25_rp25_potenziato,68,0.19997222222222222,1800.0,1.0,0.05,0.013333333333333334,0.0,0.13545833333333335,517.0,4,4,28.25
170,rd25_rp25_potenziato,69,0.19680555555555557,1800.0,1.0,0.05,0.8316666666666667,0.0,0.16274999999999998,286.0,4,4,74.0
171,rd25_rp25_potenziato,70,0.1734351851851852,1800.0,0.0,0.0,0.31333333333333335,0.0,0.1683611111111111,271.0,4,4,68.75
172,rd25_rp25_potenziato,71,0.3165648148148148,1800.0,0.0,0.0,0.17,0.0,0.23951388888888892,1056.0,4,3,56.666666666666664
173,rd25_rp25_potenziato,72,0.24506481481481482,1800.0,1.0,0.05,0.013888888888888888,0.0,0.16243055555555555,788.0,4,4,63.75
174,rd25_rp25_potenziato,73,0.1527777777777778,1800.0,0.0,0.0,0.011111111111111112,0.0,0.136125,204.0,4,4,40.25
175,rd25_rp25_potenziato,74,0.18668518518518518,1800.0,0.0,0.0,0.1738888888888889,0.0,0.13694444444444442,432.0,4,4,79.25
176,rd25_rp25_potenziato,75,0.2574722222222222,1800.0,1.0,0.05,0.012222222222222223,0.0,0.181,644.0,4,4,68.25
177,rd25_rp25_potenziato,76,0.1825,1800.0,1.0,0.05,0.006111111111111111,0.0,0.15020833333333333,533.0,4,4,61.5
178,rd25_rp25_potenziato,77,0.18462037037037038,1800.0,0.0,0.0,0.315,0.0,0.1448472222222222,353.0,4,4,76.5
179,rd25_rp25_potenziato,78,0.16563888888888886,1800.0,1.0,0.05,0.3672222222222222,0.0,0.12704166666666666,283.0,4,4,62.75
180,rd25_rp25_potenziato,79,0.1680925925925926,1800.0,0.0,0.0,0.83,0.0,0.1232222222222222,294.0,4,4,34.0
181,rd25_rp25_potenziato,80,0.13466666666666666,1800.0,1.0,0.05,1.1166666666666667,0.0,0.119875,150.0,4,4,26.25
182,rd25_rp25_potenziato,81,0.25810185185185186,1800.0,1.0,0.05,0.5444444444444444,0.0,0.19081944444444443,749.0,4,4,58.25
183,rd25_rp25_potenziato,82,0.16733333333333333,1800.0,0.0,0.0,0.013888888888888888,0.0,0.15891666666666665,189.0,4,4,45.25
184,rd25_rp25_potenziato,83,0.19275,1800.0,1.0,0.05,0.3511111111111111,0.0,0.17295833333333335,319.0,4,4,94.25
185,rd25_rp25_potenziato,84,0.13547222222222222,1800.0,1.0,0.05,0.8333333333333334,0.0,0.14170833333333333,139.0,4,4,22.0
186,rd25_rp25_potenziato,85,0.17750925925925926,1800.0,1.0,0.05,0.3638888888888889,0.0,0.17263888888888887,290.0,4,4,67.5
187,rd25_rp25_potenziato,86,0.15290740740740738,1800.0,0.0,0.0,0.3466666666666667,0.0,0.14073611111111112,191.0,4,4,28.75
188,rd25_rp25_potenziato,87,0.17977777777777776,1800.0,1.0,0.05,0.015,0.0,0.13820833333333332,431.0,4,4,42.75
189,rd25_rp25_potenziato,88,0.23196296296296298,1800.0,0.0,0.0,0.016666666666666666,0.0,0.15044444444444444,947.0,4,3,19.666666666666668
190,rd25_rp25_potenziato,89,0.19483333333333333,1800.0,0.0,0.0,0.3438888888888889,0.0,0.12624999999999997,358.0,4,4,33.0
191,rd25_rp25_potenziato,90,0.23941666666666667,1800.0,1.0,0.05,0.01,0.0,0.18158333333333335,981.0,4,3,31.0
192,rd25_rp25_potenziato,91,0.17360185185185187,1800.0,1.0,0.05,0.3383333333333333,0.0,0.14865277777777777,337.0,4,4,37.0
193,rd25_rp25_potenziato,92,0.16905555555555557,1800.0,0.0,0.0,0.5094444444444445,0.0,0.16991666666666666,277.0,4,4,69.0
194,rd25_rp25_potenziato,93,0.2554722222222222,1800.0,1.0,0.05,0.17555555555555555,0.0,0.206625,379.0,4,4,96.25
195,rd25_rp25_potenziato,94,0.19714814814814816,1800.0,0.0,0.0,0.011666666666666667,0.0,0.16326388888888888,350.0,4,3,37.0
196,rd25_rp25_potenziato,95,0.1829537037037037,1800.0,0.0,0.0,0.6494444444444445,0.0,0.1455138888888889,428.0,4,4,34.5
197,rd25_rp25_potenziato,96,0.16195370370370368,1800.0,0.0,0.0,0.3433333333333333,0.0,0.11738888888888888,361.0,4,4,39.75
198,rd25_rp25_potenziato,97,0.14639814814814814,1800.0,0.0,0.0,0.185,0.0,0.1336388888888889,198.0,4,4,51.75
199,rd25_rp25_potenziato,98,0.14862037037037037,1800.0,1.0,0.05,0.6233333333333333,0.0,0.1653472222222222,179.0,4,4,56.0
200,rd25_rp25_potenziato,99,0.14341666666666666,1800.0,1.0,0.05,0.7922222222222223,0.0,0.13549999999999998,193.0,4,4,20.75
